History,Player,Actions,Map,Depth,Sons,Parents
/C:JJ/P1:raise2/P2:raise2/P1:c/C:Q/P1:raise4/P2:raise4,1,"['c', 'f']",90,7,[],"[1, 5, 12, 25, 65]"
/C:JJ/P1:raise2/P2:raise2/P1:c/C:Q/P1:raise4,2,"['raise4', 'c', 'f']",259,6,[0],"[5, 12, 25, 65]"
/C:JJ/P1:raise2/P2:raise2/P1:c/C:Q/P1:c/P2:raise4/P1:raise4,2,"['c', 'f']",222,8,[],"[3, 4, 5, 12, 25, 65]"
/C:JJ/P1:raise2/P2:raise2/P1:c/C:Q/P1:c/P2:raise4,1,"['raise4', 'c', 'f']",110,7,[2],"[4, 5, 12, 25, 65]"
/C:JJ/P1:raise2/P2:raise2/P1:c/C:Q/P1:c,2,"['raise4', 'c']",196,6,"[2, 3]","[5, 12, 25, 65]"
/C:JJ/P1:raise2/P2:raise2/P1:c/C:Q,1,"['raise4', 'c']",9,5,"[0, 1, 2, 3, 4]","[12, 25, 65]"
/C:JJ/P1:raise2/P2:raise2/P1:c/C:K/P1:raise4/P2:raise4,1,"['c', 'f']",102,7,[],"[7, 11, 12, 25, 65]"
/C:JJ/P1:raise2/P2:raise2/P1:c/C:K/P1:raise4,2,"['raise4', 'c', 'f']",258,6,[6],"[11, 12, 25, 65]"
/C:JJ/P1:raise2/P2:raise2/P1:c/C:K/P1:c/P2:raise4/P1:raise4,2,"['c', 'f']",286,8,[],"[9, 10, 11, 12, 25, 65]"
/C:JJ/P1:raise2/P2:raise2/P1:c/C:K/P1:c/P2:raise4,1,"['raise4', 'c', 'f']",104,7,[8],"[10, 11, 12, 25, 65]"
/C:JJ/P1:raise2/P2:raise2/P1:c/C:K/P1:c,2,"['raise4', 'c']",229,6,"[8, 9]","[11, 12, 25, 65]"
/C:JJ/P1:raise2/P2:raise2/P1:c/C:K,1,"['raise4', 'c']",1,5,"[6, 7, 8, 9, 10]","[12, 25, 65]"
/C:JJ/P1:raise2/P2:raise2,1,"['c', 'f']",87,3,"[0, 1, 2, 3, 4, 5, 6, 7, 8, 9, 10, 11]","[25, 65]"
/C:JJ/P1:raise2/P2:c/C:Q/P1:raise4/P2:raise4,1,"['c', 'f']",96,6,[],"[14, 18, 25, 65]"
/C:JJ/P1:raise2/P2:c/C:Q/P1:raise4,2,"['raise4', 'c', 'f']",208,5,[13],"[18, 25, 65]"
/C:JJ/P1:raise2/P2:c/C:Q/P1:c/P2:raise4/P1:raise4,2,"['c', 'f']",147,7,[],"[16, 17, 18, 25, 65]"
/C:JJ/P1:raise2/P2:c/C:Q/P1:c/P2:raise4,1,"['raise4', 'c', 'f']",32,6,[15],"[17, 18, 25, 65]"
/C:JJ/P1:raise2/P2:c/C:Q/P1:c,2,"['raise4', 'c']",283,5,"[15, 16]","[18, 25, 65]"
/C:JJ/P1:raise2/P2:c/C:Q,1,"['raise4', 'c']",124,4,"[13, 14, 15, 16, 17]","[25, 65]"
/C:JJ/P1:raise2/P2:c/C:K/P1:raise4/P2:raise4,1,"['c', 'f']",78,6,[],"[20, 24, 25, 65]"
/C:JJ/P1:raise2/P2:c/C:K/P1:raise4,2,"['raise4', 'c', 'f']",244,5,[19],"[24, 25, 65]"
/C:JJ/P1:raise2/P2:c/C:K/P1:c/P2:raise4/P1:raise4,2,"['c', 'f']",145,7,[],"[22, 23, 24, 25, 65]"
/C:JJ/P1:raise2/P2:c/C:K/P1:c/P2:raise4,1,"['raise4', 'c', 'f']",123,6,[21],"[23, 24, 25, 65]"
/C:JJ/P1:raise2/P2:c/C:K/P1:c,2,"['raise4', 'c']",182,5,"[21, 22]","[24, 25, 65]"
/C:JJ/P1:raise2/P2:c/C:K,1,"['raise4', 'c']",129,4,"[19, 20, 21, 22, 23]","[25, 65]"
/C:JJ/P1:raise2,2,"['raise2', 'c', 'f']",162,2,"[0, 1, 2, 3, 4, 5, 6, 7, 8, 9, 10, 11, 12, 13, 14, 15, 16, 17, 18, 19, 20, 21, 22, 23, 24]",[65]
/C:JJ/P1:c/P2:raise2/P1:raise2/P2:c/C:Q/P1:raise4/P2:raise4,1,"['c', 'f']",60,8,[],"[27, 31, 38, 51, 64, 65]"
/C:JJ/P1:c/P2:raise2/P1:raise2/P2:c/C:Q/P1:raise4,2,"['raise4', 'c', 'f']",160,7,[26],"[31, 38, 51, 64, 65]"
/C:JJ/P1:c/P2:raise2/P1:raise2/P2:c/C:Q/P1:c/P2:raise4/P1:raise4,2,"['c', 'f']",223,9,[],"[29, 30, 31, 38, 51, 64, 65]"
/C:JJ/P1:c/P2:raise2/P1:raise2/P2:c/C:Q/P1:c/P2:raise4,1,"['raise4', 'c', 'f']",58,8,[28],"[30, 31, 38, 51, 64, 65]"
/C:JJ/P1:c/P2:raise2/P1:raise2/P2:c/C:Q/P1:c,2,"['raise4', 'c']",255,7,"[28, 29]","[31, 38, 51, 64, 65]"
/C:JJ/P1:c/P2:raise2/P1:raise2/P2:c/C:Q,1,"['raise4', 'c']",107,6,"[26, 27, 28, 29, 30]","[38, 51, 64, 65]"
/C:JJ/P1:c/P2:raise2/P1:raise2/P2:c/C:K/P1:raise4/P2:raise4,1,"['c', 'f']",5,8,[],"[33, 37, 38, 51, 64, 65]"
/C:JJ/P1:c/P2:raise2/P1:raise2/P2:c/C:K/P1:raise4,2,"['raise4', 'c', 'f']",159,7,[32],"[37, 38, 51, 64, 65]"
/C:JJ/P1:c/P2:raise2/P1:raise2/P2:c/C:K/P1:c/P2:raise4/P1:raise4,2,"['c', 'f']",236,9,[],"[35, 36, 37, 38, 51, 64, 65]"
/C:JJ/P1:c/P2:raise2/P1:raise2/P2:c/C:K/P1:c/P2:raise4,1,"['raise4', 'c', 'f']",61,8,[34],"[36, 37, 38, 51, 64, 65]"
/C:JJ/P1:c/P2:raise2/P1:raise2/P2:c/C:K/P1:c,2,"['raise4', 'c']",199,7,"[34, 35]","[37, 38, 51, 64, 65]"
/C:JJ/P1:c/P2:raise2/P1:raise2/P2:c/C:K,1,"['raise4', 'c']",105,6,"[32, 33, 34, 35, 36]","[38, 51, 64, 65]"
/C:JJ/P1:c/P2:raise2/P1:raise2,2,"['c', 'f']",161,4,"[26, 27, 28, 29, 30, 31, 32, 33, 34, 35, 36, 37]","[51, 64, 65]"
/C:JJ/P1:c/P2:raise2/P1:c/C:Q/P1:raise4/P2:raise4,1,"['c', 'f']",43,7,[],"[40, 44, 51, 64, 65]"
/C:JJ/P1:c/P2:raise2/P1:c/C:Q/P1:raise4,2,"['raise4', 'c', 'f']",146,6,[39],"[44, 51, 64, 65]"
/C:JJ/P1:c/P2:raise2/P1:c/C:Q/P1:c/P2:raise4/P1:raise4,2,"['c', 'f']",282,8,[],"[42, 43, 44, 51, 64, 65]"
/C:JJ/P1:c/P2:raise2/P1:c/C:Q/P1:c/P2:raise4,1,"['raise4', 'c', 'f']",19,7,[41],"[43, 44, 51, 64, 65]"
/C:JJ/P1:c/P2:raise2/P1:c/C:Q/P1:c,2,"['raise4', 'c']",163,6,"[41, 42]","[44, 51, 64, 65]"
/C:JJ/P1:c/P2:raise2/P1:c/C:Q,1,"['raise4', 'c']",113,5,"[39, 40, 41, 42, 43]","[51, 64, 65]"
/C:JJ/P1:c/P2:raise2/P1:c/C:K/P1:raise4/P2:raise4,1,"['c', 'f']",17,7,[],"[46, 50, 51, 64, 65]"
/C:JJ/P1:c/P2:raise2/P1:c/C:K/P1:raise4,2,"['raise4', 'c', 'f']",176,6,[45],"[50, 51, 64, 65]"
/C:JJ/P1:c/P2:raise2/P1:c/C:K/P1:c/P2:raise4/P1:raise4,2,"['c', 'f']",262,8,[],"[48, 49, 50, 51, 64, 65]"
/C:JJ/P1:c/P2:raise2/P1:c/C:K/P1:c/P2:raise4,1,"['raise4', 'c', 'f']",24,7,[47],"[49, 50, 51, 64, 65]"
/C:JJ/P1:c/P2:raise2/P1:c/C:K/P1:c,2,"['raise4', 'c']",189,6,"[47, 48]","[50, 51, 64, 65]"
/C:JJ/P1:c/P2:raise2/P1:c/C:K,1,"['raise4', 'c']",119,5,"[45, 46, 47, 48, 49]","[51, 64, 65]"
/C:JJ/P1:c/P2:raise2,1,"['raise2', 'c', 'f']",141,3,"[26, 27, 28, 29, 30, 31, 32, 33, 34, 35, 36, 37, 38, 39, 40, 41, 42, 43, 44, 45, 46, 47, 48, 49, 50]","[64, 65]"
/C:JJ/P1:c/P2:c/C:Q/P1:raise4/P2:raise4,1,"['c', 'f']",108,6,[],"[53, 57, 64, 65]"
/C:JJ/P1:c/P2:c/C:Q/P1:raise4,2,"['raise4', 'c', 'f']",202,5,[52],"[57, 64, 65]"
/C:JJ/P1:c/P2:c/C:Q/P1:c/P2:raise4/P1:raise4,2,"['c', 'f']",230,7,[],"[55, 56, 57, 64, 65]"
/C:JJ/P1:c/P2:c/C:Q/P1:c/P2:raise4,1,"['raise4', 'c', 'f']",49,6,[54],"[56, 57, 64, 65]"
/C:JJ/P1:c/P2:c/C:Q/P1:c,2,"['raise4', 'c']",274,5,"[54, 55]","[57, 64, 65]"
/C:JJ/P1:c/P2:c/C:Q,1,"['raise4', 'c']",131,4,"[52, 53, 54, 55, 56]","[64, 65]"
/C:JJ/P1:c/P2:c/C:K/P1:raise4/P2:raise4,1,"['c', 'f']",101,6,[],"[59, 63, 64, 65]"
/C:JJ/P1:c/P2:c/C:K/P1:raise4,2,"['raise4', 'c', 'f']",213,5,[58],"[63, 64, 65]"
/C:JJ/P1:c/P2:c/C:K/P1:c/P2:raise4/P1:raise4,2,"['c', 'f']",267,7,[],"[61, 62, 63, 64, 65]"
/C:JJ/P1:c/P2:c/C:K/P1:c/P2:raise4,1,"['raise4', 'c', 'f']",14,6,[60],"[62, 63, 64, 65]"
/C:JJ/P1:c/P2:c/C:K/P1:c,2,"['raise4', 'c']",242,5,"[60, 61]","[63, 64, 65]"
/C:JJ/P1:c/P2:c/C:K,1,"['raise4', 'c']",63,4,"[58, 59, 60, 61, 62]","[64, 65]"
/C:JJ/P1:c,2,"['raise2', 'c']",187,2,"[26, 27, 28, 29, 30, 31, 32, 33, 34, 35, 36, 37, 38, 39, 40, 41, 42, 43, 44, 45, 46, 47, 48, 49, 50, 51, 52, 53, 54, 55, 56, 57, 58, 59, 60, 61, 62, 63]",[65]
/C:JJ,1,"['raise2', 'c']",33,1,"[0, 1, 2, 3, 4, 5, 6, 7, 8, 9, 10, 11, 12, 13, 14, 15, 16, 17, 18, 19, 20, 21, 22, 23, 24, 25, 26, 27, 28, 29, 30, 31, 32, 33, 34, 35, 36, 37, 38, 39, 40, 41, 42, 43, 44, 45, 46, 47, 48, 49, 50, 51, 52, 53, 54, 55, 56, 57, 58, 59, 60, 61, 62, 63, 64]",[]
/C:JQ/P1:raise2/P2:raise2/P1:c/C:J/P1:raise4/P2:raise4,1,"['c', 'f']",75,7,[],"[67, 71, 84, 103, 161]"
/C:JQ/P1:raise2/P2:raise2/P1:c/C:J/P1:raise4,2,"['raise4', 'c', 'f']",195,6,[66],"[71, 84, 103, 161]"
/C:JQ/P1:raise2/P2:raise2/P1:c/C:J/P1:c/P2:raise4/P1:raise4,2,"['c', 'f']",153,8,[],"[69, 70, 71, 84, 103, 161]"
/C:JQ/P1:raise2/P2:raise2/P1:c/C:J/P1:c/P2:raise4,1,"['raise4', 'c', 'f']",7,7,[68],"[70, 71, 84, 103, 161]"
/C:JQ/P1:raise2/P2:raise2/P1:c/C:J/P1:c,2,"['raise4', 'c']",271,6,"[68, 69]","[71, 84, 103, 161]"
/C:JQ/P1:raise2/P2:raise2/P1:c/C:J,1,"['raise4', 'c']",0,5,"[66, 67, 68, 69, 70]","[84, 103, 161]"
/C:JQ/P1:raise2/P2:raise2/P1:c/C:Q/P1:raise4/P2:raise4,1,"['c', 'f']",90,7,[],"[73, 77, 84, 103, 161]"
/C:JQ/P1:raise2/P2:raise2/P1:c/C:Q/P1:raise4,2,"['raise4', 'c', 'f']",148,6,[72],"[77, 84, 103, 161]"
/C:JQ/P1:raise2/P2:raise2/P1:c/C:Q/P1:c/P2:raise4/P1:raise4,2,"['c', 'f']",167,8,[],"[75, 76, 77, 84, 103, 161]"
/C:JQ/P1:raise2/P2:raise2/P1:c/C:Q/P1:c/P2:raise4,1,"['raise4', 'c', 'f']",110,7,[74],"[76, 77, 84, 103, 161]"
/C:JQ/P1:raise2/P2:raise2/P1:c/C:Q/P1:c,2,"['raise4', 'c']",173,6,"[74, 75]","[77, 84, 103, 161]"
/C:JQ/P1:raise2/P2:raise2/P1:c/C:Q,1,"['raise4', 'c']",9,5,"[72, 73, 74, 75, 76]","[84, 103, 161]"
/C:JQ/P1:raise2/P2:raise2/P1:c/C:K/P1:raise4/P2:raise4,1,"['c', 'f']",102,7,[],"[79, 83, 84, 103, 161]"
/C:JQ/P1:raise2/P2:raise2/P1:c/C:K/P1:raise4,2,"['raise4', 'c', 'f']",183,6,[78],"[83, 84, 103, 161]"
/C:JQ/P1:raise2/P2:raise2/P1:c/C:K/P1:c/P2:raise4/P1:raise4,2,"['c', 'f']",150,8,[],"[81, 82, 83, 84, 103, 161]"
/C:JQ/P1:raise2/P2:raise2/P1:c/C:K/P1:c/P2:raise4,1,"['raise4', 'c', 'f']",104,7,[80],"[82, 83, 84, 103, 161]"
/C:JQ/P1:raise2/P2:raise2/P1:c/C:K/P1:c,2,"['raise4', 'c']",272,6,"[80, 81]","[83, 84, 103, 161]"
/C:JQ/P1:raise2/P2:raise2/P1:c/C:K,1,"['raise4', 'c']",1,5,"[78, 79, 80, 81, 82]","[84, 103, 161]"
/C:JQ/P1:raise2/P2:raise2,1,"['c', 'f']",87,3,"[66, 67, 68, 69, 70, 71, 72, 73, 74, 75, 76, 77, 78, 79, 80, 81, 82, 83]","[103, 161]"
/C:JQ/P1:raise2/P2:c/C:J/P1:raise4/P2:raise4,1,"['c', 'f']",109,6,[],"[86, 90, 103, 161]"
/C:JQ/P1:raise2/P2:c/C:J/P1:raise4,2,"['raise4', 'c', 'f']",280,5,[85],"[90, 103, 161]"
/C:JQ/P1:raise2/P2:c/C:J/P1:c/P2:raise4/P1:raise4,2,"['c', 'f']",253,7,[],"[88, 89, 90, 103, 161]"
/C:JQ/P1:raise2/P2:c/C:J/P1:c/P2:raise4,1,"['raise4', 'c', 'f']",48,6,[87],"[89, 90, 103, 161]"
/C:JQ/P1:raise2/P2:c/C:J/P1:c,2,"['raise4', 'c']",270,5,"[87, 88]","[90, 103, 161]"
/C:JQ/P1:raise2/P2:c/C:J,1,"['raise4', 'c']",128,4,"[85, 86, 87, 88, 89]","[103, 161]"
/C:JQ/P1:raise2/P2:c/C:Q/P1:raise4/P2:raise4,1,"['c', 'f']",96,6,[],"[92, 96, 103, 161]"
/C:JQ/P1:raise2/P2:c/C:Q/P1:raise4,2,"['raise4', 'c', 'f']",239,5,[91],"[96, 103, 161]"
/C:JQ/P1:raise2/P2:c/C:Q/P1:c/P2:raise4/P1:raise4,2,"['c', 'f']",240,7,[],"[94, 95, 96, 103, 161]"
/C:JQ/P1:raise2/P2:c/C:Q/P1:c/P2:raise4,1,"['raise4', 'c', 'f']",32,6,[93],"[95, 96, 103, 161]"
/C:JQ/P1:raise2/P2:c/C:Q/P1:c,2,"['raise4', 'c']",269,5,"[93, 94]","[96, 103, 161]"
/C:JQ/P1:raise2/P2:c/C:Q,1,"['raise4', 'c']",124,4,"[91, 92, 93, 94, 95]","[103, 161]"
/C:JQ/P1:raise2/P2:c/C:K/P1:raise4/P2:raise4,1,"['c', 'f']",78,6,[],"[98, 102, 103, 161]"
/C:JQ/P1:raise2/P2:c/C:K/P1:raise4,2,"['raise4', 'c', 'f']",278,5,[97],"[102, 103, 161]"
/C:JQ/P1:raise2/P2:c/C:K/P1:c/P2:raise4/P1:raise4,2,"['c', 'f']",263,7,[],"[100, 101, 102, 103, 161]"
/C:JQ/P1:raise2/P2:c/C:K/P1:c/P2:raise4,1,"['raise4', 'c', 'f']",123,6,[99],"[101, 102, 103, 161]"
/C:JQ/P1:raise2/P2:c/C:K/P1:c,2,"['raise4', 'c']",264,5,"[99, 100]","[102, 103, 161]"
/C:JQ/P1:raise2/P2:c/C:K,1,"['raise4', 'c']",129,4,"[97, 98, 99, 100, 101]","[103, 161]"
/C:JQ/P1:raise2,2,"['raise2', 'c', 'f']",249,2,"[66, 67, 68, 69, 70, 71, 72, 73, 74, 75, 76, 77, 78, 79, 80, 81, 82, 83, 84, 85, 86, 87, 88, 89, 90, 91, 92, 93, 94, 95, 96, 97, 98, 99, 100, 101, 102]",[161]
/C:JQ/P1:c/P2:raise2/P1:raise2/P2:c/C:J/P1:raise4/P2:raise4,1,"['c', 'f']",62,8,[],"[105, 109, 122, 141, 160, 161]"
/C:JQ/P1:c/P2:raise2/P1:raise2/P2:c/C:J/P1:raise4,2,"['raise4', 'c', 'f']",154,7,[104],"[109, 122, 141, 160, 161]"
/C:JQ/P1:c/P2:raise2/P1:raise2/P2:c/C:J/P1:c/P2:raise4/P1:raise4,2,"['c', 'f']",281,9,[],"[107, 108, 109, 122, 141, 160, 161]"
/C:JQ/P1:c/P2:raise2/P1:raise2/P2:c/C:J/P1:c/P2:raise4,1,"['raise4', 'c', 'f']",44,8,[106],"[108, 109, 122, 141, 160, 161]"
/C:JQ/P1:c/P2:raise2/P1:raise2/P2:c/C:J/P1:c,2,"['raise4', 'c']",204,7,"[106, 107]","[109, 122, 141, 160, 161]"
/C:JQ/P1:c/P2:raise2/P1:raise2/P2:c/C:J,1,"['raise4', 'c']",106,6,"[104, 105, 106, 107, 108]","[122, 141, 160, 161]"
/C:JQ/P1:c/P2:raise2/P1:raise2/P2:c/C:Q/P1:raise4/P2:raise4,1,"['c', 'f']",60,8,[],"[111, 115, 122, 141, 160, 161]"
/C:JQ/P1:c/P2:raise2/P1:raise2/P2:c/C:Q/P1:raise4,2,"['raise4', 'c', 'f']",225,7,[110],"[115, 122, 141, 160, 161]"
/C:JQ/P1:c/P2:raise2/P1:raise2/P2:c/C:Q/P1:c/P2:raise4/P1:raise4,2,"['c', 'f']",261,9,[],"[113, 114, 115, 122, 141, 160, 161]"
/C:JQ/P1:c/P2:raise2/P1:raise2/P2:c/C:Q/P1:c/P2:raise4,1,"['raise4', 'c', 'f']",58,8,[112],"[114, 115, 122, 141, 160, 161]"
/C:JQ/P1:c/P2:raise2/P1:raise2/P2:c/C:Q/P1:c,2,"['raise4', 'c']",241,7,"[112, 113]","[115, 122, 141, 160, 161]"
/C:JQ/P1:c/P2:raise2/P1:raise2/P2:c/C:Q,1,"['raise4', 'c']",107,6,"[110, 111, 112, 113, 114]","[122, 141, 160, 161]"
/C:JQ/P1:c/P2:raise2/P1:raise2/P2:c/C:K/P1:raise4/P2:raise4,1,"['c', 'f']",5,8,[],"[117, 121, 122, 141, 160, 161]"
/C:JQ/P1:c/P2:raise2/P1:raise2/P2:c/C:K/P1:raise4,2,"['raise4', 'c', 'f']",233,7,[116],"[121, 122, 141, 160, 161]"
/C:JQ/P1:c/P2:raise2/P1:raise2/P2:c/C:K/P1:c/P2:raise4/P1:raise4,2,"['c', 'f']",151,9,[],"[119, 120, 121, 122, 141, 160, 161]"
/C:JQ/P1:c/P2:raise2/P1:raise2/P2:c/C:K/P1:c/P2:raise4,1,"['raise4', 'c', 'f']",61,8,[118],"[120, 121, 122, 141, 160, 161]"
/C:JQ/P1:c/P2:raise2/P1:raise2/P2:c/C:K/P1:c,2,"['raise4', 'c']",238,7,"[118, 119]","[121, 122, 141, 160, 161]"
/C:JQ/P1:c/P2:raise2/P1:raise2/P2:c/C:K,1,"['raise4', 'c']",105,6,"[116, 117, 118, 119, 120]","[122, 141, 160, 161]"
/C:JQ/P1:c/P2:raise2/P1:raise2,2,"['c', 'f']",235,4,"[104, 105, 106, 107, 108, 109, 110, 111, 112, 113, 114, 115, 116, 117, 118, 119, 120, 121]","[141, 160, 161]"
/C:JQ/P1:c/P2:raise2/P1:c/C:J/P1:raise4/P2:raise4,1,"['c', 'f']",130,7,[],"[124, 128, 141, 160, 161]"
/C:JQ/P1:c/P2:raise2/P1:c/C:J/P1:raise4,2,"['raise4', 'c', 'f']",180,6,[123],"[128, 141, 160, 161]"
/C:JQ/P1:c/P2:raise2/P1:c/C:J/P1:c/P2:raise4/P1:raise4,2,"['c', 'f']",207,8,[],"[126, 127, 128, 141, 160, 161]"
/C:JQ/P1:c/P2:raise2/P1:c/C:J/P1:c/P2:raise4,1,"['raise4', 'c', 'f']",139,7,[125],"[127, 128, 141, 160, 161]"
/C:JQ/P1:c/P2:raise2/P1:c/C:J/P1:c,2,"['raise4', 'c']",226,6,"[125, 126]","[128, 141, 160, 161]"
/C:JQ/P1:c/P2:raise2/P1:c/C:J,1,"['raise4', 'c']",118,5,"[123, 124, 125, 126, 127]","[141, 160, 161]"
/C:JQ/P1:c/P2:raise2/P1:c/C:Q/P1:raise4/P2:raise4,1,"['c', 'f']",43,7,[],"[130, 134, 141, 160, 161]"
/C:JQ/P1:c/P2:raise2/P1:c/C:Q/P1:raise4,2,"['raise4', 'c', 'f']",275,6,[129],"[134, 141, 160, 161]"
/C:JQ/P1:c/P2:raise2/P1:c/C:Q/P1:c/P2:raise4/P1:raise4,2,"['c', 'f']",144,8,[],"[132, 133, 134, 141, 160, 161]"
/C:JQ/P1:c/P2:raise2/P1:c/C:Q/P1:c/P2:raise4,1,"['raise4', 'c', 'f']",19,7,[131],"[133, 134, 141, 160, 161]"
/C:JQ/P1:c/P2:raise2/P1:c/C:Q/P1:c,2,"['raise4', 'c']",276,6,"[131, 132]","[134, 141, 160, 161]"
/C:JQ/P1:c/P2:raise2/P1:c/C:Q,1,"['raise4', 'c']",113,5,"[129, 130, 131, 132, 133]","[141, 160, 161]"
/C:JQ/P1:c/P2:raise2/P1:c/C:K/P1:raise4/P2:raise4,1,"['c', 'f']",17,7,[],"[136, 140, 141, 160, 161]"
/C:JQ/P1:c/P2:raise2/P1:c/C:K/P1:raise4,2,"['raise4', 'c', 'f']",177,6,[135],"[140, 141, 160, 161]"
/C:JQ/P1:c/P2:raise2/P1:c/C:K/P1:c/P2:raise4/P1:raise4,2,"['c', 'f']",197,8,[],"[138, 139, 140, 141, 160, 161]"
/C:JQ/P1:c/P2:raise2/P1:c/C:K/P1:c/P2:raise4,1,"['raise4', 'c', 'f']",24,7,[137],"[139, 140, 141, 160, 161]"
/C:JQ/P1:c/P2:raise2/P1:c/C:K/P1:c,2,"['raise4', 'c']",186,6,"[137, 138]","[140, 141, 160, 161]"
/C:JQ/P1:c/P2:raise2/P1:c/C:K,1,"['raise4', 'c']",119,5,"[135, 136, 137, 138, 139]","[141, 160, 161]"
/C:JQ/P1:c/P2:raise2,1,"['raise2', 'c', 'f']",141,3,"[104, 105, 106, 107, 108, 109, 110, 111, 112, 113, 114, 115, 116, 117, 118, 119, 120, 121, 122, 123, 124, 125, 126, 127, 128, 129, 130, 131, 132, 133, 134, 135, 136, 137, 138, 139, 140]","[160, 161]"
/C:JQ/P1:c/P2:c/C:J/P1:raise4/P2:raise4,1,"['c', 'f']",97,6,[],"[143, 147, 160, 161]"
/C:JQ/P1:c/P2:c/C:J/P1:raise4,2,"['raise4', 'c', 'f']",256,5,[142],"[147, 160, 161]"
/C:JQ/P1:c/P2:c/C:J/P1:c/P2:raise4/P1:raise4,2,"['c', 'f']",181,7,[],"[145, 146, 147, 160, 161]"
/C:JQ/P1:c/P2:c/C:J/P1:c/P2:raise4,1,"['raise4', 'c', 'f']",34,6,[144],"[146, 147, 160, 161]"
/C:JQ/P1:c/P2:c/C:J/P1:c,2,"['raise4', 'c']",165,5,"[144, 145]","[147, 160, 161]"
/C:JQ/P1:c/P2:c/C:J,1,"['raise4', 'c']",125,4,"[142, 143, 144, 145, 146]","[160, 161]"
/C:JQ/P1:c/P2:c/C:Q/P1:raise4/P2:raise4,1,"['c', 'f']",108,6,[],"[149, 153, 160, 161]"
/C:JQ/P1:c/P2:c/C:Q/P1:raise4,2,"['raise4', 'c', 'f']",217,5,[148],"[153, 160, 161]"
/C:JQ/P1:c/P2:c/C:Q/P1:c/P2:raise4/P1:raise4,2,"['c', 'f']",266,7,[],"[151, 152, 153, 160, 161]"
/C:JQ/P1:c/P2:c/C:Q/P1:c/P2:raise4,1,"['raise4', 'c', 'f']",49,6,[150],"[152, 153, 160, 161]"
/C:JQ/P1:c/P2:c/C:Q/P1:c,2,"['raise4', 'c']",212,5,"[150, 151]","[153, 160, 161]"
/C:JQ/P1:c/P2:c/C:Q,1,"['raise4', 'c']",131,4,"[148, 149, 150, 151, 152]","[160, 161]"
/C:JQ/P1:c/P2:c/C:K/P1:raise4/P2:raise4,1,"['c', 'f']",101,6,[],"[155, 159, 160, 161]"
/C:JQ/P1:c/P2:c/C:K/P1:raise4,2,"['raise4', 'c', 'f']",219,5,[154],"[159, 160, 161]"
/C:JQ/P1:c/P2:c/C:K/P1:c/P2:raise4/P1:raise4,2,"['c', 'f']",279,7,[],"[157, 158, 159, 160, 161]"
/C:JQ/P1:c/P2:c/C:K/P1:c/P2:raise4,1,"['raise4', 'c', 'f']",14,6,[156],"[158, 159, 160, 161]"
/C:JQ/P1:c/P2:c/C:K/P1:c,2,"['raise4', 'c']",243,5,"[156, 157]","[159, 160, 161]"
/C:JQ/P1:c/P2:c/C:K,1,"['raise4', 'c']",63,4,"[154, 155, 156, 157, 158]","[160, 161]"
/C:JQ/P1:c,2,"['raise2', 'c']",234,2,"[104, 105, 106, 107, 108, 109, 110, 111, 112, 113, 114, 115, 116, 117, 118, 119, 120, 121, 122, 123, 124, 125, 126, 127, 128, 129, 130, 131, 132, 133, 134, 135, 136, 137, 138, 139, 140, 141, 142, 143, 144, 145, 146, 147, 148, 149, 150, 151, 152, 153, 154, 155, 156, 157, 158, 159]",[161]
/C:JQ,1,"['raise2', 'c']",33,1,"[66, 67, 68, 69, 70, 71, 72, 73, 74, 75, 76, 77, 78, 79, 80, 81, 82, 83, 84, 85, 86, 87, 88, 89, 90, 91, 92, 93, 94, 95, 96, 97, 98, 99, 100, 101, 102, 103, 104, 105, 106, 107, 108, 109, 110, 111, 112, 113, 114, 115, 116, 117, 118, 119, 120, 121, 122, 123, 124, 125, 126, 127, 128, 129, 130, 131, 132, 133, 134, 135, 136, 137, 138, 139, 140, 141, 142, 143, 144, 145, 146, 147, 148, 149, 150, 151, 152, 153, 154, 155, 156, 157, 158, 159, 160]",[]
/C:JK/P1:raise2/P2:raise2/P1:c/C:J/P1:raise4/P2:raise4,1,"['c', 'f']",75,7,[],"[163, 167, 180, 199, 257]"
/C:JK/P1:raise2/P2:raise2/P1:c/C:J/P1:raise4,2,"['raise4', 'c', 'f']",285,6,[162],"[167, 180, 199, 257]"
/C:JK/P1:raise2/P2:raise2/P1:c/C:J/P1:c/P2:raise4/P1:raise4,2,"['c', 'f']",209,8,[],"[165, 166, 167, 180, 199, 257]"
/C:JK/P1:raise2/P2:raise2/P1:c/C:J/P1:c/P2:raise4,1,"['raise4', 'c', 'f']",7,7,[164],"[166, 167, 180, 199, 257]"
/C:JK/P1:raise2/P2:raise2/P1:c/C:J/P1:c,2,"['raise4', 'c']",218,6,"[164, 165]","[167, 180, 199, 257]"
/C:JK/P1:raise2/P2:raise2/P1:c/C:J,1,"['raise4', 'c']",0,5,"[162, 163, 164, 165, 166]","[180, 199, 257]"
/C:JK/P1:raise2/P2:raise2/P1:c/C:Q/P1:raise4/P2:raise4,1,"['c', 'f']",90,7,[],"[169, 173, 180, 199, 257]"
/C:JK/P1:raise2/P2:raise2/P1:c/C:Q/P1:raise4,2,"['raise4', 'c', 'f']",168,6,[168],"[173, 180, 199, 257]"
/C:JK/P1:raise2/P2:raise2/P1:c/C:Q/P1:c/P2:raise4/P1:raise4,2,"['c', 'f']",206,8,[],"[171, 172, 173, 180, 199, 257]"
/C:JK/P1:raise2/P2:raise2/P1:c/C:Q/P1:c/P2:raise4,1,"['raise4', 'c', 'f']",110,7,[170],"[172, 173, 180, 199, 257]"
/C:JK/P1:raise2/P2:raise2/P1:c/C:Q/P1:c,2,"['raise4', 'c']",172,6,"[170, 171]","[173, 180, 199, 257]"
/C:JK/P1:raise2/P2:raise2/P1:c/C:Q,1,"['raise4', 'c']",9,5,"[168, 169, 170, 171, 172]","[180, 199, 257]"
/C:JK/P1:raise2/P2:raise2/P1:c/C:K/P1:raise4/P2:raise4,1,"['c', 'f']",102,7,[],"[175, 179, 180, 199, 257]"
/C:JK/P1:raise2/P2:raise2/P1:c/C:K/P1:raise4,2,"['raise4', 'c', 'f']",250,6,[174],"[179, 180, 199, 257]"
/C:JK/P1:raise2/P2:raise2/P1:c/C:K/P1:c/P2:raise4/P1:raise4,2,"['c', 'f']",231,8,[],"[177, 178, 179, 180, 199, 257]"
/C:JK/P1:raise2/P2:raise2/P1:c/C:K/P1:c/P2:raise4,1,"['raise4', 'c', 'f']",104,7,[176],"[178, 179, 180, 199, 257]"
/C:JK/P1:raise2/P2:raise2/P1:c/C:K/P1:c,2,"['raise4', 'c']",184,6,"[176, 177]","[179, 180, 199, 257]"
/C:JK/P1:raise2/P2:raise2/P1:c/C:K,1,"['raise4', 'c']",1,5,"[174, 175, 176, 177, 178]","[180, 199, 257]"
/C:JK/P1:raise2/P2:raise2,1,"['c', 'f']",87,3,"[162, 163, 164, 165, 166, 167, 168, 169, 170, 171, 172, 173, 174, 175, 176, 177, 178, 179]","[199, 257]"
/C:JK/P1:raise2/P2:c/C:J/P1:raise4/P2:raise4,1,"['c', 'f']",109,6,[],"[182, 186, 199, 257]"
/C:JK/P1:raise2/P2:c/C:J/P1:raise4,2,"['raise4', 'c', 'f']",257,5,[181],"[186, 199, 257]"
/C:JK/P1:raise2/P2:c/C:J/P1:c/P2:raise4/P1:raise4,2,"['c', 'f']",247,7,[],"[184, 185, 186, 199, 257]"
/C:JK/P1:raise2/P2:c/C:J/P1:c/P2:raise4,1,"['raise4', 'c', 'f']",48,6,[183],"[185, 186, 199, 257]"
/C:JK/P1:raise2/P2:c/C:J/P1:c,2,"['raise4', 'c']",252,5,"[183, 184]","[186, 199, 257]"
/C:JK/P1:raise2/P2:c/C:J,1,"['raise4', 'c']",128,4,"[181, 182, 183, 184, 185]","[199, 257]"
/C:JK/P1:raise2/P2:c/C:Q/P1:raise4/P2:raise4,1,"['c', 'f']",96,6,[],"[188, 192, 199, 257]"
/C:JK/P1:raise2/P2:c/C:Q/P1:raise4,2,"['raise4', 'c', 'f']",265,5,[187],"[192, 199, 257]"
/C:JK/P1:raise2/P2:c/C:Q/P1:c/P2:raise4/P1:raise4,2,"['c', 'f']",237,7,[],"[190, 191, 192, 199, 257]"
/C:JK/P1:raise2/P2:c/C:Q/P1:c/P2:raise4,1,"['raise4', 'c', 'f']",32,6,[189],"[191, 192, 199, 257]"
/C:JK/P1:raise2/P2:c/C:Q/P1:c,2,"['raise4', 'c']",245,5,"[189, 190]","[192, 199, 257]"
/C:JK/P1:raise2/P2:c/C:Q,1,"['raise4', 'c']",124,4,"[187, 188, 189, 190, 191]","[199, 257]"
/C:JK/P1:raise2/P2:c/C:K/P1:raise4/P2:raise4,1,"['c', 'f']",78,6,[],"[194, 198, 199, 257]"
/C:JK/P1:raise2/P2:c/C:K/P1:raise4,2,"['raise4', 'c', 'f']",170,5,[193],"[198, 199, 257]"
/C:JK/P1:raise2/P2:c/C:K/P1:c/P2:raise4/P1:raise4,2,"['c', 'f']",158,7,[],"[196, 197, 198, 199, 257]"
/C:JK/P1:raise2/P2:c/C:K/P1:c/P2:raise4,1,"['raise4', 'c', 'f']",123,6,[195],"[197, 198, 199, 257]"
/C:JK/P1:raise2/P2:c/C:K/P1:c,2,"['raise4', 'c']",220,5,"[195, 196]","[198, 199, 257]"
/C:JK/P1:raise2/P2:c/C:K,1,"['raise4', 'c']",129,4,"[193, 194, 195, 196, 197]","[199, 257]"
/C:JK/P1:raise2,2,"['raise2', 'c', 'f']",193,2,"[162, 163, 164, 165, 166, 167, 168, 169, 170, 171, 172, 173, 174, 175, 176, 177, 178, 179, 180, 181, 182, 183, 184, 185, 186, 187, 188, 189, 190, 191, 192, 193, 194, 195, 196, 197, 198]",[257]
/C:JK/P1:c/P2:raise2/P1:raise2/P2:c/C:J/P1:raise4/P2:raise4,1,"['c', 'f']",62,8,[],"[201, 205, 218, 237, 256, 257]"
/C:JK/P1:c/P2:raise2/P1:raise2/P2:c/C:J/P1:raise4,2,"['raise4', 'c', 'f']",205,7,[200],"[205, 218, 237, 256, 257]"
/C:JK/P1:c/P2:raise2/P1:raise2/P2:c/C:J/P1:c/P2:raise4/P1:raise4,2,"['c', 'f']",284,9,[],"[203, 204, 205, 218, 237, 256, 257]"
/C:JK/P1:c/P2:raise2/P1:raise2/P2:c/C:J/P1:c/P2:raise4,1,"['raise4', 'c', 'f']",44,8,[202],"[204, 205, 218, 237, 256, 257]"
/C:JK/P1:c/P2:raise2/P1:raise2/P2:c/C:J/P1:c,2,"['raise4', 'c']",248,7,"[202, 203]","[205, 218, 237, 256, 257]"
/C:JK/P1:c/P2:raise2/P1:raise2/P2:c/C:J,1,"['raise4', 'c']",106,6,"[200, 201, 202, 203, 204]","[218, 237, 256, 257]"
/C:JK/P1:c/P2:raise2/P1:raise2/P2:c/C:Q/P1:raise4/P2:raise4,1,"['c', 'f']",60,8,[],"[207, 211, 218, 237, 256, 257]"
/C:JK/P1:c/P2:raise2/P1:raise2/P2:c/C:Q/P1:raise4,2,"['raise4', 'c', 'f']",179,7,[206],"[211, 218, 237, 256, 257]"
/C:JK/P1:c/P2:raise2/P1:raise2/P2:c/C:Q/P1:c/P2:raise4/P1:raise4,2,"['c', 'f']",156,9,[],"[209, 210, 211, 218, 237, 256, 257]"
/C:JK/P1:c/P2:raise2/P1:raise2/P2:c/C:Q/P1:c/P2:raise4,1,"['raise4', 'c', 'f']",58,8,[208],"[210, 211, 218, 237, 256, 257]"
/C:JK/P1:c/P2:raise2/P1:raise2/P2:c/C:Q/P1:c,2,"['raise4', 'c']",221,7,"[208, 209]","[211, 218, 237, 256, 257]"
/C:JK/P1:c/P2:raise2/P1:raise2/P2:c/C:Q,1,"['raise4', 'c']",107,6,"[206, 207, 208, 209, 210]","[218, 237, 256, 257]"
/C:JK/P1:c/P2:raise2/P1:raise2/P2:c/C:K/P1:raise4/P2:raise4,1,"['c', 'f']",5,8,[],"[213, 217, 218, 237, 256, 257]"
/C:JK/P1:c/P2:raise2/P1:raise2/P2:c/C:K/P1:raise4,2,"['raise4', 'c', 'f']",232,7,[212],"[217, 218, 237, 256, 257]"
/C:JK/P1:c/P2:raise2/P1:raise2/P2:c/C:K/P1:c/P2:raise4/P1:raise4,2,"['c', 'f']",203,9,[],"[215, 216, 217, 218, 237, 256, 257]"
/C:JK/P1:c/P2:raise2/P1:raise2/P2:c/C:K/P1:c/P2:raise4,1,"['raise4', 'c', 'f']",61,8,[214],"[216, 217, 218, 237, 256, 257]"
/C:JK/P1:c/P2:raise2/P1:raise2/P2:c/C:K/P1:c,2,"['raise4', 'c']",210,7,"[214, 215]","[217, 218, 237, 256, 257]"
/C:JK/P1:c/P2:raise2/P1:raise2/P2:c/C:K,1,"['raise4', 'c']",105,6,"[212, 213, 214, 215, 216]","[218, 237, 256, 257]"
/C:JK/P1:c/P2:raise2/P1:raise2,2,"['c', 'f']",169,4,"[200, 201, 202, 203, 204, 205, 206, 207, 208, 209, 210, 211, 212, 213, 214, 215, 216, 217]","[237, 256, 257]"
/C:JK/P1:c/P2:raise2/P1:c/C:J/P1:raise4/P2:raise4,1,"['c', 'f']",130,7,[],"[220, 224, 237, 256, 257]"
/C:JK/P1:c/P2:raise2/P1:c/C:J/P1:raise4,2,"['raise4', 'c', 'f']",192,6,[219],"[224, 237, 256, 257]"
/C:JK/P1:c/P2:raise2/P1:c/C:J/P1:c/P2:raise4/P1:raise4,2,"['c', 'f']",287,8,[],"[222, 223, 224, 237, 256, 257]"
/C:JK/P1:c/P2:raise2/P1:c/C:J/P1:c/P2:raise4,1,"['raise4', 'c', 'f']",139,7,[221],"[223, 224, 237, 256, 257]"
/C:JK/P1:c/P2:raise2/P1:c/C:J/P1:c,2,"['raise4', 'c']",200,6,"[221, 222]","[224, 237, 256, 257]"
/C:JK/P1:c/P2:raise2/P1:c/C:J,1,"['raise4', 'c']",118,5,"[219, 220, 221, 222, 223]","[237, 256, 257]"
/C:JK/P1:c/P2:raise2/P1:c/C:Q/P1:raise4/P2:raise4,1,"['c', 'f']",43,7,[],"[226, 230, 237, 256, 257]"
/C:JK/P1:c/P2:raise2/P1:c/C:Q/P1:raise4,2,"['raise4', 'c', 'f']",166,6,[225],"[230, 237, 256, 257]"
/C:JK/P1:c/P2:raise2/P1:c/C:Q/P1:c/P2:raise4/P1:raise4,2,"['c', 'f']",227,8,[],"[228, 229, 230, 237, 256, 257]"
/C:JK/P1:c/P2:raise2/P1:c/C:Q/P1:c/P2:raise4,1,"['raise4', 'c', 'f']",19,7,[227],"[229, 230, 237, 256, 257]"
/C:JK/P1:c/P2:raise2/P1:c/C:Q/P1:c,2,"['raise4', 'c']",178,6,"[227, 228]","[230, 237, 256, 257]"
/C:JK/P1:c/P2:raise2/P1:c/C:Q,1,"['raise4', 'c']",113,5,"[225, 226, 227, 228, 229]","[237, 256, 257]"
/C:JK/P1:c/P2:raise2/P1:c/C:K/P1:raise4/P2:raise4,1,"['c', 'f']",17,7,[],"[232, 236, 237, 256, 257]"
/C:JK/P1:c/P2:raise2/P1:c/C:K/P1:raise4,2,"['raise4', 'c', 'f']",194,6,[231],"[236, 237, 256, 257]"
/C:JK/P1:c/P2:raise2/P1:c/C:K/P1:c/P2:raise4/P1:raise4,2,"['c', 'f']",273,8,[],"[234, 235, 236, 237, 256, 257]"
/C:JK/P1:c/P2:raise2/P1:c/C:K/P1:c/P2:raise4,1,"['raise4', 'c', 'f']",24,7,[233],"[235, 236, 237, 256, 257]"
/C:JK/P1:c/P2:raise2/P1:c/C:K/P1:c,2,"['raise4', 'c']",155,6,"[233, 234]","[236, 237, 256, 257]"
/C:JK/P1:c/P2:raise2/P1:c/C:K,1,"['raise4', 'c']",119,5,"[231, 232, 233, 234, 235]","[237, 256, 257]"
/C:JK/P1:c/P2:raise2,1,"['raise2', 'c', 'f']",141,3,"[200, 201, 202, 203, 204, 205, 206, 207, 208, 209, 210, 211, 212, 213, 214, 215, 216, 217, 218, 219, 220, 221, 222, 223, 224, 225, 226, 227, 228, 229, 230, 231, 232, 233, 234, 235, 236]","[256, 257]"
/C:JK/P1:c/P2:c/C:J/P1:raise4/P2:raise4,1,"['c', 'f']",97,6,[],"[239, 243, 256, 257]"
/C:JK/P1:c/P2:c/C:J/P1:raise4,2,"['raise4', 'c', 'f']",268,5,[238],"[243, 256, 257]"
/C:JK/P1:c/P2:c/C:J/P1:c/P2:raise4/P1:raise4,2,"['c', 'f']",224,7,[],"[241, 242, 243, 256, 257]"
/C:JK/P1:c/P2:c/C:J/P1:c/P2:raise4,1,"['raise4', 'c', 'f']",34,6,[240],"[242, 243, 256, 257]"
/C:JK/P1:c/P2:c/C:J/P1:c,2,"['raise4', 'c']",254,5,"[240, 241]","[243, 256, 257]"
/C:JK/P1:c/P2:c/C:J,1,"['raise4', 'c']",125,4,"[238, 239, 240, 241, 242]","[256, 257]"
/C:JK/P1:c/P2:c/C:Q/P1:raise4/P2:raise4,1,"['c', 'f']",108,6,[],"[245, 249, 256, 257]"
/C:JK/P1:c/P2:c/C:Q/P1:raise4,2,"['raise4', 'c', 'f']",190,5,[244],"[249, 256, 257]"
/C:JK/P1:c/P2:c/C:Q/P1:c/P2:raise4/P1:raise4,2,"['c', 'f']",246,7,[],"[247, 248, 249, 256, 257]"
/C:JK/P1:c/P2:c/C:Q/P1:c/P2:raise4,1,"['raise4', 'c', 'f']",49,6,[246],"[248, 249, 256, 257]"
/C:JK/P1:c/P2:c/C:Q/P1:c,2,"['raise4', 'c']",216,5,"[246, 247]","[249, 256, 257]"
/C:JK/P1:c/P2:c/C:Q,1,"['raise4', 'c']",131,4,"[244, 245, 246, 247, 248]","[256, 257]"
/C:JK/P1:c/P2:c/C:K/P1:raise4/P2:raise4,1,"['c', 'f']",101,6,[],"[251, 255, 256, 257]"
/C:JK/P1:c/P2:c/C:K/P1:raise4,2,"['raise4', 'c', 'f']",260,5,[250],"[255, 256, 257]"
/C:JK/P1:c/P2:c/C:K/P1:c/P2:raise4/P1:raise4,2,"['c', 'f']",171,7,[],"[253, 254, 255, 256, 257]"
/C:JK/P1:c/P2:c/C:K/P1:c/P2:raise4,1,"['raise4', 'c', 'f']",14,6,[252],"[254, 255, 256, 257]"
/C:JK/P1:c/P2:c/C:K/P1:c,2,"['raise4', 'c']",185,5,"[252, 253]","[255, 256, 257]"
/C:JK/P1:c/P2:c/C:K,1,"['raise4', 'c']",63,4,"[250, 251, 252, 253, 254]","[256, 257]"
/C:JK/P1:c,2,"['raise2', 'c']",277,2,"[200, 201, 202, 203, 204, 205, 206, 207, 208, 209, 210, 211, 212, 213, 214, 215, 216, 217, 218, 219, 220, 221, 222, 223, 224, 225, 226, 227, 228, 229, 230, 231, 232, 233, 234, 235, 236, 237, 238, 239, 240, 241, 242, 243, 244, 245, 246, 247, 248, 249, 250, 251, 252, 253, 254, 255]",[257]
/C:JK,1,"['raise2', 'c']",33,1,"[162, 163, 164, 165, 166, 167, 168, 169, 170, 171, 172, 173, 174, 175, 176, 177, 178, 179, 180, 181, 182, 183, 184, 185, 186, 187, 188, 189, 190, 191, 192, 193, 194, 195, 196, 197, 198, 199, 200, 201, 202, 203, 204, 205, 206, 207, 208, 209, 210, 211, 212, 213, 214, 215, 216, 217, 218, 219, 220, 221, 222, 223, 224, 225, 226, 227, 228, 229, 230, 231, 232, 233, 234, 235, 236, 237, 238, 239, 240, 241, 242, 243, 244, 245, 246, 247, 248, 249, 250, 251, 252, 253, 254, 255, 256]",[]
/C:QJ/P1:raise2/P2:raise2/P1:c/C:J/P1:raise4/P2:raise4,1,"['c', 'f']",115,7,[],"[259, 263, 276, 295, 353]"
/C:QJ/P1:raise2/P2:raise2/P1:c/C:J/P1:raise4,2,"['raise4', 'c', 'f']",175,6,[258],"[263, 276, 295, 353]"
/C:QJ/P1:raise2/P2:raise2/P1:c/C:J/P1:c/P2:raise4/P1:raise4,2,"['c', 'f']",251,8,[],"[261, 262, 263, 276, 295, 353]"
/C:QJ/P1:raise2/P2:raise2/P1:c/C:J/P1:c/P2:raise4,1,"['raise4', 'c', 'f']",68,7,[260],"[262, 263, 276, 295, 353]"
/C:QJ/P1:raise2/P2:raise2/P1:c/C:J/P1:c,2,"['raise4', 'c']",211,6,"[260, 261]","[263, 276, 295, 353]"
/C:QJ/P1:raise2/P2:raise2/P1:c/C:J,1,"['raise4', 'c']",83,5,"[258, 259, 260, 261, 262]","[276, 295, 353]"
/C:QJ/P1:raise2/P2:raise2/P1:c/C:Q/P1:raise4/P2:raise4,1,"['c', 'f']",31,7,[],"[265, 269, 276, 295, 353]"
/C:QJ/P1:raise2/P2:raise2/P1:c/C:Q/P1:raise4,2,"['raise4', 'c', 'f']",259,6,[264],"[269, 276, 295, 353]"
/C:QJ/P1:raise2/P2:raise2/P1:c/C:Q/P1:c/P2:raise4/P1:raise4,2,"['c', 'f']",222,8,[],"[267, 268, 269, 276, 295, 353]"
/C:QJ/P1:raise2/P2:raise2/P1:c/C:Q/P1:c/P2:raise4,1,"['raise4', 'c', 'f']",20,7,[266],"[268, 269, 276, 295, 353]"
/C:QJ/P1:raise2/P2:raise2/P1:c/C:Q/P1:c,2,"['raise4', 'c']",196,6,"[266, 267]","[269, 276, 295, 353]"
/C:QJ/P1:raise2/P2:raise2/P1:c/C:Q,1,"['raise4', 'c']",86,5,"[264, 265, 266, 267, 268]","[276, 295, 353]"
/C:QJ/P1:raise2/P2:raise2/P1:c/C:K/P1:raise4/P2:raise4,1,"['c', 'f']",67,7,[],"[271, 275, 276, 295, 353]"
/C:QJ/P1:raise2/P2:raise2/P1:c/C:K/P1:raise4,2,"['raise4', 'c', 'f']",258,6,[270],"[275, 276, 295, 353]"
/C:QJ/P1:raise2/P2:raise2/P1:c/C:K/P1:c/P2:raise4/P1:raise4,2,"['c', 'f']",286,8,[],"[273, 274, 275, 276, 295, 353]"
/C:QJ/P1:raise2/P2:raise2/P1:c/C:K/P1:c/P2:raise4,1,"['raise4', 'c', 'f']",15,7,[272],"[274, 275, 276, 295, 353]"
/C:QJ/P1:raise2/P2:raise2/P1:c/C:K/P1:c,2,"['raise4', 'c']",229,6,"[272, 273]","[275, 276, 295, 353]"
/C:QJ/P1:raise2/P2:raise2/P1:c/C:K,1,"['raise4', 'c']",82,5,"[270, 271, 272, 273, 274]","[276, 295, 353]"
/C:QJ/P1:raise2/P2:raise2,1,"['c', 'f']",81,3,"[258, 259, 260, 261, 262, 263, 264, 265, 266, 267, 268, 269, 270, 271, 272, 273, 274, 275]","[295, 353]"
/C:QJ/P1:raise2/P2:c/C:J/P1:raise4/P2:raise4,1,"['c', 'f']",133,6,[],"[278, 282, 295, 353]"
/C:QJ/P1:raise2/P2:c/C:J/P1:raise4,2,"['raise4', 'c', 'f']",174,5,[277],"[282, 295, 353]"
/C:QJ/P1:raise2/P2:c/C:J/P1:c/P2:raise4/P1:raise4,2,"['c', 'f']",214,7,[],"[280, 281, 282, 295, 353]"
/C:QJ/P1:raise2/P2:c/C:J/P1:c/P2:raise4,1,"['raise4', 'c', 'f']",116,6,[279],"[281, 282, 295, 353]"
/C:QJ/P1:raise2/P2:c/C:J/P1:c,2,"['raise4', 'c']",157,5,"[279, 280]","[282, 295, 353]"
/C:QJ/P1:raise2/P2:c/C:J,1,"['raise4', 'c']",52,4,"[277, 278, 279, 280, 281]","[295, 353]"
/C:QJ/P1:raise2/P2:c/C:Q/P1:raise4/P2:raise4,1,"['c', 'f']",135,6,[],"[284, 288, 295, 353]"
/C:QJ/P1:raise2/P2:c/C:Q/P1:raise4,2,"['raise4', 'c', 'f']",208,5,[283],"[288, 295, 353]"
/C:QJ/P1:raise2/P2:c/C:Q/P1:c/P2:raise4/P1:raise4,2,"['c', 'f']",147,7,[],"[286, 287, 288, 295, 353]"
/C:QJ/P1:raise2/P2:c/C:Q/P1:c/P2:raise4,1,"['raise4', 'c', 'f']",77,6,[285],"[287, 288, 295, 353]"
/C:QJ/P1:raise2/P2:c/C:Q/P1:c,2,"['raise4', 'c']",283,5,"[285, 286]","[288, 295, 353]"
/C:QJ/P1:raise2/P2:c/C:Q,1,"['raise4', 'c']",57,4,"[283, 284, 285, 286, 287]","[295, 353]"
/C:QJ/P1:raise2/P2:c/C:K/P1:raise4/P2:raise4,1,"['c', 'f']",64,6,[],"[290, 294, 295, 353]"
/C:QJ/P1:raise2/P2:c/C:K/P1:raise4,2,"['raise4', 'c', 'f']",244,5,[289],"[294, 295, 353]"
/C:QJ/P1:raise2/P2:c/C:K/P1:c/P2:raise4/P1:raise4,2,"['c', 'f']",145,7,[],"[292, 293, 294, 295, 353]"
/C:QJ/P1:raise2/P2:c/C:K/P1:c/P2:raise4,1,"['raise4', 'c', 'f']",54,6,[291],"[293, 294, 295, 353]"
/C:QJ/P1:raise2/P2:c/C:K/P1:c,2,"['raise4', 'c']",182,5,"[291, 292]","[294, 295, 353]"
/C:QJ/P1:raise2/P2:c/C:K,1,"['raise4', 'c']",51,4,"[289, 290, 291, 292, 293]","[295, 353]"
/C:QJ/P1:raise2,2,"['raise2', 'c', 'f']",162,2,"[258, 259, 260, 261, 262, 263, 264, 265, 266, 267, 268, 269, 270, 271, 272, 273, 274, 275, 276, 277, 278, 279, 280, 281, 282, 283, 284, 285, 286, 287, 288, 289, 290, 291, 292, 293, 294]",[353]
/C:QJ/P1:c/P2:raise2/P1:raise2/P2:c/C:J/P1:raise4/P2:raise4,1,"['c', 'f']",134,8,[],"[297, 301, 314, 333, 352, 353]"
/C:QJ/P1:c/P2:raise2/P1:raise2/P2:c/C:J/P1:raise4,2,"['raise4', 'c', 'f']",164,7,[296],"[301, 314, 333, 352, 353]"
/C:QJ/P1:c/P2:raise2/P1:raise2/P2:c/C:J/P1:c/P2:raise4/P1:raise4,2,"['c', 'f']",152,9,[],"[299, 300, 301, 314, 333, 352, 353]"
/C:QJ/P1:c/P2:raise2/P1:raise2/P2:c/C:J/P1:c/P2:raise4,1,"['raise4', 'c', 'f']",70,8,[298],"[300, 301, 314, 333, 352, 353]"
/C:QJ/P1:c/P2:raise2/P1:raise2/P2:c/C:J/P1:c,2,"['raise4', 'c']",191,7,"[298, 299]","[301, 314, 333, 352, 353]"
/C:QJ/P1:c/P2:raise2/P1:raise2/P2:c/C:J,1,"['raise4', 'c']",98,6,"[296, 297, 298, 299, 300]","[314, 333, 352, 353]"
/C:QJ/P1:c/P2:raise2/P1:raise2/P2:c/C:Q/P1:raise4/P2:raise4,1,"['c', 'f']",6,8,[],"[303, 307, 314, 333, 352, 353]"
/C:QJ/P1:c/P2:raise2/P1:raise2/P2:c/C:Q/P1:raise4,2,"['raise4', 'c', 'f']",160,7,[302],"[307, 314, 333, 352, 353]"
/C:QJ/P1:c/P2:raise2/P1:raise2/P2:c/C:Q/P1:c/P2:raise4/P1:raise4,2,"['c', 'f']",223,9,[],"[305, 306, 307, 314, 333, 352, 353]"
/C:QJ/P1:c/P2:raise2/P1:raise2/P2:c/C:Q/P1:c/P2:raise4,1,"['raise4', 'c', 'f']",117,8,[304],"[306, 307, 314, 333, 352, 353]"
/C:QJ/P1:c/P2:raise2/P1:raise2/P2:c/C:Q/P1:c,2,"['raise4', 'c']",255,7,"[304, 305]","[307, 314, 333, 352, 353]"
/C:QJ/P1:c/P2:raise2/P1:raise2/P2:c/C:Q,1,"['raise4', 'c']",100,6,"[302, 303, 304, 305, 306]","[314, 333, 352, 353]"
/C:QJ/P1:c/P2:raise2/P1:raise2/P2:c/C:K/P1:raise4/P2:raise4,1,"['c', 'f']",30,8,[],"[309, 313, 314, 333, 352, 353]"
/C:QJ/P1:c/P2:raise2/P1:raise2/P2:c/C:K/P1:raise4,2,"['raise4', 'c', 'f']",159,7,[308],"[313, 314, 333, 352, 353]"
/C:QJ/P1:c/P2:raise2/P1:raise2/P2:c/C:K/P1:c/P2:raise4/P1:raise4,2,"['c', 'f']",236,9,[],"[311, 312, 313, 314, 333, 352, 353]"
/C:QJ/P1:c/P2:raise2/P1:raise2/P2:c/C:K/P1:c/P2:raise4,1,"['raise4', 'c', 'f']",8,8,[310],"[312, 313, 314, 333, 352, 353]"
/C:QJ/P1:c/P2:raise2/P1:raise2/P2:c/C:K/P1:c,2,"['raise4', 'c']",199,7,"[310, 311]","[313, 314, 333, 352, 353]"
/C:QJ/P1:c/P2:raise2/P1:raise2/P2:c/C:K,1,"['raise4', 'c']",99,6,"[308, 309, 310, 311, 312]","[314, 333, 352, 353]"
/C:QJ/P1:c/P2:raise2/P1:raise2,2,"['c', 'f']",161,4,"[296, 297, 298, 299, 300, 301, 302, 303, 304, 305, 306, 307, 308, 309, 310, 311, 312, 313]","[333, 352, 353]"
/C:QJ/P1:c/P2:raise2/P1:c/C:J/P1:raise4/P2:raise4,1,"['c', 'f']",35,7,[],"[316, 320, 333, 352, 353]"
/C:QJ/P1:c/P2:raise2/P1:c/C:J/P1:raise4,2,"['raise4', 'c', 'f']",198,6,[315],"[320, 333, 352, 353]"
/C:QJ/P1:c/P2:raise2/P1:c/C:J/P1:c/P2:raise4/P1:raise4,2,"['c', 'f']",201,8,[],"[318, 319, 320, 333, 352, 353]"
/C:QJ/P1:c/P2:raise2/P1:c/C:J/P1:c/P2:raise4,1,"['raise4', 'c', 'f']",4,7,[317],"[319, 320, 333, 352, 353]"
/C:QJ/P1:c/P2:raise2/P1:c/C:J/P1:c,2,"['raise4', 'c']",149,6,"[317, 318]","[320, 333, 352, 353]"
/C:QJ/P1:c/P2:raise2/P1:c/C:J,1,"['raise4', 'c']",95,5,"[315, 316, 317, 318, 319]","[333, 352, 353]"
/C:QJ/P1:c/P2:raise2/P1:c/C:Q/P1:raise4/P2:raise4,1,"['c', 'f']",69,7,[],"[322, 326, 333, 352, 353]"
/C:QJ/P1:c/P2:raise2/P1:c/C:Q/P1:raise4,2,"['raise4', 'c', 'f']",146,6,[321],"[326, 333, 352, 353]"
/C:QJ/P1:c/P2:raise2/P1:c/C:Q/P1:c/P2:raise4/P1:raise4,2,"['c', 'f']",282,8,[],"[324, 325, 326, 333, 352, 353]"
/C:QJ/P1:c/P2:raise2/P1:c/C:Q/P1:c/P2:raise4,1,"['raise4', 'c', 'f']",127,7,[323],"[325, 326, 333, 352, 353]"
/C:QJ/P1:c/P2:raise2/P1:c/C:Q/P1:c,2,"['raise4', 'c']",163,6,"[323, 324]","[326, 333, 352, 353]"
/C:QJ/P1:c/P2:raise2/P1:c/C:Q,1,"['raise4', 'c']",93,5,"[321, 322, 323, 324, 325]","[333, 352, 353]"
/C:QJ/P1:c/P2:raise2/P1:c/C:K/P1:raise4/P2:raise4,1,"['c', 'f']",126,7,[],"[328, 332, 333, 352, 353]"
/C:QJ/P1:c/P2:raise2/P1:c/C:K/P1:raise4,2,"['raise4', 'c', 'f']",176,6,[327],"[332, 333, 352, 353]"
/C:QJ/P1:c/P2:raise2/P1:c/C:K/P1:c/P2:raise4/P1:raise4,2,"['c', 'f']",262,8,[],"[330, 331, 332, 333, 352, 353]"
/C:QJ/P1:c/P2:raise2/P1:c/C:K/P1:c/P2:raise4,1,"['raise4', 'c', 'f']",66,7,[329],"[331, 332, 333, 352, 353]"
/C:QJ/P1:c/P2:raise2/P1:c/C:K/P1:c,2,"['raise4', 'c']",189,6,"[329, 330]","[332, 333, 352, 353]"
/C:QJ/P1:c/P2:raise2/P1:c/C:K,1,"['raise4', 'c']",94,5,"[327, 328, 329, 330, 331]","[333, 352, 353]"
/C:QJ/P1:c/P2:raise2,1,"['raise2', 'c', 'f']",53,3,"[296, 297, 298, 299, 300, 301, 302, 303, 304, 305, 306, 307, 308, 309, 310, 311, 312, 313, 314, 315, 316, 317, 318, 319, 320, 321, 322, 323, 324, 325, 326, 327, 328, 329, 330, 331, 332]","[352, 353]"
/C:QJ/P1:c/P2:c/C:J/P1:raise4/P2:raise4,1,"['c', 'f']",137,6,[],"[335, 339, 352, 353]"
/C:QJ/P1:c/P2:c/C:J/P1:raise4,2,"['raise4', 'c', 'f']",215,5,[334],"[339, 352, 353]"
/C:QJ/P1:c/P2:c/C:J/P1:c/P2:raise4/P1:raise4,2,"['c', 'f']",188,7,[],"[337, 338, 339, 352, 353]"
/C:QJ/P1:c/P2:c/C:J/P1:c/P2:raise4,1,"['raise4', 'c', 'f']",103,6,[336],"[338, 339, 352, 353]"
/C:QJ/P1:c/P2:c/C:J/P1:c,2,"['raise4', 'c']",228,5,"[336, 337]","[339, 352, 353]"
/C:QJ/P1:c/P2:c/C:J,1,"['raise4', 'c']",26,4,"[334, 335, 336, 337, 338]","[352, 353]"
/C:QJ/P1:c/P2:c/C:Q/P1:raise4/P2:raise4,1,"['c', 'f']",73,6,[],"[341, 345, 352, 353]"
/C:QJ/P1:c/P2:c/C:Q/P1:raise4,2,"['raise4', 'c', 'f']",202,5,[340],"[345, 352, 353]"
/C:QJ/P1:c/P2:c/C:Q/P1:c/P2:raise4/P1:raise4,2,"['c', 'f']",230,7,[],"[343, 344, 345, 352, 353]"
/C:QJ/P1:c/P2:c/C:Q/P1:c/P2:raise4,1,"['raise4', 'c', 'f']",42,6,[342],"[344, 345, 352, 353]"
/C:QJ/P1:c/P2:c/C:Q/P1:c,2,"['raise4', 'c']",274,5,"[342, 343]","[345, 352, 353]"
/C:QJ/P1:c/P2:c/C:Q,1,"['raise4', 'c']",23,4,"[340, 341, 342, 343, 344]","[352, 353]"
/C:QJ/P1:c/P2:c/C:K/P1:raise4/P2:raise4,1,"['c', 'f']",29,6,[],"[347, 351, 352, 353]"
/C:QJ/P1:c/P2:c/C:K/P1:raise4,2,"['raise4', 'c', 'f']",213,5,[346],"[351, 352, 353]"
/C:QJ/P1:c/P2:c/C:K/P1:c/P2:raise4/P1:raise4,2,"['c', 'f']",267,7,[],"[349, 350, 351, 352, 353]"
/C:QJ/P1:c/P2:c/C:K/P1:c/P2:raise4,1,"['raise4', 'c', 'f']",36,6,[348],"[350, 351, 352, 353]"
/C:QJ/P1:c/P2:c/C:K/P1:c,2,"['raise4', 'c']",242,5,"[348, 349]","[351, 352, 353]"
/C:QJ/P1:c/P2:c/C:K,1,"['raise4', 'c']",25,4,"[346, 347, 348, 349, 350]","[352, 353]"
/C:QJ/P1:c,2,"['raise2', 'c']",187,2,"[296, 297, 298, 299, 300, 301, 302, 303, 304, 305, 306, 307, 308, 309, 310, 311, 312, 313, 314, 315, 316, 317, 318, 319, 320, 321, 322, 323, 324, 325, 326, 327, 328, 329, 330, 331, 332, 333, 334, 335, 336, 337, 338, 339, 340, 341, 342, 343, 344, 345, 346, 347, 348, 349, 350, 351]",[353]
/C:QJ,1,"['raise2', 'c']",138,1,"[258, 259, 260, 261, 262, 263, 264, 265, 266, 267, 268, 269, 270, 271, 272, 273, 274, 275, 276, 277, 278, 279, 280, 281, 282, 283, 284, 285, 286, 287, 288, 289, 290, 291, 292, 293, 294, 295, 296, 297, 298, 299, 300, 301, 302, 303, 304, 305, 306, 307, 308, 309, 310, 311, 312, 313, 314, 315, 316, 317, 318, 319, 320, 321, 322, 323, 324, 325, 326, 327, 328, 329, 330, 331, 332, 333, 334, 335, 336, 337, 338, 339, 340, 341, 342, 343, 344, 345, 346, 347, 348, 349, 350, 351, 352]",[]
/C:QQ/P1:raise2/P2:raise2/P1:c/C:J/P1:raise4/P2:raise4,1,"['c', 'f']",115,7,[],"[355, 359, 366, 379, 419]"
/C:QQ/P1:raise2/P2:raise2/P1:c/C:J/P1:raise4,2,"['raise4', 'c', 'f']",195,6,[354],"[359, 366, 379, 419]"
/C:QQ/P1:raise2/P2:raise2/P1:c/C:J/P1:c/P2:raise4/P1:raise4,2,"['c', 'f']",153,8,[],"[357, 358, 359, 366, 379, 419]"
/C:QQ/P1:raise2/P2:raise2/P1:c/C:J/P1:c/P2:raise4,1,"['raise4', 'c', 'f']",68,7,[356],"[358, 359, 366, 379, 419]"
/C:QQ/P1:raise2/P2:raise2/P1:c/C:J/P1:c,2,"['raise4', 'c']",271,6,"[356, 357]","[359, 366, 379, 419]"
/C:QQ/P1:raise2/P2:raise2/P1:c/C:J,1,"['raise4', 'c']",83,5,"[354, 355, 356, 357, 358]","[366, 379, 419]"
/C:QQ/P1:raise2/P2:raise2/P1:c/C:K/P1:raise4/P2:raise4,1,"['c', 'f']",67,7,[],"[361, 365, 366, 379, 419]"
/C:QQ/P1:raise2/P2:raise2/P1:c/C:K/P1:raise4,2,"['raise4', 'c', 'f']",183,6,[360],"[365, 366, 379, 419]"
/C:QQ/P1:raise2/P2:raise2/P1:c/C:K/P1:c/P2:raise4/P1:raise4,2,"['c', 'f']",150,8,[],"[363, 364, 365, 366, 379, 419]"
/C:QQ/P1:raise2/P2:raise2/P1:c/C:K/P1:c/P2:raise4,1,"['raise4', 'c', 'f']",15,7,[362],"[364, 365, 366, 379, 419]"
/C:QQ/P1:raise2/P2:raise2/P1:c/C:K/P1:c,2,"['raise4', 'c']",272,6,"[362, 363]","[365, 366, 379, 419]"
/C:QQ/P1:raise2/P2:raise2/P1:c/C:K,1,"['raise4', 'c']",82,5,"[360, 361, 362, 363, 364]","[366, 379, 419]"
/C:QQ/P1:raise2/P2:raise2,1,"['c', 'f']",81,3,"[354, 355, 356, 357, 358, 359, 360, 361, 362, 363, 364, 365]","[379, 419]"
/C:QQ/P1:raise2/P2:c/C:J/P1:raise4/P2:raise4,1,"['c', 'f']",133,6,[],"[368, 372, 379, 419]"
/C:QQ/P1:raise2/P2:c/C:J/P1:raise4,2,"['raise4', 'c', 'f']",280,5,[367],"[372, 379, 419]"
/C:QQ/P1:raise2/P2:c/C:J/P1:c/P2:raise4/P1:raise4,2,"['c', 'f']",253,7,[],"[370, 371, 372, 379, 419]"
/C:QQ/P1:raise2/P2:c/C:J/P1:c/P2:raise4,1,"['raise4', 'c', 'f']",116,6,[369],"[371, 372, 379, 419]"
/C:QQ/P1:raise2/P2:c/C:J/P1:c,2,"['raise4', 'c']",270,5,"[369, 370]","[372, 379, 419]"
/C:QQ/P1:raise2/P2:c/C:J,1,"['raise4', 'c']",52,4,"[367, 368, 369, 370, 371]","[379, 419]"
/C:QQ/P1:raise2/P2:c/C:K/P1:raise4/P2:raise4,1,"['c', 'f']",64,6,[],"[374, 378, 379, 419]"
/C:QQ/P1:raise2/P2:c/C:K/P1:raise4,2,"['raise4', 'c', 'f']",278,5,[373],"[378, 379, 419]"
/C:QQ/P1:raise2/P2:c/C:K/P1:c/P2:raise4/P1:raise4,2,"['c', 'f']",263,7,[],"[376, 377, 378, 379, 419]"
/C:QQ/P1:raise2/P2:c/C:K/P1:c/P2:raise4,1,"['raise4', 'c', 'f']",54,6,[375],"[377, 378, 379, 419]"
/C:QQ/P1:raise2/P2:c/C:K/P1:c,2,"['raise4', 'c']",264,5,"[375, 376]","[378, 379, 419]"
/C:QQ/P1:raise2/P2:c/C:K,1,"['raise4', 'c']",51,4,"[373, 374, 375, 376, 377]","[379, 419]"
/C:QQ/P1:raise2,2,"['raise2', 'c', 'f']",249,2,"[354, 355, 356, 357, 358, 359, 360, 361, 362, 363, 364, 365, 366, 367, 368, 369, 370, 371, 372, 373, 374, 375, 376, 377, 378]",[419]
/C:QQ/P1:c/P2:raise2/P1:raise2/P2:c/C:J/P1:raise4/P2:raise4,1,"['c', 'f']",134,8,[],"[381, 385, 392, 405, 418, 419]"
/C:QQ/P1:c/P2:raise2/P1:raise2/P2:c/C:J/P1:raise4,2,"['raise4', 'c', 'f']",154,7,[380],"[385, 392, 405, 418, 419]"
/C:QQ/P1:c/P2:raise2/P1:raise2/P2:c/C:J/P1:c/P2:raise4/P1:raise4,2,"['c', 'f']",281,9,[],"[383, 384, 385, 392, 405, 418, 419]"
/C:QQ/P1:c/P2:raise2/P1:raise2/P2:c/C:J/P1:c/P2:raise4,1,"['raise4', 'c', 'f']",70,8,[382],"[384, 385, 392, 405, 418, 419]"
/C:QQ/P1:c/P2:raise2/P1:raise2/P2:c/C:J/P1:c,2,"['raise4', 'c']",204,7,"[382, 383]","[385, 392, 405, 418, 419]"
/C:QQ/P1:c/P2:raise2/P1:raise2/P2:c/C:J,1,"['raise4', 'c']",98,6,"[380, 381, 382, 383, 384]","[392, 405, 418, 419]"
/C:QQ/P1:c/P2:raise2/P1:raise2/P2:c/C:K/P1:raise4/P2:raise4,1,"['c', 'f']",30,8,[],"[387, 391, 392, 405, 418, 419]"
/C:QQ/P1:c/P2:raise2/P1:raise2/P2:c/C:K/P1:raise4,2,"['raise4', 'c', 'f']",233,7,[386],"[391, 392, 405, 418, 419]"
/C:QQ/P1:c/P2:raise2/P1:raise2/P2:c/C:K/P1:c/P2:raise4/P1:raise4,2,"['c', 'f']",151,9,[],"[389, 390, 391, 392, 405, 418, 419]"
/C:QQ/P1:c/P2:raise2/P1:raise2/P2:c/C:K/P1:c/P2:raise4,1,"['raise4', 'c', 'f']",8,8,[388],"[390, 391, 392, 405, 418, 419]"
/C:QQ/P1:c/P2:raise2/P1:raise2/P2:c/C:K/P1:c,2,"['raise4', 'c']",238,7,"[388, 389]","[391, 392, 405, 418, 419]"
/C:QQ/P1:c/P2:raise2/P1:raise2/P2:c/C:K,1,"['raise4', 'c']",99,6,"[386, 387, 388, 389, 390]","[392, 405, 418, 419]"
/C:QQ/P1:c/P2:raise2/P1:raise2,2,"['c', 'f']",235,4,"[380, 381, 382, 383, 384, 385, 386, 387, 388, 389, 390, 391]","[405, 418, 419]"
/C:QQ/P1:c/P2:raise2/P1:c/C:J/P1:raise4/P2:raise4,1,"['c', 'f']",35,7,[],"[394, 398, 405, 418, 419]"
/C:QQ/P1:c/P2:raise2/P1:c/C:J/P1:raise4,2,"['raise4', 'c', 'f']",180,6,[393],"[398, 405, 418, 419]"
/C:QQ/P1:c/P2:raise2/P1:c/C:J/P1:c/P2:raise4/P1:raise4,2,"['c', 'f']",207,8,[],"[396, 397, 398, 405, 418, 419]"
/C:QQ/P1:c/P2:raise2/P1:c/C:J/P1:c/P2:raise4,1,"['raise4', 'c', 'f']",4,7,[395],"[397, 398, 405, 418, 419]"
/C:QQ/P1:c/P2:raise2/P1:c/C:J/P1:c,2,"['raise4', 'c']",226,6,"[395, 396]","[398, 405, 418, 419]"
/C:QQ/P1:c/P2:raise2/P1:c/C:J,1,"['raise4', 'c']",95,5,"[393, 394, 395, 396, 397]","[405, 418, 419]"
/C:QQ/P1:c/P2:raise2/P1:c/C:K/P1:raise4/P2:raise4,1,"['c', 'f']",126,7,[],"[400, 404, 405, 418, 419]"
/C:QQ/P1:c/P2:raise2/P1:c/C:K/P1:raise4,2,"['raise4', 'c', 'f']",177,6,[399],"[404, 405, 418, 419]"
/C:QQ/P1:c/P2:raise2/P1:c/C:K/P1:c/P2:raise4/P1:raise4,2,"['c', 'f']",197,8,[],"[402, 403, 404, 405, 418, 419]"
/C:QQ/P1:c/P2:raise2/P1:c/C:K/P1:c/P2:raise4,1,"['raise4', 'c', 'f']",66,7,[401],"[403, 404, 405, 418, 419]"
/C:QQ/P1:c/P2:raise2/P1:c/C:K/P1:c,2,"['raise4', 'c']",186,6,"[401, 402]","[404, 405, 418, 419]"
/C:QQ/P1:c/P2:raise2/P1:c/C:K,1,"['raise4', 'c']",94,5,"[399, 400, 401, 402, 403]","[405, 418, 419]"
/C:QQ/P1:c/P2:raise2,1,"['raise2', 'c', 'f']",53,3,"[380, 381, 382, 383, 384, 385, 386, 387, 388, 389, 390, 391, 392, 393, 394, 395, 396, 397, 398, 399, 400, 401, 402, 403, 404]","[418, 419]"
/C:QQ/P1:c/P2:c/C:J/P1:raise4/P2:raise4,1,"['c', 'f']",137,6,[],"[407, 411, 418, 419]"
/C:QQ/P1:c/P2:c/C:J/P1:raise4,2,"['raise4', 'c', 'f']",256,5,[406],"[411, 418, 419]"
/C:QQ/P1:c/P2:c/C:J/P1:c/P2:raise4/P1:raise4,2,"['c', 'f']",181,7,[],"[409, 410, 411, 418, 419]"
/C:QQ/P1:c/P2:c/C:J/P1:c/P2:raise4,1,"['raise4', 'c', 'f']",103,6,[408],"[410, 411, 418, 419]"
/C:QQ/P1:c/P2:c/C:J/P1:c,2,"['raise4', 'c']",165,5,"[408, 409]","[411, 418, 419]"
/C:QQ/P1:c/P2:c/C:J,1,"['raise4', 'c']",26,4,"[406, 407, 408, 409, 410]","[418, 419]"
/C:QQ/P1:c/P2:c/C:K/P1:raise4/P2:raise4,1,"['c', 'f']",29,6,[],"[413, 417, 418, 419]"
/C:QQ/P1:c/P2:c/C:K/P1:raise4,2,"['raise4', 'c', 'f']",219,5,[412],"[417, 418, 419]"
/C:QQ/P1:c/P2:c/C:K/P1:c/P2:raise4/P1:raise4,2,"['c', 'f']",279,7,[],"[415, 416, 417, 418, 419]"
/C:QQ/P1:c/P2:c/C:K/P1:c/P2:raise4,1,"['raise4', 'c', 'f']",36,6,[414],"[416, 417, 418, 419]"
/C:QQ/P1:c/P2:c/C:K/P1:c,2,"['raise4', 'c']",243,5,"[414, 415]","[417, 418, 419]"
/C:QQ/P1:c/P2:c/C:K,1,"['raise4', 'c']",25,4,"[412, 413, 414, 415, 416]","[418, 419]"
/C:QQ/P1:c,2,"['raise2', 'c']",234,2,"[380, 381, 382, 383, 384, 385, 386, 387, 388, 389, 390, 391, 392, 393, 394, 395, 396, 397, 398, 399, 400, 401, 402, 403, 404, 405, 406, 407, 408, 409, 410, 411, 412, 413, 414, 415, 416, 417]",[419]
/C:QQ,1,"['raise2', 'c']",138,1,"[354, 355, 356, 357, 358, 359, 360, 361, 362, 363, 364, 365, 366, 367, 368, 369, 370, 371, 372, 373, 374, 375, 376, 377, 378, 379, 380, 381, 382, 383, 384, 385, 386, 387, 388, 389, 390, 391, 392, 393, 394, 395, 396, 397, 398, 399, 400, 401, 402, 403, 404, 405, 406, 407, 408, 409, 410, 411, 412, 413, 414, 415, 416, 417, 418]",[]
/C:QK/P1:raise2/P2:raise2/P1:c/C:J/P1:raise4/P2:raise4,1,"['c', 'f']",115,7,[],"[421, 425, 438, 457, 515]"
/C:QK/P1:raise2/P2:raise2/P1:c/C:J/P1:raise4,2,"['raise4', 'c', 'f']",285,6,[420],"[425, 438, 457, 515]"
/C:QK/P1:raise2/P2:raise2/P1:c/C:J/P1:c/P2:raise4/P1:raise4,2,"['c', 'f']",209,8,[],"[423, 424, 425, 438, 457, 515]"
/C:QK/P1:raise2/P2:raise2/P1:c/C:J/P1:c/P2:raise4,1,"['raise4', 'c', 'f']",68,7,[422],"[424, 425, 438, 457, 515]"
/C:QK/P1:raise2/P2:raise2/P1:c/C:J/P1:c,2,"['raise4', 'c']",218,6,"[422, 423]","[425, 438, 457, 515]"
/C:QK/P1:raise2/P2:raise2/P1:c/C:J,1,"['raise4', 'c']",83,5,"[420, 421, 422, 423, 424]","[438, 457, 515]"
/C:QK/P1:raise2/P2:raise2/P1:c/C:Q/P1:raise4/P2:raise4,1,"['c', 'f']",31,7,[],"[427, 431, 438, 457, 515]"
/C:QK/P1:raise2/P2:raise2/P1:c/C:Q/P1:raise4,2,"['raise4', 'c', 'f']",168,6,[426],"[431, 438, 457, 515]"
/C:QK/P1:raise2/P2:raise2/P1:c/C:Q/P1:c/P2:raise4/P1:raise4,2,"['c', 'f']",206,8,[],"[429, 430, 431, 438, 457, 515]"
/C:QK/P1:raise2/P2:raise2/P1:c/C:Q/P1:c/P2:raise4,1,"['raise4', 'c', 'f']",20,7,[428],"[430, 431, 438, 457, 515]"
/C:QK/P1:raise2/P2:raise2/P1:c/C:Q/P1:c,2,"['raise4', 'c']",172,6,"[428, 429]","[431, 438, 457, 515]"
/C:QK/P1:raise2/P2:raise2/P1:c/C:Q,1,"['raise4', 'c']",86,5,"[426, 427, 428, 429, 430]","[438, 457, 515]"
/C:QK/P1:raise2/P2:raise2/P1:c/C:K/P1:raise4/P2:raise4,1,"['c', 'f']",67,7,[],"[433, 437, 438, 457, 515]"
/C:QK/P1:raise2/P2:raise2/P1:c/C:K/P1:raise4,2,"['raise4', 'c', 'f']",250,6,[432],"[437, 438, 457, 515]"
/C:QK/P1:raise2/P2:raise2/P1:c/C:K/P1:c/P2:raise4/P1:raise4,2,"['c', 'f']",231,8,[],"[435, 436, 437, 438, 457, 515]"
/C:QK/P1:raise2/P2:raise2/P1:c/C:K/P1:c/P2:raise4,1,"['raise4', 'c', 'f']",15,7,[434],"[436, 437, 438, 457, 515]"
/C:QK/P1:raise2/P2:raise2/P1:c/C:K/P1:c,2,"['raise4', 'c']",184,6,"[434, 435]","[437, 438, 457, 515]"
/C:QK/P1:raise2/P2:raise2/P1:c/C:K,1,"['raise4', 'c']",82,5,"[432, 433, 434, 435, 436]","[438, 457, 515]"
/C:QK/P1:raise2/P2:raise2,1,"['c', 'f']",81,3,"[420, 421, 422, 423, 424, 425, 426, 427, 428, 429, 430, 431, 432, 433, 434, 435, 436, 437]","[457, 515]"
/C:QK/P1:raise2/P2:c/C:J/P1:raise4/P2:raise4,1,"['c', 'f']",133,6,[],"[440, 444, 457, 515]"
/C:QK/P1:raise2/P2:c/C:J/P1:raise4,2,"['raise4', 'c', 'f']",257,5,[439],"[444, 457, 515]"
/C:QK/P1:raise2/P2:c/C:J/P1:c/P2:raise4/P1:raise4,2,"['c', 'f']",247,7,[],"[442, 443, 444, 457, 515]"
/C:QK/P1:raise2/P2:c/C:J/P1:c/P2:raise4,1,"['raise4', 'c', 'f']",116,6,[441],"[443, 444, 457, 515]"
/C:QK/P1:raise2/P2:c/C:J/P1:c,2,"['raise4', 'c']",252,5,"[441, 442]","[444, 457, 515]"
/C:QK/P1:raise2/P2:c/C:J,1,"['raise4', 'c']",52,4,"[439, 440, 441, 442, 443]","[457, 515]"
/C:QK/P1:raise2/P2:c/C:Q/P1:raise4/P2:raise4,1,"['c', 'f']",135,6,[],"[446, 450, 457, 515]"
/C:QK/P1:raise2/P2:c/C:Q/P1:raise4,2,"['raise4', 'c', 'f']",265,5,[445],"[450, 457, 515]"
/C:QK/P1:raise2/P2:c/C:Q/P1:c/P2:raise4/P1:raise4,2,"['c', 'f']",237,7,[],"[448, 449, 450, 457, 515]"
/C:QK/P1:raise2/P2:c/C:Q/P1:c/P2:raise4,1,"['raise4', 'c', 'f']",77,6,[447],"[449, 450, 457, 515]"
/C:QK/P1:raise2/P2:c/C:Q/P1:c,2,"['raise4', 'c']",245,5,"[447, 448]","[450, 457, 515]"
/C:QK/P1:raise2/P2:c/C:Q,1,"['raise4', 'c']",57,4,"[445, 446, 447, 448, 449]","[457, 515]"
/C:QK/P1:raise2/P2:c/C:K/P1:raise4/P2:raise4,1,"['c', 'f']",64,6,[],"[452, 456, 457, 515]"
/C:QK/P1:raise2/P2:c/C:K/P1:raise4,2,"['raise4', 'c', 'f']",170,5,[451],"[456, 457, 515]"
/C:QK/P1:raise2/P2:c/C:K/P1:c/P2:raise4/P1:raise4,2,"['c', 'f']",158,7,[],"[454, 455, 456, 457, 515]"
/C:QK/P1:raise2/P2:c/C:K/P1:c/P2:raise4,1,"['raise4', 'c', 'f']",54,6,[453],"[455, 456, 457, 515]"
/C:QK/P1:raise2/P2:c/C:K/P1:c,2,"['raise4', 'c']",220,5,"[453, 454]","[456, 457, 515]"
/C:QK/P1:raise2/P2:c/C:K,1,"['raise4', 'c']",51,4,"[451, 452, 453, 454, 455]","[457, 515]"
/C:QK/P1:raise2,2,"['raise2', 'c', 'f']",193,2,"[420, 421, 422, 423, 424, 425, 426, 427, 428, 429, 430, 431, 432, 433, 434, 435, 436, 437, 438, 439, 440, 441, 442, 443, 444, 445, 446, 447, 448, 449, 450, 451, 452, 453, 454, 455, 456]",[515]
/C:QK/P1:c/P2:raise2/P1:raise2/P2:c/C:J/P1:raise4/P2:raise4,1,"['c', 'f']",134,8,[],"[459, 463, 476, 495, 514, 515]"
/C:QK/P1:c/P2:raise2/P1:raise2/P2:c/C:J/P1:raise4,2,"['raise4', 'c', 'f']",205,7,[458],"[463, 476, 495, 514, 515]"
/C:QK/P1:c/P2:raise2/P1:raise2/P2:c/C:J/P1:c/P2:raise4/P1:raise4,2,"['c', 'f']",284,9,[],"[461, 462, 463, 476, 495, 514, 515]"
/C:QK/P1:c/P2:raise2/P1:raise2/P2:c/C:J/P1:c/P2:raise4,1,"['raise4', 'c', 'f']",70,8,[460],"[462, 463, 476, 495, 514, 515]"
/C:QK/P1:c/P2:raise2/P1:raise2/P2:c/C:J/P1:c,2,"['raise4', 'c']",248,7,"[460, 461]","[463, 476, 495, 514, 515]"
/C:QK/P1:c/P2:raise2/P1:raise2/P2:c/C:J,1,"['raise4', 'c']",98,6,"[458, 459, 460, 461, 462]","[476, 495, 514, 515]"
/C:QK/P1:c/P2:raise2/P1:raise2/P2:c/C:Q/P1:raise4/P2:raise4,1,"['c', 'f']",6,8,[],"[465, 469, 476, 495, 514, 515]"
/C:QK/P1:c/P2:raise2/P1:raise2/P2:c/C:Q/P1:raise4,2,"['raise4', 'c', 'f']",179,7,[464],"[469, 476, 495, 514, 515]"
/C:QK/P1:c/P2:raise2/P1:raise2/P2:c/C:Q/P1:c/P2:raise4/P1:raise4,2,"['c', 'f']",156,9,[],"[467, 468, 469, 476, 495, 514, 515]"
/C:QK/P1:c/P2:raise2/P1:raise2/P2:c/C:Q/P1:c/P2:raise4,1,"['raise4', 'c', 'f']",117,8,[466],"[468, 469, 476, 495, 514, 515]"
/C:QK/P1:c/P2:raise2/P1:raise2/P2:c/C:Q/P1:c,2,"['raise4', 'c']",221,7,"[466, 467]","[469, 476, 495, 514, 515]"
/C:QK/P1:c/P2:raise2/P1:raise2/P2:c/C:Q,1,"['raise4', 'c']",100,6,"[464, 465, 466, 467, 468]","[476, 495, 514, 515]"
/C:QK/P1:c/P2:raise2/P1:raise2/P2:c/C:K/P1:raise4/P2:raise4,1,"['c', 'f']",30,8,[],"[471, 475, 476, 495, 514, 515]"
/C:QK/P1:c/P2:raise2/P1:raise2/P2:c/C:K/P1:raise4,2,"['raise4', 'c', 'f']",232,7,[470],"[475, 476, 495, 514, 515]"
/C:QK/P1:c/P2:raise2/P1:raise2/P2:c/C:K/P1:c/P2:raise4/P1:raise4,2,"['c', 'f']",203,9,[],"[473, 474, 475, 476, 495, 514, 515]"
/C:QK/P1:c/P2:raise2/P1:raise2/P2:c/C:K/P1:c/P2:raise4,1,"['raise4', 'c', 'f']",8,8,[472],"[474, 475, 476, 495, 514, 515]"
/C:QK/P1:c/P2:raise2/P1:raise2/P2:c/C:K/P1:c,2,"['raise4', 'c']",210,7,"[472, 473]","[475, 476, 495, 514, 515]"
/C:QK/P1:c/P2:raise2/P1:raise2/P2:c/C:K,1,"['raise4', 'c']",99,6,"[470, 471, 472, 473, 474]","[476, 495, 514, 515]"
/C:QK/P1:c/P2:raise2/P1:raise2,2,"['c', 'f']",169,4,"[458, 459, 460, 461, 462, 463, 464, 465, 466, 467, 468, 469, 470, 471, 472, 473, 474, 475]","[495, 514, 515]"
/C:QK/P1:c/P2:raise2/P1:c/C:J/P1:raise4/P2:raise4,1,"['c', 'f']",35,7,[],"[478, 482, 495, 514, 515]"
/C:QK/P1:c/P2:raise2/P1:c/C:J/P1:raise4,2,"['raise4', 'c', 'f']",192,6,[477],"[482, 495, 514, 515]"
/C:QK/P1:c/P2:raise2/P1:c/C:J/P1:c/P2:raise4/P1:raise4,2,"['c', 'f']",287,8,[],"[480, 481, 482, 495, 514, 515]"
/C:QK/P1:c/P2:raise2/P1:c/C:J/P1:c/P2:raise4,1,"['raise4', 'c', 'f']",4,7,[479],"[481, 482, 495, 514, 515]"
/C:QK/P1:c/P2:raise2/P1:c/C:J/P1:c,2,"['raise4', 'c']",200,6,"[479, 480]","[482, 495, 514, 515]"
/C:QK/P1:c/P2:raise2/P1:c/C:J,1,"['raise4', 'c']",95,5,"[477, 478, 479, 480, 481]","[495, 514, 515]"
/C:QK/P1:c/P2:raise2/P1:c/C:Q/P1:raise4/P2:raise4,1,"['c', 'f']",69,7,[],"[484, 488, 495, 514, 515]"
/C:QK/P1:c/P2:raise2/P1:c/C:Q/P1:raise4,2,"['raise4', 'c', 'f']",166,6,[483],"[488, 495, 514, 515]"
/C:QK/P1:c/P2:raise2/P1:c/C:Q/P1:c/P2:raise4/P1:raise4,2,"['c', 'f']",227,8,[],"[486, 487, 488, 495, 514, 515]"
/C:QK/P1:c/P2:raise2/P1:c/C:Q/P1:c/P2:raise4,1,"['raise4', 'c', 'f']",127,7,[485],"[487, 488, 495, 514, 515]"
/C:QK/P1:c/P2:raise2/P1:c/C:Q/P1:c,2,"['raise4', 'c']",178,6,"[485, 486]","[488, 495, 514, 515]"
/C:QK/P1:c/P2:raise2/P1:c/C:Q,1,"['raise4', 'c']",93,5,"[483, 484, 485, 486, 487]","[495, 514, 515]"
/C:QK/P1:c/P2:raise2/P1:c/C:K/P1:raise4/P2:raise4,1,"['c', 'f']",126,7,[],"[490, 494, 495, 514, 515]"
/C:QK/P1:c/P2:raise2/P1:c/C:K/P1:raise4,2,"['raise4', 'c', 'f']",194,6,[489],"[494, 495, 514, 515]"
/C:QK/P1:c/P2:raise2/P1:c/C:K/P1:c/P2:raise4/P1:raise4,2,"['c', 'f']",273,8,[],"[492, 493, 494, 495, 514, 515]"
/C:QK/P1:c/P2:raise2/P1:c/C:K/P1:c/P2:raise4,1,"['raise4', 'c', 'f']",66,7,[491],"[493, 494, 495, 514, 515]"
/C:QK/P1:c/P2:raise2/P1:c/C:K/P1:c,2,"['raise4', 'c']",155,6,"[491, 492]","[494, 495, 514, 515]"
/C:QK/P1:c/P2:raise2/P1:c/C:K,1,"['raise4', 'c']",94,5,"[489, 490, 491, 492, 493]","[495, 514, 515]"
/C:QK/P1:c/P2:raise2,1,"['raise2', 'c', 'f']",53,3,"[458, 459, 460, 461, 462, 463, 464, 465, 466, 467, 468, 469, 470, 471, 472, 473, 474, 475, 476, 477, 478, 479, 480, 481, 482, 483, 484, 485, 486, 487, 488, 489, 490, 491, 492, 493, 494]","[514, 515]"
/C:QK/P1:c/P2:c/C:J/P1:raise4/P2:raise4,1,"['c', 'f']",137,6,[],"[497, 501, 514, 515]"
/C:QK/P1:c/P2:c/C:J/P1:raise4,2,"['raise4', 'c', 'f']",268,5,[496],"[501, 514, 515]"
/C:QK/P1:c/P2:c/C:J/P1:c/P2:raise4/P1:raise4,2,"['c', 'f']",224,7,[],"[499, 500, 501, 514, 515]"
/C:QK/P1:c/P2:c/C:J/P1:c/P2:raise4,1,"['raise4', 'c', 'f']",103,6,[498],"[500, 501, 514, 515]"
/C:QK/P1:c/P2:c/C:J/P1:c,2,"['raise4', 'c']",254,5,"[498, 499]","[501, 514, 515]"
/C:QK/P1:c/P2:c/C:J,1,"['raise4', 'c']",26,4,"[496, 497, 498, 499, 500]","[514, 515]"
/C:QK/P1:c/P2:c/C:Q/P1:raise4/P2:raise4,1,"['c', 'f']",73,6,[],"[503, 507, 514, 515]"
/C:QK/P1:c/P2:c/C:Q/P1:raise4,2,"['raise4', 'c', 'f']",190,5,[502],"[507, 514, 515]"
/C:QK/P1:c/P2:c/C:Q/P1:c/P2:raise4/P1:raise4,2,"['c', 'f']",246,7,[],"[505, 506, 507, 514, 515]"
/C:QK/P1:c/P2:c/C:Q/P1:c/P2:raise4,1,"['raise4', 'c', 'f']",42,6,[504],"[506, 507, 514, 515]"
/C:QK/P1:c/P2:c/C:Q/P1:c,2,"['raise4', 'c']",216,5,"[504, 505]","[507, 514, 515]"
/C:QK/P1:c/P2:c/C:Q,1,"['raise4', 'c']",23,4,"[502, 503, 504, 505, 506]","[514, 515]"
/C:QK/P1:c/P2:c/C:K/P1:raise4/P2:raise4,1,"['c', 'f']",29,6,[],"[509, 513, 514, 515]"
/C:QK/P1:c/P2:c/C:K/P1:raise4,2,"['raise4', 'c', 'f']",260,5,[508],"[513, 514, 515]"
/C:QK/P1:c/P2:c/C:K/P1:c/P2:raise4/P1:raise4,2,"['c', 'f']",171,7,[],"[511, 512, 513, 514, 515]"
/C:QK/P1:c/P2:c/C:K/P1:c/P2:raise4,1,"['raise4', 'c', 'f']",36,6,[510],"[512, 513, 514, 515]"
/C:QK/P1:c/P2:c/C:K/P1:c,2,"['raise4', 'c']",185,5,"[510, 511]","[513, 514, 515]"
/C:QK/P1:c/P2:c/C:K,1,"['raise4', 'c']",25,4,"[508, 509, 510, 511, 512]","[514, 515]"
/C:QK/P1:c,2,"['raise2', 'c']",277,2,"[458, 459, 460, 461, 462, 463, 464, 465, 466, 467, 468, 469, 470, 471, 472, 473, 474, 475, 476, 477, 478, 479, 480, 481, 482, 483, 484, 485, 486, 487, 488, 489, 490, 491, 492, 493, 494, 495, 496, 497, 498, 499, 500, 501, 502, 503, 504, 505, 506, 507, 508, 509, 510, 511, 512, 513]",[515]
/C:QK,1,"['raise2', 'c']",138,1,"[420, 421, 422, 423, 424, 425, 426, 427, 428, 429, 430, 431, 432, 433, 434, 435, 436, 437, 438, 439, 440, 441, 442, 443, 444, 445, 446, 447, 448, 449, 450, 451, 452, 453, 454, 455, 456, 457, 458, 459, 460, 461, 462, 463, 464, 465, 466, 467, 468, 469, 470, 471, 472, 473, 474, 475, 476, 477, 478, 479, 480, 481, 482, 483, 484, 485, 486, 487, 488, 489, 490, 491, 492, 493, 494, 495, 496, 497, 498, 499, 500, 501, 502, 503, 504, 505, 506, 507, 508, 509, 510, 511, 512, 513, 514]",[]
/C:KJ/P1:raise2/P2:raise2/P1:c/C:J/P1:raise4/P2:raise4,1,"['c', 'f']",46,7,[],"[517, 521, 534, 553, 611]"
/C:KJ/P1:raise2/P2:raise2/P1:c/C:J/P1:raise4,2,"['raise4', 'c', 'f']",175,6,[516],"[521, 534, 553, 611]"
/C:KJ/P1:raise2/P2:raise2/P1:c/C:J/P1:c/P2:raise4/P1:raise4,2,"['c', 'f']",251,8,[],"[519, 520, 521, 534, 553, 611]"
/C:KJ/P1:raise2/P2:raise2/P1:c/C:J/P1:c/P2:raise4,1,"['raise4', 'c', 'f']",140,7,[518],"[520, 521, 534, 553, 611]"
/C:KJ/P1:raise2/P2:raise2/P1:c/C:J/P1:c,2,"['raise4', 'c']",211,6,"[518, 519]","[521, 534, 553, 611]"
/C:KJ/P1:raise2/P2:raise2/P1:c/C:J,1,"['raise4', 'c']",22,5,"[516, 517, 518, 519, 520]","[534, 553, 611]"
/C:KJ/P1:raise2/P2:raise2/P1:c/C:Q/P1:raise4/P2:raise4,1,"['c', 'f']",41,7,[],"[523, 527, 534, 553, 611]"
/C:KJ/P1:raise2/P2:raise2/P1:c/C:Q/P1:raise4,2,"['raise4', 'c', 'f']",259,6,[522],"[527, 534, 553, 611]"
/C:KJ/P1:raise2/P2:raise2/P1:c/C:Q/P1:c/P2:raise4/P1:raise4,2,"['c', 'f']",222,8,[],"[525, 526, 527, 534, 553, 611]"
/C:KJ/P1:raise2/P2:raise2/P1:c/C:Q/P1:c/P2:raise4,1,"['raise4', 'c', 'f']",59,7,[524],"[526, 527, 534, 553, 611]"
/C:KJ/P1:raise2/P2:raise2/P1:c/C:Q/P1:c,2,"['raise4', 'c']",196,6,"[524, 525]","[527, 534, 553, 611]"
/C:KJ/P1:raise2/P2:raise2/P1:c/C:Q,1,"['raise4', 'c']",27,5,"[522, 523, 524, 525, 526]","[534, 553, 611]"
/C:KJ/P1:raise2/P2:raise2/P1:c/C:K/P1:raise4/P2:raise4,1,"['c', 'f']",85,7,[],"[529, 533, 534, 553, 611]"
/C:KJ/P1:raise2/P2:raise2/P1:c/C:K/P1:raise4,2,"['raise4', 'c', 'f']",258,6,[528],"[533, 534, 553, 611]"
/C:KJ/P1:raise2/P2:raise2/P1:c/C:K/P1:c/P2:raise4/P1:raise4,2,"['c', 'f']",286,8,[],"[531, 532, 533, 534, 553, 611]"
/C:KJ/P1:raise2/P2:raise2/P1:c/C:K/P1:c/P2:raise4,1,"['raise4', 'c', 'f']",13,7,[530],"[532, 533, 534, 553, 611]"
/C:KJ/P1:raise2/P2:raise2/P1:c/C:K/P1:c,2,"['raise4', 'c']",229,6,"[530, 531]","[533, 534, 553, 611]"
/C:KJ/P1:raise2/P2:raise2/P1:c/C:K,1,"['raise4', 'c']",21,5,"[528, 529, 530, 531, 532]","[534, 553, 611]"
/C:KJ/P1:raise2/P2:raise2,1,"['c', 'f']",12,3,"[516, 517, 518, 519, 520, 521, 522, 523, 524, 525, 526, 527, 528, 529, 530, 531, 532, 533]","[553, 611]"
/C:KJ/P1:raise2/P2:c/C:J/P1:raise4/P2:raise4,1,"['c', 'f']",89,6,[],"[536, 540, 553, 611]"
/C:KJ/P1:raise2/P2:c/C:J/P1:raise4,2,"['raise4', 'c', 'f']",174,5,[535],"[540, 553, 611]"
/C:KJ/P1:raise2/P2:c/C:J/P1:c/P2:raise4/P1:raise4,2,"['c', 'f']",214,7,[],"[538, 539, 540, 553, 611]"
/C:KJ/P1:raise2/P2:c/C:J/P1:c/P2:raise4,1,"['raise4', 'c', 'f']",65,6,[537],"[539, 540, 553, 611]"
/C:KJ/P1:raise2/P2:c/C:J/P1:c,2,"['raise4', 'c']",157,5,"[537, 538]","[540, 553, 611]"
/C:KJ/P1:raise2/P2:c/C:J,1,"['raise4', 'c']",47,4,"[535, 536, 537, 538, 539]","[553, 611]"
/C:KJ/P1:raise2/P2:c/C:Q/P1:raise4/P2:raise4,1,"['c', 'f']",143,6,[],"[542, 546, 553, 611]"
/C:KJ/P1:raise2/P2:c/C:Q/P1:raise4,2,"['raise4', 'c', 'f']",208,5,[541],"[546, 553, 611]"
/C:KJ/P1:raise2/P2:c/C:Q/P1:c/P2:raise4/P1:raise4,2,"['c', 'f']",147,7,[],"[544, 545, 546, 553, 611]"
/C:KJ/P1:raise2/P2:c/C:Q/P1:c/P2:raise4,1,"['raise4', 'c', 'f']",76,6,[543],"[545, 546, 553, 611]"
/C:KJ/P1:raise2/P2:c/C:Q/P1:c,2,"['raise4', 'c']",283,5,"[543, 544]","[546, 553, 611]"
/C:KJ/P1:raise2/P2:c/C:Q,1,"['raise4', 'c']",39,4,"[541, 542, 543, 544, 545]","[553, 611]"
/C:KJ/P1:raise2/P2:c/C:K/P1:raise4/P2:raise4,1,"['c', 'f']",38,6,[],"[548, 552, 553, 611]"
/C:KJ/P1:raise2/P2:c/C:K/P1:raise4,2,"['raise4', 'c', 'f']",244,5,[547],"[552, 553, 611]"
/C:KJ/P1:raise2/P2:c/C:K/P1:c/P2:raise4/P1:raise4,2,"['c', 'f']",145,7,[],"[550, 551, 552, 553, 611]"
/C:KJ/P1:raise2/P2:c/C:K/P1:c/P2:raise4,1,"['raise4', 'c', 'f']",50,6,[549],"[551, 552, 553, 611]"
/C:KJ/P1:raise2/P2:c/C:K/P1:c,2,"['raise4', 'c']",182,5,"[549, 550]","[552, 553, 611]"
/C:KJ/P1:raise2/P2:c/C:K,1,"['raise4', 'c']",114,4,"[547, 548, 549, 550, 551]","[553, 611]"
/C:KJ/P1:raise2,2,"['raise2', 'c', 'f']",162,2,"[516, 517, 518, 519, 520, 521, 522, 523, 524, 525, 526, 527, 528, 529, 530, 531, 532, 533, 534, 535, 536, 537, 538, 539, 540, 541, 542, 543, 544, 545, 546, 547, 548, 549, 550, 551, 552]",[611]
/C:KJ/P1:c/P2:raise2/P1:raise2/P2:c/C:J/P1:raise4/P2:raise4,1,"['c', 'f']",56,8,[],"[555, 559, 572, 591, 610, 611]"
/C:KJ/P1:c/P2:raise2/P1:raise2/P2:c/C:J/P1:raise4,2,"['raise4', 'c', 'f']",164,7,[554],"[559, 572, 591, 610, 611]"
/C:KJ/P1:c/P2:raise2/P1:raise2/P2:c/C:J/P1:c/P2:raise4/P1:raise4,2,"['c', 'f']",152,9,[],"[557, 558, 559, 572, 591, 610, 611]"
/C:KJ/P1:c/P2:raise2/P1:raise2/P2:c/C:J/P1:c/P2:raise4,1,"['raise4', 'c', 'f']",84,8,[556],"[558, 559, 572, 591, 610, 611]"
/C:KJ/P1:c/P2:raise2/P1:raise2/P2:c/C:J/P1:c,2,"['raise4', 'c']",191,7,"[556, 557]","[559, 572, 591, 610, 611]"
/C:KJ/P1:c/P2:raise2/P1:raise2/P2:c/C:J,1,"['raise4', 'c']",111,6,"[554, 555, 556, 557, 558]","[572, 591, 610, 611]"
/C:KJ/P1:c/P2:raise2/P1:raise2/P2:c/C:Q/P1:raise4/P2:raise4,1,"['c', 'f']",136,8,[],"[561, 565, 572, 591, 610, 611]"
/C:KJ/P1:c/P2:raise2/P1:raise2/P2:c/C:Q/P1:raise4,2,"['raise4', 'c', 'f']",160,7,[560],"[565, 572, 591, 610, 611]"
/C:KJ/P1:c/P2:raise2/P1:raise2/P2:c/C:Q/P1:c/P2:raise4/P1:raise4,2,"['c', 'f']",223,9,[],"[563, 564, 565, 572, 591, 610, 611]"
/C:KJ/P1:c/P2:raise2/P1:raise2/P2:c/C:Q/P1:c/P2:raise4,1,"['raise4', 'c', 'f']",80,8,[562],"[564, 565, 572, 591, 610, 611]"
/C:KJ/P1:c/P2:raise2/P1:raise2/P2:c/C:Q/P1:c,2,"['raise4', 'c']",255,7,"[562, 563]","[565, 572, 591, 610, 611]"
/C:KJ/P1:c/P2:raise2/P1:raise2/P2:c/C:Q,1,"['raise4', 'c']",120,6,"[560, 561, 562, 563, 564]","[572, 591, 610, 611]"
/C:KJ/P1:c/P2:raise2/P1:raise2/P2:c/C:K/P1:raise4/P2:raise4,1,"['c', 'f']",88,8,[],"[567, 571, 572, 591, 610, 611]"
/C:KJ/P1:c/P2:raise2/P1:raise2/P2:c/C:K/P1:raise4,2,"['raise4', 'c', 'f']",159,7,[566],"[571, 572, 591, 610, 611]"
/C:KJ/P1:c/P2:raise2/P1:raise2/P2:c/C:K/P1:c/P2:raise4/P1:raise4,2,"['c', 'f']",236,9,[],"[569, 570, 571, 572, 591, 610, 611]"
/C:KJ/P1:c/P2:raise2/P1:raise2/P2:c/C:K/P1:c/P2:raise4,1,"['raise4', 'c', 'f']",37,8,[568],"[570, 571, 572, 591, 610, 611]"
/C:KJ/P1:c/P2:raise2/P1:raise2/P2:c/C:K/P1:c,2,"['raise4', 'c']",199,7,"[568, 569]","[571, 572, 591, 610, 611]"
/C:KJ/P1:c/P2:raise2/P1:raise2/P2:c/C:K,1,"['raise4', 'c']",112,6,"[566, 567, 568, 569, 570]","[572, 591, 610, 611]"
/C:KJ/P1:c/P2:raise2/P1:raise2,2,"['c', 'f']",161,4,"[554, 555, 556, 557, 558, 559, 560, 561, 562, 563, 564, 565, 566, 567, 568, 569, 570, 571]","[591, 610, 611]"
/C:KJ/P1:c/P2:raise2/P1:c/C:J/P1:raise4/P2:raise4,1,"['c', 'f']",142,7,[],"[574, 578, 591, 610, 611]"
/C:KJ/P1:c/P2:raise2/P1:c/C:J/P1:raise4,2,"['raise4', 'c', 'f']",198,6,[573],"[578, 591, 610, 611]"
/C:KJ/P1:c/P2:raise2/P1:c/C:J/P1:c/P2:raise4/P1:raise4,2,"['c', 'f']",201,8,[],"[576, 577, 578, 591, 610, 611]"
/C:KJ/P1:c/P2:raise2/P1:c/C:J/P1:c/P2:raise4,1,"['raise4', 'c', 'f']",132,7,[575],"[577, 578, 591, 610, 611]"
/C:KJ/P1:c/P2:raise2/P1:c/C:J/P1:c,2,"['raise4', 'c']",149,6,"[575, 576]","[578, 591, 610, 611]"
/C:KJ/P1:c/P2:raise2/P1:c/C:J,1,"['raise4', 'c']",122,5,"[573, 574, 575, 576, 577]","[591, 610, 611]"
/C:KJ/P1:c/P2:raise2/P1:c/C:Q/P1:raise4/P2:raise4,1,"['c', 'f']",28,7,[],"[580, 584, 591, 610, 611]"
/C:KJ/P1:c/P2:raise2/P1:c/C:Q/P1:raise4,2,"['raise4', 'c', 'f']",146,6,[579],"[584, 591, 610, 611]"
/C:KJ/P1:c/P2:raise2/P1:c/C:Q/P1:c/P2:raise4/P1:raise4,2,"['c', 'f']",282,8,[],"[582, 583, 584, 591, 610, 611]"
/C:KJ/P1:c/P2:raise2/P1:c/C:Q/P1:c/P2:raise4,1,"['raise4', 'c', 'f']",18,7,[581],"[583, 584, 591, 610, 611]"
/C:KJ/P1:c/P2:raise2/P1:c/C:Q/P1:c,2,"['raise4', 'c']",163,6,"[581, 582]","[584, 591, 610, 611]"
/C:KJ/P1:c/P2:raise2/P1:c/C:Q,1,"['raise4', 'c']",74,5,"[579, 580, 581, 582, 583]","[591, 610, 611]"
/C:KJ/P1:c/P2:raise2/P1:c/C:K/P1:raise4/P2:raise4,1,"['c', 'f']",16,7,[],"[586, 590, 591, 610, 611]"
/C:KJ/P1:c/P2:raise2/P1:c/C:K/P1:raise4,2,"['raise4', 'c', 'f']",176,6,[585],"[590, 591, 610, 611]"
/C:KJ/P1:c/P2:raise2/P1:c/C:K/P1:c/P2:raise4/P1:raise4,2,"['c', 'f']",262,8,[],"[588, 589, 590, 591, 610, 611]"
/C:KJ/P1:c/P2:raise2/P1:c/C:K/P1:c/P2:raise4,1,"['raise4', 'c', 'f']",79,7,[587],"[589, 590, 591, 610, 611]"
/C:KJ/P1:c/P2:raise2/P1:c/C:K/P1:c,2,"['raise4', 'c']",189,6,"[587, 588]","[590, 591, 610, 611]"
/C:KJ/P1:c/P2:raise2/P1:c/C:K,1,"['raise4', 'c']",121,5,"[585, 586, 587, 588, 589]","[591, 610, 611]"
/C:KJ/P1:c/P2:raise2,1,"['raise2', 'c', 'f']",72,3,"[554, 555, 556, 557, 558, 559, 560, 561, 562, 563, 564, 565, 566, 567, 568, 569, 570, 571, 572, 573, 574, 575, 576, 577, 578, 579, 580, 581, 582, 583, 584, 585, 586, 587, 588, 589, 590]","[610, 611]"
/C:KJ/P1:c/P2:c/C:J/P1:raise4/P2:raise4,1,"['c', 'f']",91,6,[],"[593, 597, 610, 611]"
/C:KJ/P1:c/P2:c/C:J/P1:raise4,2,"['raise4', 'c', 'f']",215,5,[592],"[597, 610, 611]"
/C:KJ/P1:c/P2:c/C:J/P1:c/P2:raise4/P1:raise4,2,"['c', 'f']",188,7,[],"[595, 596, 597, 610, 611]"
/C:KJ/P1:c/P2:c/C:J/P1:c/P2:raise4,1,"['raise4', 'c', 'f']",92,6,[594],"[596, 597, 610, 611]"
/C:KJ/P1:c/P2:c/C:J/P1:c,2,"['raise4', 'c']",228,5,"[594, 595]","[597, 610, 611]"
/C:KJ/P1:c/P2:c/C:J,1,"['raise4', 'c']",11,4,"[592, 593, 594, 595, 596]","[610, 611]"
/C:KJ/P1:c/P2:c/C:Q/P1:raise4/P2:raise4,1,"['c', 'f']",55,6,[],"[599, 603, 610, 611]"
/C:KJ/P1:c/P2:c/C:Q/P1:raise4,2,"['raise4', 'c', 'f']",202,5,[598],"[603, 610, 611]"
/C:KJ/P1:c/P2:c/C:Q/P1:c/P2:raise4/P1:raise4,2,"['c', 'f']",230,7,[],"[601, 602, 603, 610, 611]"
/C:KJ/P1:c/P2:c/C:Q/P1:c/P2:raise4,1,"['raise4', 'c', 'f']",3,6,[600],"[602, 603, 610, 611]"
/C:KJ/P1:c/P2:c/C:Q/P1:c,2,"['raise4', 'c']",274,5,"[600, 601]","[603, 610, 611]"
/C:KJ/P1:c/P2:c/C:Q,1,"['raise4', 'c']",2,4,"[598, 599, 600, 601, 602]","[610, 611]"
/C:KJ/P1:c/P2:c/C:K/P1:raise4/P2:raise4,1,"['c', 'f']",40,6,[],"[605, 609, 610, 611]"
/C:KJ/P1:c/P2:c/C:K/P1:raise4,2,"['raise4', 'c', 'f']",213,5,[604],"[609, 610, 611]"
/C:KJ/P1:c/P2:c/C:K/P1:c/P2:raise4/P1:raise4,2,"['c', 'f']",267,7,[],"[607, 608, 609, 610, 611]"
/C:KJ/P1:c/P2:c/C:K/P1:c/P2:raise4,1,"['raise4', 'c', 'f']",71,6,[606],"[608, 609, 610, 611]"
/C:KJ/P1:c/P2:c/C:K/P1:c,2,"['raise4', 'c']",242,5,"[606, 607]","[609, 610, 611]"
/C:KJ/P1:c/P2:c/C:K,1,"['raise4', 'c']",10,4,"[604, 605, 606, 607, 608]","[610, 611]"
/C:KJ/P1:c,2,"['raise2', 'c']",187,2,"[554, 555, 556, 557, 558, 559, 560, 561, 562, 563, 564, 565, 566, 567, 568, 569, 570, 571, 572, 573, 574, 575, 576, 577, 578, 579, 580, 581, 582, 583, 584, 585, 586, 587, 588, 589, 590, 591, 592, 593, 594, 595, 596, 597, 598, 599, 600, 601, 602, 603, 604, 605, 606, 607, 608, 609]",[611]
/C:KJ,1,"['raise2', 'c']",45,1,"[516, 517, 518, 519, 520, 521, 522, 523, 524, 525, 526, 527, 528, 529, 530, 531, 532, 533, 534, 535, 536, 537, 538, 539, 540, 541, 542, 543, 544, 545, 546, 547, 548, 549, 550, 551, 552, 553, 554, 555, 556, 557, 558, 559, 560, 561, 562, 563, 564, 565, 566, 567, 568, 569, 570, 571, 572, 573, 574, 575, 576, 577, 578, 579, 580, 581, 582, 583, 584, 585, 586, 587, 588, 589, 590, 591, 592, 593, 594, 595, 596, 597, 598, 599, 600, 601, 602, 603, 604, 605, 606, 607, 608, 609, 610]",[]
/C:KQ/P1:raise2/P2:raise2/P1:c/C:J/P1:raise4/P2:raise4,1,"['c', 'f']",46,7,[],"[613, 617, 630, 649, 707]"
/C:KQ/P1:raise2/P2:raise2/P1:c/C:J/P1:raise4,2,"['raise4', 'c', 'f']",195,6,[612],"[617, 630, 649, 707]"
/C:KQ/P1:raise2/P2:raise2/P1:c/C:J/P1:c/P2:raise4/P1:raise4,2,"['c', 'f']",153,8,[],"[615, 616, 617, 630, 649, 707]"
/C:KQ/P1:raise2/P2:raise2/P1:c/C:J/P1:c/P2:raise4,1,"['raise4', 'c', 'f']",140,7,[614],"[616, 617, 630, 649, 707]"
/C:KQ/P1:raise2/P2:raise2/P1:c/C:J/P1:c,2,"['raise4', 'c']",271,6,"[614, 615]","[617, 630, 649, 707]"
/C:KQ/P1:raise2/P2:raise2/P1:c/C:J,1,"['raise4', 'c']",22,5,"[612, 613, 614, 615, 616]","[630, 649, 707]"
/C:KQ/P1:raise2/P2:raise2/P1:c/C:Q/P1:raise4/P2:raise4,1,"['c', 'f']",41,7,[],"[619, 623, 630, 649, 707]"
/C:KQ/P1:raise2/P2:raise2/P1:c/C:Q/P1:raise4,2,"['raise4', 'c', 'f']",148,6,[618],"[623, 630, 649, 707]"
/C:KQ/P1:raise2/P2:raise2/P1:c/C:Q/P1:c/P2:raise4/P1:raise4,2,"['c', 'f']",167,8,[],"[621, 622, 623, 630, 649, 707]"
/C:KQ/P1:raise2/P2:raise2/P1:c/C:Q/P1:c/P2:raise4,1,"['raise4', 'c', 'f']",59,7,[620],"[622, 623, 630, 649, 707]"
/C:KQ/P1:raise2/P2:raise2/P1:c/C:Q/P1:c,2,"['raise4', 'c']",173,6,"[620, 621]","[623, 630, 649, 707]"
/C:KQ/P1:raise2/P2:raise2/P1:c/C:Q,1,"['raise4', 'c']",27,5,"[618, 619, 620, 621, 622]","[630, 649, 707]"
/C:KQ/P1:raise2/P2:raise2/P1:c/C:K/P1:raise4/P2:raise4,1,"['c', 'f']",85,7,[],"[625, 629, 630, 649, 707]"
/C:KQ/P1:raise2/P2:raise2/P1:c/C:K/P1:raise4,2,"['raise4', 'c', 'f']",183,6,[624],"[629, 630, 649, 707]"
/C:KQ/P1:raise2/P2:raise2/P1:c/C:K/P1:c/P2:raise4/P1:raise4,2,"['c', 'f']",150,8,[],"[627, 628, 629, 630, 649, 707]"
/C:KQ/P1:raise2/P2:raise2/P1:c/C:K/P1:c/P2:raise4,1,"['raise4', 'c', 'f']",13,7,[626],"[628, 629, 630, 649, 707]"
/C:KQ/P1:raise2/P2:raise2/P1:c/C:K/P1:c,2,"['raise4', 'c']",272,6,"[626, 627]","[629, 630, 649, 707]"
/C:KQ/P1:raise2/P2:raise2/P1:c/C:K,1,"['raise4', 'c']",21,5,"[624, 625, 626, 627, 628]","[630, 649, 707]"
/C:KQ/P1:raise2/P2:raise2,1,"['c', 'f']",12,3,"[612, 613, 614, 615, 616, 617, 618, 619, 620, 621, 622, 623, 624, 625, 626, 627, 628, 629]","[649, 707]"
/C:KQ/P1:raise2/P2:c/C:J/P1:raise4/P2:raise4,1,"['c', 'f']",89,6,[],"[632, 636, 649, 707]"
/C:KQ/P1:raise2/P2:c/C:J/P1:raise4,2,"['raise4', 'c', 'f']",280,5,[631],"[636, 649, 707]"
/C:KQ/P1:raise2/P2:c/C:J/P1:c/P2:raise4/P1:raise4,2,"['c', 'f']",253,7,[],"[634, 635, 636, 649, 707]"
/C:KQ/P1:raise2/P2:c/C:J/P1:c/P2:raise4,1,"['raise4', 'c', 'f']",65,6,[633],"[635, 636, 649, 707]"
/C:KQ/P1:raise2/P2:c/C:J/P1:c,2,"['raise4', 'c']",270,5,"[633, 634]","[636, 649, 707]"
/C:KQ/P1:raise2/P2:c/C:J,1,"['raise4', 'c']",47,4,"[631, 632, 633, 634, 635]","[649, 707]"
/C:KQ/P1:raise2/P2:c/C:Q/P1:raise4/P2:raise4,1,"['c', 'f']",143,6,[],"[638, 642, 649, 707]"
/C:KQ/P1:raise2/P2:c/C:Q/P1:raise4,2,"['raise4', 'c', 'f']",239,5,[637],"[642, 649, 707]"
/C:KQ/P1:raise2/P2:c/C:Q/P1:c/P2:raise4/P1:raise4,2,"['c', 'f']",240,7,[],"[640, 641, 642, 649, 707]"
/C:KQ/P1:raise2/P2:c/C:Q/P1:c/P2:raise4,1,"['raise4', 'c', 'f']",76,6,[639],"[641, 642, 649, 707]"
/C:KQ/P1:raise2/P2:c/C:Q/P1:c,2,"['raise4', 'c']",269,5,"[639, 640]","[642, 649, 707]"
/C:KQ/P1:raise2/P2:c/C:Q,1,"['raise4', 'c']",39,4,"[637, 638, 639, 640, 641]","[649, 707]"
/C:KQ/P1:raise2/P2:c/C:K/P1:raise4/P2:raise4,1,"['c', 'f']",38,6,[],"[644, 648, 649, 707]"
/C:KQ/P1:raise2/P2:c/C:K/P1:raise4,2,"['raise4', 'c', 'f']",278,5,[643],"[648, 649, 707]"
/C:KQ/P1:raise2/P2:c/C:K/P1:c/P2:raise4/P1:raise4,2,"['c', 'f']",263,7,[],"[646, 647, 648, 649, 707]"
/C:KQ/P1:raise2/P2:c/C:K/P1:c/P2:raise4,1,"['raise4', 'c', 'f']",50,6,[645],"[647, 648, 649, 707]"
/C:KQ/P1:raise2/P2:c/C:K/P1:c,2,"['raise4', 'c']",264,5,"[645, 646]","[648, 649, 707]"
/C:KQ/P1:raise2/P2:c/C:K,1,"['raise4', 'c']",114,4,"[643, 644, 645, 646, 647]","[649, 707]"
/C:KQ/P1:raise2,2,"['raise2', 'c', 'f']",249,2,"[612, 613, 614, 615, 616, 617, 618, 619, 620, 621, 622, 623, 624, 625, 626, 627, 628, 629, 630, 631, 632, 633, 634, 635, 636, 637, 638, 639, 640, 641, 642, 643, 644, 645, 646, 647, 648]",[707]
/C:KQ/P1:c/P2:raise2/P1:raise2/P2:c/C:J/P1:raise4/P2:raise4,1,"['c', 'f']",56,8,[],"[651, 655, 668, 687, 706, 707]"
/C:KQ/P1:c/P2:raise2/P1:raise2/P2:c/C:J/P1:raise4,2,"['raise4', 'c', 'f']",154,7,[650],"[655, 668, 687, 706, 707]"
/C:KQ/P1:c/P2:raise2/P1:raise2/P2:c/C:J/P1:c/P2:raise4/P1:raise4,2,"['c', 'f']",281,9,[],"[653, 654, 655, 668, 687, 706, 707]"
/C:KQ/P1:c/P2:raise2/P1:raise2/P2:c/C:J/P1:c/P2:raise4,1,"['raise4', 'c', 'f']",84,8,[652],"[654, 655, 668, 687, 706, 707]"
/C:KQ/P1:c/P2:raise2/P1:raise2/P2:c/C:J/P1:c,2,"['raise4', 'c']",204,7,"[652, 653]","[655, 668, 687, 706, 707]"
/C:KQ/P1:c/P2:raise2/P1:raise2/P2:c/C:J,1,"['raise4', 'c']",111,6,"[650, 651, 652, 653, 654]","[668, 687, 706, 707]"
/C:KQ/P1:c/P2:raise2/P1:raise2/P2:c/C:Q/P1:raise4/P2:raise4,1,"['c', 'f']",136,8,[],"[657, 661, 668, 687, 706, 707]"
/C:KQ/P1:c/P2:raise2/P1:raise2/P2:c/C:Q/P1:raise4,2,"['raise4', 'c', 'f']",225,7,[656],"[661, 668, 687, 706, 707]"
/C:KQ/P1:c/P2:raise2/P1:raise2/P2:c/C:Q/P1:c/P2:raise4/P1:raise4,2,"['c', 'f']",261,9,[],"[659, 660, 661, 668, 687, 706, 707]"
/C:KQ/P1:c/P2:raise2/P1:raise2/P2:c/C:Q/P1:c/P2:raise4,1,"['raise4', 'c', 'f']",80,8,[658],"[660, 661, 668, 687, 706, 707]"
/C:KQ/P1:c/P2:raise2/P1:raise2/P2:c/C:Q/P1:c,2,"['raise4', 'c']",241,7,"[658, 659]","[661, 668, 687, 706, 707]"
/C:KQ/P1:c/P2:raise2/P1:raise2/P2:c/C:Q,1,"['raise4', 'c']",120,6,"[656, 657, 658, 659, 660]","[668, 687, 706, 707]"
/C:KQ/P1:c/P2:raise2/P1:raise2/P2:c/C:K/P1:raise4/P2:raise4,1,"['c', 'f']",88,8,[],"[663, 667, 668, 687, 706, 707]"
/C:KQ/P1:c/P2:raise2/P1:raise2/P2:c/C:K/P1:raise4,2,"['raise4', 'c', 'f']",233,7,[662],"[667, 668, 687, 706, 707]"
/C:KQ/P1:c/P2:raise2/P1:raise2/P2:c/C:K/P1:c/P2:raise4/P1:raise4,2,"['c', 'f']",151,9,[],"[665, 666, 667, 668, 687, 706, 707]"
/C:KQ/P1:c/P2:raise2/P1:raise2/P2:c/C:K/P1:c/P2:raise4,1,"['raise4', 'c', 'f']",37,8,[664],"[666, 667, 668, 687, 706, 707]"
/C:KQ/P1:c/P2:raise2/P1:raise2/P2:c/C:K/P1:c,2,"['raise4', 'c']",238,7,"[664, 665]","[667, 668, 687, 706, 707]"
/C:KQ/P1:c/P2:raise2/P1:raise2/P2:c/C:K,1,"['raise4', 'c']",112,6,"[662, 663, 664, 665, 666]","[668, 687, 706, 707]"
/C:KQ/P1:c/P2:raise2/P1:raise2,2,"['c', 'f']",235,4,"[650, 651, 652, 653, 654, 655, 656, 657, 658, 659, 660, 661, 662, 663, 664, 665, 666, 667]","[687, 706, 707]"
/C:KQ/P1:c/P2:raise2/P1:c/C:J/P1:raise4/P2:raise4,1,"['c', 'f']",142,7,[],"[670, 674, 687, 706, 707]"
/C:KQ/P1:c/P2:raise2/P1:c/C:J/P1:raise4,2,"['raise4', 'c', 'f']",180,6,[669],"[674, 687, 706, 707]"
/C:KQ/P1:c/P2:raise2/P1:c/C:J/P1:c/P2:raise4/P1:raise4,2,"['c', 'f']",207,8,[],"[672, 673, 674, 687, 706, 707]"
/C:KQ/P1:c/P2:raise2/P1:c/C:J/P1:c/P2:raise4,1,"['raise4', 'c', 'f']",132,7,[671],"[673, 674, 687, 706, 707]"
/C:KQ/P1:c/P2:raise2/P1:c/C:J/P1:c,2,"['raise4', 'c']",226,6,"[671, 672]","[674, 687, 706, 707]"
/C:KQ/P1:c/P2:raise2/P1:c/C:J,1,"['raise4', 'c']",122,5,"[669, 670, 671, 672, 673]","[687, 706, 707]"
/C:KQ/P1:c/P2:raise2/P1:c/C:Q/P1:raise4/P2:raise4,1,"['c', 'f']",28,7,[],"[676, 680, 687, 706, 707]"
/C:KQ/P1:c/P2:raise2/P1:c/C:Q/P1:raise4,2,"['raise4', 'c', 'f']",275,6,[675],"[680, 687, 706, 707]"
/C:KQ/P1:c/P2:raise2/P1:c/C:Q/P1:c/P2:raise4/P1:raise4,2,"['c', 'f']",144,8,[],"[678, 679, 680, 687, 706, 707]"
/C:KQ/P1:c/P2:raise2/P1:c/C:Q/P1:c/P2:raise4,1,"['raise4', 'c', 'f']",18,7,[677],"[679, 680, 687, 706, 707]"
/C:KQ/P1:c/P2:raise2/P1:c/C:Q/P1:c,2,"['raise4', 'c']",276,6,"[677, 678]","[680, 687, 706, 707]"
/C:KQ/P1:c/P2:raise2/P1:c/C:Q,1,"['raise4', 'c']",74,5,"[675, 676, 677, 678, 679]","[687, 706, 707]"
/C:KQ/P1:c/P2:raise2/P1:c/C:K/P1:raise4/P2:raise4,1,"['c', 'f']",16,7,[],"[682, 686, 687, 706, 707]"
/C:KQ/P1:c/P2:raise2/P1:c/C:K/P1:raise4,2,"['raise4', 'c', 'f']",177,6,[681],"[686, 687, 706, 707]"
/C:KQ/P1:c/P2:raise2/P1:c/C:K/P1:c/P2:raise4/P1:raise4,2,"['c', 'f']",197,8,[],"[684, 685, 686, 687, 706, 707]"
/C:KQ/P1:c/P2:raise2/P1:c/C:K/P1:c/P2:raise4,1,"['raise4', 'c', 'f']",79,7,[683],"[685, 686, 687, 706, 707]"
/C:KQ/P1:c/P2:raise2/P1:c/C:K/P1:c,2,"['raise4', 'c']",186,6,"[683, 684]","[686, 687, 706, 707]"
/C:KQ/P1:c/P2:raise2/P1:c/C:K,1,"['raise4', 'c']",121,5,"[681, 682, 683, 684, 685]","[687, 706, 707]"
/C:KQ/P1:c/P2:raise2,1,"['raise2', 'c', 'f']",72,3,"[650, 651, 652, 653, 654, 655, 656, 657, 658, 659, 660, 661, 662, 663, 664, 665, 666, 667, 668, 669, 670, 671, 672, 673, 674, 675, 676, 677, 678, 679, 680, 681, 682, 683, 684, 685, 686]","[706, 707]"
/C:KQ/P1:c/P2:c/C:J/P1:raise4/P2:raise4,1,"['c', 'f']",91,6,[],"[689, 693, 706, 707]"
/C:KQ/P1:c/P2:c/C:J/P1:raise4,2,"['raise4', 'c', 'f']",256,5,[688],"[693, 706, 707]"
/C:KQ/P1:c/P2:c/C:J/P1:c/P2:raise4/P1:raise4,2,"['c', 'f']",181,7,[],"[691, 692, 693, 706, 707]"
/C:KQ/P1:c/P2:c/C:J/P1:c/P2:raise4,1,"['raise4', 'c', 'f']",92,6,[690],"[692, 693, 706, 707]"
/C:KQ/P1:c/P2:c/C:J/P1:c,2,"['raise4', 'c']",165,5,"[690, 691]","[693, 706, 707]"
/C:KQ/P1:c/P2:c/C:J,1,"['raise4', 'c']",11,4,"[688, 689, 690, 691, 692]","[706, 707]"
/C:KQ/P1:c/P2:c/C:Q/P1:raise4/P2:raise4,1,"['c', 'f']",55,6,[],"[695, 699, 706, 707]"
/C:KQ/P1:c/P2:c/C:Q/P1:raise4,2,"['raise4', 'c', 'f']",217,5,[694],"[699, 706, 707]"
/C:KQ/P1:c/P2:c/C:Q/P1:c/P2:raise4/P1:raise4,2,"['c', 'f']",266,7,[],"[697, 698, 699, 706, 707]"
/C:KQ/P1:c/P2:c/C:Q/P1:c/P2:raise4,1,"['raise4', 'c', 'f']",3,6,[696],"[698, 699, 706, 707]"
/C:KQ/P1:c/P2:c/C:Q/P1:c,2,"['raise4', 'c']",212,5,"[696, 697]","[699, 706, 707]"
/C:KQ/P1:c/P2:c/C:Q,1,"['raise4', 'c']",2,4,"[694, 695, 696, 697, 698]","[706, 707]"
/C:KQ/P1:c/P2:c/C:K/P1:raise4/P2:raise4,1,"['c', 'f']",40,6,[],"[701, 705, 706, 707]"
/C:KQ/P1:c/P2:c/C:K/P1:raise4,2,"['raise4', 'c', 'f']",219,5,[700],"[705, 706, 707]"
/C:KQ/P1:c/P2:c/C:K/P1:c/P2:raise4/P1:raise4,2,"['c', 'f']",279,7,[],"[703, 704, 705, 706, 707]"
/C:KQ/P1:c/P2:c/C:K/P1:c/P2:raise4,1,"['raise4', 'c', 'f']",71,6,[702],"[704, 705, 706, 707]"
/C:KQ/P1:c/P2:c/C:K/P1:c,2,"['raise4', 'c']",243,5,"[702, 703]","[705, 706, 707]"
/C:KQ/P1:c/P2:c/C:K,1,"['raise4', 'c']",10,4,"[700, 701, 702, 703, 704]","[706, 707]"
/C:KQ/P1:c,2,"['raise2', 'c']",234,2,"[650, 651, 652, 653, 654, 655, 656, 657, 658, 659, 660, 661, 662, 663, 664, 665, 666, 667, 668, 669, 670, 671, 672, 673, 674, 675, 676, 677, 678, 679, 680, 681, 682, 683, 684, 685, 686, 687, 688, 689, 690, 691, 692, 693, 694, 695, 696, 697, 698, 699, 700, 701, 702, 703, 704, 705]",[707]
/C:KQ,1,"['raise2', 'c']",45,1,"[612, 613, 614, 615, 616, 617, 618, 619, 620, 621, 622, 623, 624, 625, 626, 627, 628, 629, 630, 631, 632, 633, 634, 635, 636, 637, 638, 639, 640, 641, 642, 643, 644, 645, 646, 647, 648, 649, 650, 651, 652, 653, 654, 655, 656, 657, 658, 659, 660, 661, 662, 663, 664, 665, 666, 667, 668, 669, 670, 671, 672, 673, 674, 675, 676, 677, 678, 679, 680, 681, 682, 683, 684, 685, 686, 687, 688, 689, 690, 691, 692, 693, 694, 695, 696, 697, 698, 699, 700, 701, 702, 703, 704, 705, 706]",[]
/C:KK/P1:raise2/P2:raise2/P1:c/C:J/P1:raise4/P2:raise4,1,"['c', 'f']",46,7,[],"[709, 713, 720, 733, 773]"
/C:KK/P1:raise2/P2:raise2/P1:c/C:J/P1:raise4,2,"['raise4', 'c', 'f']",285,6,[708],"[713, 720, 733, 773]"
/C:KK/P1:raise2/P2:raise2/P1:c/C:J/P1:c/P2:raise4/P1:raise4,2,"['c', 'f']",209,8,[],"[711, 712, 713, 720, 733, 773]"
/C:KK/P1:raise2/P2:raise2/P1:c/C:J/P1:c/P2:raise4,1,"['raise4', 'c', 'f']",140,7,[710],"[712, 713, 720, 733, 773]"
/C:KK/P1:raise2/P2:raise2/P1:c/C:J/P1:c,2,"['raise4', 'c']",218,6,"[710, 711]","[713, 720, 733, 773]"
/C:KK/P1:raise2/P2:raise2/P1:c/C:J,1,"['raise4', 'c']",22,5,"[708, 709, 710, 711, 712]","[720, 733, 773]"
/C:KK/P1:raise2/P2:raise2/P1:c/C:Q/P1:raise4/P2:raise4,1,"['c', 'f']",41,7,[],"[715, 719, 720, 733, 773]"
/C:KK/P1:raise2/P2:raise2/P1:c/C:Q/P1:raise4,2,"['raise4', 'c', 'f']",168,6,[714],"[719, 720, 733, 773]"
/C:KK/P1:raise2/P2:raise2/P1:c/C:Q/P1:c/P2:raise4/P1:raise4,2,"['c', 'f']",206,8,[],"[717, 718, 719, 720, 733, 773]"
/C:KK/P1:raise2/P2:raise2/P1:c/C:Q/P1:c/P2:raise4,1,"['raise4', 'c', 'f']",59,7,[716],"[718, 719, 720, 733, 773]"
/C:KK/P1:raise2/P2:raise2/P1:c/C:Q/P1:c,2,"['raise4', 'c']",172,6,"[716, 717]","[719, 720, 733, 773]"
/C:KK/P1:raise2/P2:raise2/P1:c/C:Q,1,"['raise4', 'c']",27,5,"[714, 715, 716, 717, 718]","[720, 733, 773]"
/C:KK/P1:raise2/P2:raise2,1,"['c', 'f']",12,3,"[708, 709, 710, 711, 712, 713, 714, 715, 716, 717, 718, 719]","[733, 773]"
/C:KK/P1:raise2/P2:c/C:J/P1:raise4/P2:raise4,1,"['c', 'f']",89,6,[],"[722, 726, 733, 773]"
/C:KK/P1:raise2/P2:c/C:J/P1:raise4,2,"['raise4', 'c', 'f']",257,5,[721],"[726, 733, 773]"
/C:KK/P1:raise2/P2:c/C:J/P1:c/P2:raise4/P1:raise4,2,"['c', 'f']",247,7,[],"[724, 725, 726, 733, 773]"
/C:KK/P1:raise2/P2:c/C:J/P1:c/P2:raise4,1,"['raise4', 'c', 'f']",65,6,[723],"[725, 726, 733, 773]"
/C:KK/P1:raise2/P2:c/C:J/P1:c,2,"['raise4', 'c']",252,5,"[723, 724]","[726, 733, 773]"
/C:KK/P1:raise2/P2:c/C:J,1,"['raise4', 'c']",47,4,"[721, 722, 723, 724, 725]","[733, 773]"
/C:KK/P1:raise2/P2:c/C:Q/P1:raise4/P2:raise4,1,"['c', 'f']",143,6,[],"[728, 732, 733, 773]"
/C:KK/P1:raise2/P2:c/C:Q/P1:raise4,2,"['raise4', 'c', 'f']",265,5,[727],"[732, 733, 773]"
/C:KK/P1:raise2/P2:c/C:Q/P1:c/P2:raise4/P1:raise4,2,"['c', 'f']",237,7,[],"[730, 731, 732, 733, 773]"
/C:KK/P1:raise2/P2:c/C:Q/P1:c/P2:raise4,1,"['raise4', 'c', 'f']",76,6,[729],"[731, 732, 733, 773]"
/C:KK/P1:raise2/P2:c/C:Q/P1:c,2,"['raise4', 'c']",245,5,"[729, 730]","[732, 733, 773]"
/C:KK/P1:raise2/P2:c/C:Q,1,"['raise4', 'c']",39,4,"[727, 728, 729, 730, 731]","[733, 773]"
/C:KK/P1:raise2,2,"['raise2', 'c', 'f']",193,2,"[708, 709, 710, 711, 712, 713, 714, 715, 716, 717, 718, 719, 720, 721, 722, 723, 724, 725, 726, 727, 728, 729, 730, 731, 732]",[773]
/C:KK/P1:c/P2:raise2/P1:raise2/P2:c/C:J/P1:raise4/P2:raise4,1,"['c', 'f']",56,8,[],"[735, 739, 746, 759, 772, 773]"
/C:KK/P1:c/P2:raise2/P1:raise2/P2:c/C:J/P1:raise4,2,"['raise4', 'c', 'f']",205,7,[734],"[739, 746, 759, 772, 773]"
/C:KK/P1:c/P2:raise2/P1:raise2/P2:c/C:J/P1:c/P2:raise4/P1:raise4,2,"['c', 'f']",284,9,[],"[737, 738, 739, 746, 759, 772, 773]"
/C:KK/P1:c/P2:raise2/P1:raise2/P2:c/C:J/P1:c/P2:raise4,1,"['raise4', 'c', 'f']",84,8,[736],"[738, 739, 746, 759, 772, 773]"
/C:KK/P1:c/P2:raise2/P1:raise2/P2:c/C:J/P1:c,2,"['raise4', 'c']",248,7,"[736, 737]","[739, 746, 759, 772, 773]"
/C:KK/P1:c/P2:raise2/P1:raise2/P2:c/C:J,1,"['raise4', 'c']",111,6,"[734, 735, 736, 737, 738]","[746, 759, 772, 773]"
/C:KK/P1:c/P2:raise2/P1:raise2/P2:c/C:Q/P1:raise4/P2:raise4,1,"['c', 'f']",136,8,[],"[741, 745, 746, 759, 772, 773]"
/C:KK/P1:c/P2:raise2/P1:raise2/P2:c/C:Q/P1:raise4,2,"['raise4', 'c', 'f']",179,7,[740],"[745, 746, 759, 772, 773]"
/C:KK/P1:c/P2:raise2/P1:raise2/P2:c/C:Q/P1:c/P2:raise4/P1:raise4,2,"['c', 'f']",156,9,[],"[743, 744, 745, 746, 759, 772, 773]"
/C:KK/P1:c/P2:raise2/P1:raise2/P2:c/C:Q/P1:c/P2:raise4,1,"['raise4', 'c', 'f']",80,8,[742],"[744, 745, 746, 759, 772, 773]"
/C:KK/P1:c/P2:raise2/P1:raise2/P2:c/C:Q/P1:c,2,"['raise4', 'c']",221,7,"[742, 743]","[745, 746, 759, 772, 773]"
/C:KK/P1:c/P2:raise2/P1:raise2/P2:c/C:Q,1,"['raise4', 'c']",120,6,"[740, 741, 742, 743, 744]","[746, 759, 772, 773]"
/C:KK/P1:c/P2:raise2/P1:raise2,2,"['c', 'f']",169,4,"[734, 735, 736, 737, 738, 739, 740, 741, 742, 743, 744, 745]","[759, 772, 773]"
/C:KK/P1:c/P2:raise2/P1:c/C:J/P1:raise4/P2:raise4,1,"['c', 'f']",142,7,[],"[748, 752, 759, 772, 773]"
/C:KK/P1:c/P2:raise2/P1:c/C:J/P1:raise4,2,"['raise4', 'c', 'f']",192,6,[747],"[752, 759, 772, 773]"
/C:KK/P1:c/P2:raise2/P1:c/C:J/P1:c/P2:raise4/P1:raise4,2,"['c', 'f']",287,8,[],"[750, 751, 752, 759, 772, 773]"
/C:KK/P1:c/P2:raise2/P1:c/C:J/P1:c/P2:raise4,1,"['raise4', 'c', 'f']",132,7,[749],"[751, 752, 759, 772, 773]"
/C:KK/P1:c/P2:raise2/P1:c/C:J/P1:c,2,"['raise4', 'c']",200,6,"[749, 750]","[752, 759, 772, 773]"
/C:KK/P1:c/P2:raise2/P1:c/C:J,1,"['raise4', 'c']",122,5,"[747, 748, 749, 750, 751]","[759, 772, 773]"
/C:KK/P1:c/P2:raise2/P1:c/C:Q/P1:raise4/P2:raise4,1,"['c', 'f']",28,7,[],"[754, 758, 759, 772, 773]"
/C:KK/P1:c/P2:raise2/P1:c/C:Q/P1:raise4,2,"['raise4', 'c', 'f']",166,6,[753],"[758, 759, 772, 773]"
/C:KK/P1:c/P2:raise2/P1:c/C:Q/P1:c/P2:raise4/P1:raise4,2,"['c', 'f']",227,8,[],"[756, 757, 758, 759, 772, 773]"
/C:KK/P1:c/P2:raise2/P1:c/C:Q/P1:c/P2:raise4,1,"['raise4', 'c', 'f']",18,7,[755],"[757, 758, 759, 772, 773]"
/C:KK/P1:c/P2:raise2/P1:c/C:Q/P1:c,2,"['raise4', 'c']",178,6,"[755, 756]","[758, 759, 772, 773]"
/C:KK/P1:c/P2:raise2/P1:c/C:Q,1,"['raise4', 'c']",74,5,"[753, 754, 755, 756, 757]","[759, 772, 773]"
/C:KK/P1:c/P2:raise2,1,"['raise2', 'c', 'f']",72,3,"[734, 735, 736, 737, 738, 739, 740, 741, 742, 743, 744, 745, 746, 747, 748, 749, 750, 751, 752, 753, 754, 755, 756, 757, 758]","[772, 773]"
/C:KK/P1:c/P2:c/C:J/P1:raise4/P2:raise4,1,"['c', 'f']",91,6,[],"[761, 765, 772, 773]"
/C:KK/P1:c/P2:c/C:J/P1:raise4,2,"['raise4', 'c', 'f']",268,5,[760],"[765, 772, 773]"
/C:KK/P1:c/P2:c/C:J/P1:c/P2:raise4/P1:raise4,2,"['c', 'f']",224,7,[],"[763, 764, 765, 772, 773]"
/C:KK/P1:c/P2:c/C:J/P1:c/P2:raise4,1,"['raise4', 'c', 'f']",92,6,[762],"[764, 765, 772, 773]"
/C:KK/P1:c/P2:c/C:J/P1:c,2,"['raise4', 'c']",254,5,"[762, 763]","[765, 772, 773]"
/C:KK/P1:c/P2:c/C:J,1,"['raise4', 'c']",11,4,"[760, 761, 762, 763, 764]","[772, 773]"
/C:KK/P1:c/P2:c/C:Q/P1:raise4/P2:raise4,1,"['c', 'f']",55,6,[],"[767, 771, 772, 773]"
/C:KK/P1:c/P2:c/C:Q/P1:raise4,2,"['raise4', 'c', 'f']",190,5,[766],"[771, 772, 773]"
/C:KK/P1:c/P2:c/C:Q/P1:c/P2:raise4/P1:raise4,2,"['c', 'f']",246,7,[],"[769, 770, 771, 772, 773]"
/C:KK/P1:c/P2:c/C:Q/P1:c/P2:raise4,1,"['raise4', 'c', 'f']",3,6,[768],"[770, 771, 772, 773]"
/C:KK/P1:c/P2:c/C:Q/P1:c,2,"['raise4', 'c']",216,5,"[768, 769]","[771, 772, 773]"
/C:KK/P1:c/P2:c/C:Q,1,"['raise4', 'c']",2,4,"[766, 767, 768, 769, 770]","[772, 773]"
/C:KK/P1:c,2,"['raise2', 'c']",277,2,"[734, 735, 736, 737, 738, 739, 740, 741, 742, 743, 744, 745, 746, 747, 748, 749, 750, 751, 752, 753, 754, 755, 756, 757, 758, 759, 760, 761, 762, 763, 764, 765, 766, 767, 768, 769, 770, 771]",[773]
/C:KK,1,"['raise2', 'c']",45,1,"[708, 709, 710, 711, 712, 713, 714, 715, 716, 717, 718, 719, 720, 721, 722, 723, 724, 725, 726, 727, 728, 729, 730, 731, 732, 733, 734, 735, 736, 737, 738, 739, 740, 741, 742, 743, 744, 745, 746, 747, 748, 749, 750, 751, 752, 753, 754, 755, 756, 757, 758, 759, 760, 761, 762, 763, 764, 765, 766, 767, 768, 769, 770, 771, 772]",[]
