History,Members,Depth,Index_Members,Player,Payoff_Vector_P1,Sons,All_Sons,Parents,Actions,Probability
/J?/P1:raise2/P2:raise2/P1:c/C:J,"['/C:JQ/P1:raise2/P2:raise2/P1:c/C:J', '/C:JK/P1:raise2/P2:raise2/P1:c/C:J']",5,"[179, 419]",1,"[13.0, -9.0, 9.0, 5.0, 13.0, 9.0, 9.0, -5.0, 5.0]","[7, 75]","[7, 75, 153, 195, 271, 209, 218, 285]","[33, 87]","['raise4', 'c']",0.005555555555555555
/J?/P1:raise2/P2:raise2/P1:c/C:K,"['/C:JJ/P1:raise2/P2:raise2/P1:c/C:K', '/C:JQ/P1:raise2/P2:raise2/P1:c/C:K', '/C:JK/P1:raise2/P2:raise2/P1:c/C:K']",5,"[29, 209, 449]",1,"[-13.0, -9.0, -9.0, 5.0, -13.0, 9.0, -9.0, -5.0, -5.0]","[102, 104]","[102, 104, 229, 258, 286, 150, 183, 272, 184, 231, 250]","[33, 87]","['raise4', 'c']",0.01111111111111111
/K?/P1:c/P2:c/C:Q,"['/C:KJ/P1:c/P2:c/C:Q', '/C:KQ/P1:c/P2:c/C:Q', '/C:KK/P1:c/P2:c/C:Q']",4,"[1511, 1751, 1931]",1,"[0.0, -5.0, 0.0, 1.0, 0.0, 5.0, 0.0, -1.0, 0.0]","[3, 55]","[3, 55, 202, 230, 274, 212, 217, 266, 190, 216, 246]",[45],"['raise4', 'c']",0.03333333333333333
/K?/P1:c/P2:c/C:Q/P1:c/P2:raise4,"['/C:KJ/P1:c/P2:c/C:Q/P1:c/P2:raise4', '/C:KQ/P1:c/P2:c/C:Q/P1:c/P2:raise4', '/C:KK/P1:c/P2:c/C:Q/P1:c/P2:raise4']",6,"[1508, 1748, 1928]",1,"[0.0, 5.0, 0.0, -1.0]",[],"[230, 266, 246]","[2, 45]","['raise4', 'c', 'f']",0.008333333333333333
/Q?/P1:c/P2:raise2/P1:c/C:J/P1:c/P2:raise4,"['/C:QJ/P1:c/P2:raise2/P1:c/C:J/P1:c/P2:raise4', '/C:QQ/P1:c/P2:raise2/P1:c/C:J/P1:c/P2:raise4', '/C:QK/P1:c/P2:raise2/P1:c/C:J/P1:c/P2:raise4']",7,"[800, 995, 1205]",1,"[-11.0, 7.0, -7.0, -3.0]",[],"[201, 207, 287]","[53, 95, 138]","['raise4', 'c', 'f']",0.0027777777777777775
/J?/P1:c/P2:raise2/P1:raise2/P2:c/C:K/P1:raise4/P2:raise4,"['/C:JJ/P1:c/P2:raise2/P1:raise2/P2:c/C:K/P1:raise4/P2:raise4', '/C:JQ/P1:c/P2:raise2/P1:raise2/P2:c/C:K/P1:raise4/P2:raise4', '/C:JK/P1:c/P2:raise2/P1:raise2/P2:c/C:K/P1:raise4/P2:raise4']",8,"[83, 293, 533]",1,"[-13.0, -9.0]",[],[],"[33, 105, 141]","['c', 'f']",0.0009259259259259257
/Q?/P1:c/P2:raise2/P1:raise2/P2:c/C:Q/P1:raise4/P2:raise4,"['/C:QJ/P1:c/P2:raise2/P1:raise2/P2:c/C:Q/P1:raise4/P2:raise4', '/C:QK/P1:c/P2:raise2/P1:raise2/P2:c/C:Q/P1:raise4/P2:raise4']",8,"[758, 1163]",1,"[13.0, -9.0]",[],[],"[53, 100, 138]","['c', 'f']",0.00046296296296296287
/J?/P1:raise2/P2:raise2/P1:c/C:J/P1:c/P2:raise4,"['/C:JQ/P1:raise2/P2:raise2/P1:c/C:J/P1:c/P2:raise4', '/C:JK/P1:raise2/P2:raise2/P1:c/C:J/P1:c/P2:raise4']",7,"[176, 416]",1,"[13.0, 9.0, 9.0, -5.0]",[],"[153, 209]","[0, 33, 87]","['raise4', 'c', 'f']",0.0013888888888888887
/Q?/P1:c/P2:raise2/P1:raise2/P2:c/C:K/P1:c/P2:raise4,"['/C:QJ/P1:c/P2:raise2/P1:raise2/P2:c/C:K/P1:c/P2:raise4', '/C:QQ/P1:c/P2:raise2/P1:raise2/P2:c/C:K/P1:c/P2:raise4', '/C:QK/P1:c/P2:raise2/P1:raise2/P2:c/C:K/P1:c/P2:raise4']",8,"[782, 977, 1187]",1,"[-13.0, 9.0, -9.0, -5.0]",[],"[236, 151, 203]","[53, 99, 138]","['raise4', 'c', 'f']",0.0013888888888888887
/J?/P1:raise2/P2:raise2/P1:c/C:Q,"['/C:JJ/P1:raise2/P2:raise2/P1:c/C:Q', '/C:JQ/P1:raise2/P2:raise2/P1:c/C:Q', '/C:JK/P1:raise2/P2:raise2/P1:c/C:Q']",5,"[14, 194, 434]",1,"[-13.0, -9.0, -9.0, 5.0, -13.0, 9.0, -9.0, -5.0, -5.0]","[90, 110]","[90, 110, 196, 222, 259, 148, 167, 173, 168, 172, 206]","[33, 87]","['raise4', 'c']",0.01111111111111111
/K?/P1:c/P2:c/C:K,"['/C:KJ/P1:c/P2:c/C:K', '/C:KQ/P1:c/P2:c/C:K']",4,"[1526, 1766]",1,"[9.0, -5.0, 5.0, 1.0, 9.0, 5.0, 5.0, -1.0, 1.0]","[40, 71]","[40, 71, 213, 242, 267, 219, 243, 279]",[45],"['raise4', 'c']",0.016666666666666666
/K?/P1:c/P2:c/C:J,"['/C:KJ/P1:c/P2:c/C:J', '/C:KQ/P1:c/P2:c/C:J', '/C:KK/P1:c/P2:c/C:J']",4,"[1496, 1736, 1916]",1,"[0.0, -5.0, 0.0, 1.0, 0.0, 5.0, 0.0, -1.0, 0.0]","[91, 92]","[91, 92, 188, 215, 228, 165, 181, 256, 224, 254, 268]",[45],"['raise4', 'c']",0.03333333333333333
/K?/P1:raise2/P2:raise2,"['/C:KJ/P1:raise2/P2:raise2', '/C:KQ/P1:raise2/P2:raise2', '/C:KK/P1:raise2/P2:raise2']",3,"[1337, 1577, 1802]",1,"[0.0, -9.0, 0.0, 5.0, 0.0, 9.0, 0.0, -5.0, 0.0, 0.0, -9.0, 0.0, 5.0, 0.0, 9.0, 0.0, -5.0, 0.0, -3.0]","[13, 21, 22, 27, 41, 46, 59, 85, 140]","[13, 21, 22, 27, 41, 46, 59, 85, 140, 175, 196, 211, 222, 229, 251, 258, 259, 286, 148, 150, 153, 167, 173, 183, 195, 271, 272, 168, 172, 206, 209, 218, 285]",[45],"['c', 'f']",0.05555555555555555
/K?/P1:raise2/P2:raise2/P1:c/C:K/P1:c/P2:raise4,"['/C:KJ/P1:raise2/P2:raise2/P1:c/C:K/P1:c/P2:raise4', '/C:KQ/P1:raise2/P2:raise2/P1:c/C:K/P1:c/P2:raise4']",7,"[1331, 1571]",1,"[13.0, 9.0, 9.0, -5.0]",[],"[286, 150]","[12, 21, 45]","['raise4', 'c', 'f']",0.0013888888888888887
/J?/P1:c/P2:c/C:K/P1:c/P2:raise4,"['/C:JJ/P1:c/P2:c/C:K/P1:c/P2:raise4', '/C:JQ/P1:c/P2:c/C:K/P1:c/P2:raise4', '/C:JK/P1:c/P2:c/C:K/P1:c/P2:raise4']",6,"[158, 398, 638]",1,"[-9.0, 5.0, -5.0, -1.0]",[],"[267, 279, 171]","[33, 63]","['raise4', 'c', 'f']",0.008333333333333333
/Q?/P1:raise2/P2:raise2/P1:c/C:K/P1:c/P2:raise4,"['/C:QJ/P1:raise2/P2:raise2/P1:c/C:K/P1:c/P2:raise4', '/C:QQ/P1:raise2/P2:raise2/P1:c/C:K/P1:c/P2:raise4', '/C:QK/P1:raise2/P2:raise2/P1:c/C:K/P1:c/P2:raise4']",7,"[686, 911, 1091]",1,"[-13.0, 9.0, -9.0, -5.0]",[],"[286, 150, 231]","[81, 82, 138]","['raise4', 'c', 'f']",0.0027777777777777775
/K?/P1:c/P2:raise2/P1:c/C:K/P1:raise4/P2:raise4,"['/C:KJ/P1:c/P2:raise2/P1:c/C:K/P1:raise4/P2:raise4', '/C:KQ/P1:c/P2:raise2/P1:c/C:K/P1:raise4/P2:raise4']",7,"[1466, 1706]",1,"[11.0, -7.0]",[],[],"[45, 72, 121]","['c', 'f']",0.0009259259259259257
/J?/P1:c/P2:raise2/P1:c/C:K/P1:raise4/P2:raise4,"['/C:JJ/P1:c/P2:raise2/P1:c/C:K/P1:raise4/P2:raise4', '/C:JQ/P1:c/P2:raise2/P1:c/C:K/P1:raise4/P2:raise4', '/C:JK/P1:c/P2:raise2/P1:c/C:K/P1:raise4/P2:raise4']",7,"[116, 341, 581]",1,"[-11.0, -7.0]",[],[],"[33, 119, 141]","['c', 'f']",0.0018518518518518515
/K?/P1:c/P2:raise2/P1:c/C:Q/P1:c/P2:raise4,"['/C:KJ/P1:c/P2:raise2/P1:c/C:Q/P1:c/P2:raise4', '/C:KQ/P1:c/P2:raise2/P1:c/C:Q/P1:c/P2:raise4', '/C:KK/P1:c/P2:raise2/P1:c/C:Q/P1:c/P2:raise4']",7,"[1460, 1700, 1895]",1,"[0.0, 7.0, 0.0, -3.0]",[],"[282, 144, 227]","[45, 72, 74]","['raise4', 'c', 'f']",0.0027777777777777775
/J?/P1:c/P2:raise2/P1:c/C:Q/P1:c/P2:raise4,"['/C:JJ/P1:c/P2:raise2/P1:c/C:Q/P1:c/P2:raise4', '/C:JQ/P1:c/P2:raise2/P1:c/C:Q/P1:c/P2:raise4', '/C:JK/P1:c/P2:raise2/P1:c/C:Q/P1:c/P2:raise4']",7,"[110, 335, 575]",1,"[-11.0, 7.0, -7.0, -3.0]",[],"[282, 144, 227]","[33, 113, 141]","['raise4', 'c', 'f']",0.0027777777777777775
/Q?/P1:raise2/P2:raise2/P1:c/C:Q/P1:c/P2:raise4,"['/C:QJ/P1:raise2/P2:raise2/P1:c/C:Q/P1:c/P2:raise4', '/C:QK/P1:raise2/P2:raise2/P1:c/C:Q/P1:c/P2:raise4']",7,"[671, 1076]",1,"[13.0, 9.0, 9.0, -5.0]",[],"[222, 206]","[81, 86, 138]","['raise4', 'c', 'f']",0.0013888888888888887
/K?/P1:raise2/P2:raise2/P1:c/C:K,"['/C:KJ/P1:raise2/P2:raise2/P1:c/C:K', '/C:KQ/P1:raise2/P2:raise2/P1:c/C:K']",5,"[1334, 1574]",1,"[13.0, -9.0, 9.0, 5.0, 13.0, 9.0, 9.0, -5.0, 5.0]","[13, 85]","[13, 85, 229, 258, 286, 150, 183, 272]","[12, 45]","['raise4', 'c']",0.005555555555555555
/K?/P1:raise2/P2:raise2/P1:c/C:J,"['/C:KJ/P1:raise2/P2:raise2/P1:c/C:J', '/C:KQ/P1:raise2/P2:raise2/P1:c/C:J', '/C:KK/P1:raise2/P2:raise2/P1:c/C:J']",5,"[1304, 1544, 1784]",1,"[0.0, -9.0, 0.0, 5.0, 0.0, 9.0, 0.0, -5.0, 0.0]","[46, 140]","[46, 140, 175, 211, 251, 153, 195, 271, 209, 218, 285]","[12, 45]","['raise4', 'c']",0.01111111111111111
/Q?/P1:c/P2:c/C:Q,"['/C:QJ/P1:c/P2:c/C:Q', '/C:QK/P1:c/P2:c/C:Q']",4,"[866, 1271]",1,"[9.0, -5.0, 5.0, 1.0, 9.0, 5.0, 5.0, -1.0, 1.0]","[42, 73]","[42, 73, 202, 230, 274, 190, 216, 246]",[138],"['raise4', 'c']",0.016666666666666666
/J?/P1:c/P2:raise2/P1:c/C:K/P1:c/P2:raise4,"['/C:JJ/P1:c/P2:raise2/P1:c/C:K/P1:c/P2:raise4', '/C:JQ/P1:c/P2:raise2/P1:c/C:K/P1:c/P2:raise4', '/C:JK/P1:c/P2:raise2/P1:c/C:K/P1:c/P2:raise4']",7,"[125, 350, 590]",1,"[-11.0, 7.0, -7.0, -3.0]",[],"[262, 197, 273]","[33, 119, 141]","['raise4', 'c', 'f']",0.0027777777777777775
/Q?/P1:c/P2:c/C:K,"['/C:QJ/P1:c/P2:c/C:K', '/C:QQ/P1:c/P2:c/C:K', '/C:QK/P1:c/P2:c/C:K']",4,"[881, 1046, 1286]",1,"[-9.0, -5.0, -5.0, 1.0, -9.0, 5.0, -5.0, -1.0, -1.0]","[29, 36]","[29, 36, 213, 242, 267, 219, 243, 279, 171, 185, 260]",[138],"['raise4', 'c']",0.03333333333333333
/Q?/P1:c/P2:c/C:J,"['/C:QJ/P1:c/P2:c/C:J', '/C:QQ/P1:c/P2:c/C:J', '/C:QK/P1:c/P2:c/C:J']",4,"[851, 1031, 1256]",1,"[-9.0, -5.0, -5.0, 1.0, -9.0, 5.0, -5.0, -1.0, -1.0]","[103, 137]","[103, 137, 188, 215, 228, 165, 181, 256, 224, 254, 268]",[138],"['raise4', 'c']",0.03333333333333333
/K?/P1:raise2/P2:raise2/P1:c/C:Q,"['/C:KJ/P1:raise2/P2:raise2/P1:c/C:Q', '/C:KQ/P1:raise2/P2:raise2/P1:c/C:Q', '/C:KK/P1:raise2/P2:raise2/P1:c/C:Q']",5,"[1319, 1559, 1799]",1,"[0.0, -9.0, 0.0, 5.0, 0.0, 9.0, 0.0, -5.0, 0.0]","[41, 59]","[41, 59, 196, 222, 259, 148, 167, 173, 168, 172, 206]","[12, 45]","['raise4', 'c']",0.01111111111111111
/K?/P1:c/P2:raise2/P1:c/C:Q/P1:raise4/P2:raise4,"['/C:KJ/P1:c/P2:raise2/P1:c/C:Q/P1:raise4/P2:raise4', '/C:KQ/P1:c/P2:raise2/P1:c/C:Q/P1:raise4/P2:raise4', '/C:KK/P1:c/P2:raise2/P1:c/C:Q/P1:raise4/P2:raise4']",7,"[1451, 1691, 1886]",1,"[0.0, -7.0]",[],[],"[45, 72, 74]","['c', 'f']",0.0018518518518518515
/Q?/P1:c/P2:c/C:K/P1:raise4/P2:raise4,"['/C:QJ/P1:c/P2:c/C:K/P1:raise4/P2:raise4', '/C:QQ/P1:c/P2:c/C:K/P1:raise4/P2:raise4', '/C:QK/P1:c/P2:c/C:K/P1:raise4/P2:raise4']",6,"[869, 1034, 1274]",1,"[-9.0, -5.0]",[],[],"[25, 138]","['c', 'f']",0.005555555555555555
/Q?/P1:c/P2:raise2/P1:raise2/P2:c/C:K/P1:raise4/P2:raise4,"['/C:QJ/P1:c/P2:raise2/P1:raise2/P2:c/C:K/P1:raise4/P2:raise4', '/C:QQ/P1:c/P2:raise2/P1:raise2/P2:c/C:K/P1:raise4/P2:raise4', '/C:QK/P1:c/P2:raise2/P1:raise2/P2:c/C:K/P1:raise4/P2:raise4']",8,"[773, 968, 1178]",1,"[-13.0, -9.0]",[],[],"[53, 99, 138]","['c', 'f']",0.0009259259259259257
/Q?/P1:raise2/P2:raise2/P1:c/C:Q/P1:raise4/P2:raise4,"['/C:QJ/P1:raise2/P2:raise2/P1:c/C:Q/P1:raise4/P2:raise4', '/C:QK/P1:raise2/P2:raise2/P1:c/C:Q/P1:raise4/P2:raise4']",7,"[662, 1067]",1,"[13.0, -9.0]",[],[],"[81, 86, 138]","['c', 'f']",0.0009259259259259257
/J?/P1:raise2/P2:c/C:Q/P1:c/P2:raise4,"['/C:JJ/P1:raise2/P2:c/C:Q/P1:c/P2:raise4', '/C:JQ/P1:raise2/P2:c/C:Q/P1:c/P2:raise4', '/C:JK/P1:raise2/P2:c/C:Q/P1:c/P2:raise4']",6,"[44, 239, 479]",1,"[-11.0, 7.0, -7.0, -3.0]",[],"[147, 240, 237]","[33, 124]","['raise4', 'c', 'f']",0.005555555555555555
/J?,"['/C:JJ', '/C:JQ', '/C:JK']",1,"[164, 404, 644]",1,"[13.0, -9.0, 9.0, 5.0, 13.0, 9.0, 9.0, -5.0, 5.0, -13.0, -9.0, -9.0, 5.0, -13.0, 9.0, -9.0, -5.0, -5.0, -13.0, -9.0, -9.0, 5.0, -13.0, 9.0, -9.0, -5.0, -5.0, -3.0, 11.0, -7.0, 7.0, 3.0, 11.0, 7.0, 7.0, -3.0, 3.0, -11.0, -7.0, -7.0, 3.0, -11.0, 7.0, -7.0, -3.0, -3.0, -11.0, -7.0, -7.0, 3.0, -11.0, 7.0, -7.0, -3.0, -3.0, 1.0, 13.0, -9.0, 9.0, 5.0, 13.0, 9.0, 9.0, -5.0, 5.0, -13.0, -9.0, -9.0, 5.0, -13.0, 9.0, -9.0, -5.0, -5.0, -13.0, -9.0, -9.0, 5.0, -13.0, 9.0, -9.0, -5.0, -5.0, 3.0, 11.0, -7.0, 7.0, 3.0, 11.0, 7.0, 7.0, -3.0, 3.0, -11.0, -7.0, -7.0, 3.0, -11.0, 7.0, -7.0, -3.0, -3.0, -11.0, -7.0, -7.0, 3.0, -11.0, 7.0, -7.0, -3.0, -3.0, -1.0, 9.0, -5.0, 5.0, 1.0, 9.0, 5.0, 5.0, -1.0, 1.0, -9.0, -5.0, -5.0, 1.0, -9.0, 5.0, -5.0, -1.0, -1.0, -9.0, -5.0, -5.0, 1.0, -9.0, 5.0, -5.0, -1.0, -1.0]","[1, 5, 9, 14, 17, 19, 24, 32, 43, 49, 58, 60, 61, 63, 78, 87, 90, 96, 101, 102, 104, 105, 107, 108, 110, 113, 119, 123, 124, 129, 131, 141, 0, 7, 34, 44, 48, 62, 75, 97, 106, 109, 118, 125, 128, 130, 139]","[1, 5, 9, 14, 17, 19, 24, 32, 43, 49, 58, 60, 61, 63, 78, 87, 90, 96, 101, 102, 104, 105, 107, 108, 110, 113, 119, 123, 124, 129, 131, 141, 145, 146, 147, 159, 160, 161, 162, 163, 176, 182, 187, 189, 196, 199, 202, 208, 213, 222, 223, 229, 230, 236, 242, 244, 255, 258, 259, 262, 267, 274, 282, 283, 286, 0, 7, 34, 44, 48, 62, 75, 97, 106, 109, 118, 125, 128, 130, 139, 144, 148, 150, 151, 153, 154, 165, 167, 173, 177, 180, 181, 183, 186, 195, 197, 204, 207, 212, 217, 219, 225, 226, 233, 234, 235, 238, 239, 240, 241, 243, 249, 253, 256, 261, 263, 264, 266, 269, 270, 271, 272, 275, 276, 278, 279, 280, 281, 155, 156, 158, 166, 168, 169, 170, 171, 172, 178, 179, 184, 185, 190, 192, 193, 194, 200, 203, 205, 206, 209, 210, 216, 218, 220, 221, 224, 227, 231, 232, 237, 245, 246, 247, 248, 250, 252, 254, 257, 260, 265, 268, 273, 277, 284, 285, 287]",[],"['raise2', 'c']",0.33333333333333337
/J?/P1:c/P2:c/C:J/P1:c/P2:raise4,"['/C:JQ/P1:c/P2:c/C:J/P1:c/P2:raise4', '/C:JK/P1:c/P2:c/C:J/P1:c/P2:raise4']",6,"[368, 608]",1,"[9.0, 5.0, 5.0, -1.0]",[],"[181, 224]","[33, 125]","['raise4', 'c', 'f']",0.004166666666666667
/Q?/P1:c/P2:raise2/P1:c/C:J/P1:raise4/P2:raise4,"['/C:QJ/P1:c/P2:raise2/P1:c/C:J/P1:raise4/P2:raise4', '/C:QQ/P1:c/P2:raise2/P1:c/C:J/P1:raise4/P2:raise4', '/C:QK/P1:c/P2:raise2/P1:c/C:J/P1:raise4/P2:raise4']",7,"[791, 986, 1196]",1,"[-11.0, -7.0]",[],[],"[53, 95, 138]","['c', 'f']",0.0018518518518518515
/Q?/P1:c/P2:c/C:K/P1:c/P2:raise4,"['/C:QJ/P1:c/P2:c/C:K/P1:c/P2:raise4', '/C:QQ/P1:c/P2:c/C:K/P1:c/P2:raise4', '/C:QK/P1:c/P2:c/C:K/P1:c/P2:raise4']",6,"[878, 1043, 1283]",1,"[-9.0, 5.0, -5.0, -1.0]",[],"[267, 279, 171]","[25, 138]","['raise4', 'c', 'f']",0.008333333333333333
/K?/P1:c/P2:raise2/P1:raise2/P2:c/C:K/P1:c/P2:raise4,"['/C:KJ/P1:c/P2:raise2/P1:raise2/P2:c/C:K/P1:c/P2:raise4', '/C:KQ/P1:c/P2:raise2/P1:raise2/P2:c/C:K/P1:c/P2:raise4']",8,"[1427, 1667]",1,"[13.0, 9.0, 9.0, -5.0]",[],"[236, 151]","[45, 72, 112]","['raise4', 'c', 'f']",0.0006944444444444444
/K?/P1:raise2/P2:c/C:K/P1:raise4/P2:raise4,"['/C:KJ/P1:raise2/P2:c/C:K/P1:raise4/P2:raise4', '/C:KQ/P1:raise2/P2:c/C:K/P1:raise4/P2:raise4']",6,"[1370, 1610]",1,"[11.0, -7.0]",[],[],"[45, 114]","['c', 'f']",0.0018518518518518515
/K?/P1:raise2/P2:c/C:Q,"['/C:KJ/P1:raise2/P2:c/C:Q', '/C:KQ/P1:raise2/P2:c/C:Q', '/C:KK/P1:raise2/P2:c/C:Q']",4,"[1367, 1607, 1832]",1,"[0.0, -7.0, 0.0, 3.0, 0.0, 7.0, 0.0, -3.0, 0.0]","[76, 143]","[76, 143, 147, 208, 283, 239, 240, 269, 237, 245, 265]",[45],"['raise4', 'c']",0.02222222222222222
/K?/P1:c/P2:c/C:K/P1:raise4/P2:raise4,"['/C:KJ/P1:c/P2:c/C:K/P1:raise4/P2:raise4', '/C:KQ/P1:c/P2:c/C:K/P1:raise4/P2:raise4']",6,"[1514, 1754]",1,"[9.0, -5.0]",[],[],"[10, 45]","['c', 'f']",0.0027777777777777775
/K?/P1:raise2/P2:raise2/P1:c/C:Q/P1:raise4/P2:raise4,"['/C:KJ/P1:raise2/P2:raise2/P1:c/C:Q/P1:raise4/P2:raise4', '/C:KQ/P1:raise2/P2:raise2/P1:c/C:Q/P1:raise4/P2:raise4', '/C:KK/P1:raise2/P2:raise2/P1:c/C:Q/P1:raise4/P2:raise4']",7,"[1307, 1547, 1787]",1,"[0.0, -9.0]",[],[],"[12, 27, 45]","['c', 'f']",0.0018518518518518515
/Q?/P1:c/P2:c/C:Q/P1:c/P2:raise4,"['/C:QJ/P1:c/P2:c/C:Q/P1:c/P2:raise4', '/C:QK/P1:c/P2:c/C:Q/P1:c/P2:raise4']",6,"[863, 1268]",1,"[9.0, 5.0, 5.0, -1.0]",[],"[230, 246]","[23, 138]","['raise4', 'c', 'f']",0.004166666666666667
/J?/P1:c/P2:raise2/P1:c/C:Q/P1:raise4/P2:raise4,"['/C:JJ/P1:c/P2:raise2/P1:c/C:Q/P1:raise4/P2:raise4', '/C:JQ/P1:c/P2:raise2/P1:c/C:Q/P1:raise4/P2:raise4', '/C:JK/P1:c/P2:raise2/P1:c/C:Q/P1:raise4/P2:raise4']",7,"[101, 326, 566]",1,"[-11.0, -7.0]",[],[],"[33, 113, 141]","['c', 'f']",0.0018518518518518515
/J?/P1:c/P2:raise2/P1:raise2/P2:c/C:J/P1:c/P2:raise4,"['/C:JQ/P1:c/P2:raise2/P1:raise2/P2:c/C:J/P1:c/P2:raise4', '/C:JK/P1:c/P2:raise2/P1:raise2/P2:c/C:J/P1:c/P2:raise4']",8,"[272, 512]",1,"[13.0, 9.0, 9.0, -5.0]",[],"[281, 284]","[33, 106, 141]","['raise4', 'c', 'f']",0.0006944444444444444
/K?,"['/C:KJ', '/C:KQ', '/C:KK']",1,"[1529, 1769, 1934]",1,"[0.0, -9.0, 0.0, 5.0, 0.0, 9.0, 0.0, -5.0, 0.0, 0.0, -9.0, 0.0, 5.0, 0.0, 9.0, 0.0, -5.0, 0.0, -3.0, 0.0, -7.0, 0.0, 3.0, 0.0, 7.0, 0.0, -3.0, 0.0, 0.0, -7.0, 0.0, 3.0, 0.0, 7.0, 0.0, -3.0, 0.0, 1.0, 0.0, -9.0, 0.0, 5.0, 0.0, 9.0, 0.0, -5.0, 0.0, 0.0, -9.0, 0.0, 5.0, 0.0, 9.0, 0.0, -5.0, 0.0, 3.0, 0.0, -7.0, 0.0, 3.0, 0.0, 7.0, 0.0, -3.0, 0.0, 0.0, -7.0, 0.0, 3.0, 0.0, 7.0, 0.0, -3.0, 0.0, -1.0, 0.0, -5.0, 0.0, 1.0, 0.0, 5.0, 0.0, -1.0, 0.0, 0.0, -5.0, 0.0, 1.0, 0.0, 5.0, 0.0, -1.0, 0.0]","[2, 3, 10, 11, 12, 13, 16, 18, 21, 22, 27, 28, 37, 38, 39, 40, 41, 46, 47, 50, 55, 56, 59, 65, 71, 72, 74, 76, 79, 80, 84, 85, 88, 89, 91, 92, 111, 112, 114, 120, 121, 122, 132, 136, 140, 142, 143]","[2, 3, 10, 11, 12, 13, 16, 18, 21, 22, 27, 28, 37, 38, 39, 40, 41, 46, 47, 50, 55, 56, 59, 65, 71, 72, 74, 76, 79, 80, 84, 85, 88, 89, 91, 92, 111, 112, 114, 120, 121, 122, 132, 136, 140, 142, 143, 145, 146, 147, 149, 152, 157, 159, 160, 161, 162, 163, 164, 174, 175, 176, 182, 187, 188, 189, 191, 196, 198, 199, 201, 202, 208, 211, 213, 214, 215, 222, 223, 228, 229, 230, 236, 242, 244, 251, 255, 258, 259, 262, 267, 274, 282, 283, 286, 144, 148, 150, 151, 153, 154, 165, 167, 173, 177, 180, 181, 183, 186, 195, 197, 204, 207, 212, 217, 219, 225, 226, 233, 234, 235, 238, 239, 240, 241, 243, 249, 253, 256, 261, 263, 264, 266, 269, 270, 271, 272, 275, 276, 278, 279, 280, 281, 156, 166, 168, 169, 172, 178, 179, 190, 192, 193, 200, 205, 206, 209, 216, 218, 221, 224, 227, 237, 245, 246, 247, 248, 252, 254, 257, 265, 268, 277, 284, 285, 287]",[],"['raise2', 'c']",0.3333333333333333
/K?/P1:raise2/P2:raise2/P1:c/C:J/P1:raise4/P2:raise4,"['/C:KJ/P1:raise2/P2:raise2/P1:c/C:J/P1:raise4/P2:raise4', '/C:KQ/P1:raise2/P2:raise2/P1:c/C:J/P1:raise4/P2:raise4', '/C:KK/P1:raise2/P2:raise2/P1:c/C:J/P1:raise4/P2:raise4']",7,"[1292, 1532, 1772]",1,"[0.0, -9.0]",[],[],"[12, 22, 45]","['c', 'f']",0.0018518518518518515
/K?/P1:raise2/P2:c/C:J,"['/C:KJ/P1:raise2/P2:c/C:J', '/C:KQ/P1:raise2/P2:c/C:J', '/C:KK/P1:raise2/P2:c/C:J']",4,"[1352, 1592, 1817]",1,"[0.0, -7.0, 0.0, 3.0, 0.0, 7.0, 0.0, -3.0, 0.0]","[65, 89]","[65, 89, 157, 174, 214, 253, 270, 280, 247, 252, 257]",[45],"['raise4', 'c']",0.02222222222222222
/J?/P1:raise2/P2:c/C:J/P1:c/P2:raise4,"['/C:JQ/P1:raise2/P2:c/C:J/P1:c/P2:raise4', '/C:JK/P1:raise2/P2:c/C:J/P1:c/P2:raise4']",6,"[224, 464]",1,"[11.0, 7.0, 7.0, -3.0]",[],"[253, 247]","[33, 128]","['raise4', 'c', 'f']",0.0027777777777777775
/J?/P1:c/P2:c/C:Q/P1:c/P2:raise4,"['/C:JJ/P1:c/P2:c/C:Q/P1:c/P2:raise4', '/C:JQ/P1:c/P2:c/C:Q/P1:c/P2:raise4', '/C:JK/P1:c/P2:c/C:Q/P1:c/P2:raise4']",6,"[143, 383, 623]",1,"[-9.0, 5.0, -5.0, -1.0]",[],"[230, 266, 246]","[33, 131]","['raise4', 'c', 'f']",0.008333333333333333
/K?/P1:raise2/P2:c/C:K/P1:c/P2:raise4,"['/C:KJ/P1:raise2/P2:c/C:K/P1:c/P2:raise4', '/C:KQ/P1:raise2/P2:c/C:K/P1:c/P2:raise4']",6,"[1379, 1619]",1,"[11.0, 7.0, 7.0, -3.0]",[],"[145, 263]","[45, 114]","['raise4', 'c', 'f']",0.0027777777777777775
/Q?/P1:raise2/P2:c/C:K,"['/C:QJ/P1:raise2/P2:c/C:K', '/C:QQ/P1:raise2/P2:c/C:K', '/C:QK/P1:raise2/P2:c/C:K']",4,"[737, 947, 1142]",1,"[-11.0, -7.0, -7.0, 3.0, -11.0, 7.0, -7.0, -3.0, -3.0]","[54, 64]","[54, 64, 145, 182, 244, 263, 264, 278, 158, 170, 220]",[138],"['raise4', 'c']",0.02222222222222222
/Q?/P1:raise2/P2:c/C:J,"['/C:QJ/P1:raise2/P2:c/C:J', '/C:QQ/P1:raise2/P2:c/C:J', '/C:QK/P1:raise2/P2:c/C:J']",4,"[707, 932, 1112]",1,"[-11.0, -7.0, -7.0, 3.0, -11.0, 7.0, -7.0, -3.0, -3.0]","[116, 133]","[116, 133, 157, 174, 214, 253, 270, 280, 247, 252, 257]",[138],"['raise4', 'c']",0.02222222222222222
/Q?/P1:c/P2:raise2,"['/C:QJ/P1:c/P2:raise2', '/C:QQ/P1:c/P2:raise2', '/C:QK/P1:c/P2:raise2']",3,"[836, 1016, 1241]",1,"[-13.0, -9.0, -9.0, 5.0, -13.0, 9.0, -9.0, -5.0, -5.0, 13.0, -9.0, 9.0, 5.0, 13.0, 9.0, 9.0, -5.0, 5.0, -13.0, -9.0, -9.0, 5.0, -13.0, 9.0, -9.0, -5.0, -5.0, 3.0, -11.0, -7.0, -7.0, 3.0, -11.0, 7.0, -7.0, -3.0, -3.0, 11.0, -7.0, 7.0, 3.0, 11.0, 7.0, 7.0, -3.0, 3.0, -11.0, -7.0, -7.0, 3.0, -11.0, 7.0, -7.0, -3.0, -3.0, -1.0]","[4, 6, 8, 30, 35, 66, 69, 70, 93, 94, 95, 98, 99, 100, 117, 126, 127, 134]","[4, 6, 8, 30, 35, 66, 69, 70, 93, 94, 95, 98, 99, 100, 117, 126, 127, 134, 146, 149, 152, 159, 160, 161, 163, 164, 176, 189, 191, 198, 199, 201, 223, 236, 255, 262, 282, 151, 154, 177, 180, 186, 197, 204, 207, 226, 233, 235, 238, 281, 155, 156, 166, 169, 178, 179, 192, 194, 200, 203, 205, 210, 221, 227, 232, 248, 273, 284, 287]",[138],"['raise2', 'c', 'f']",0.08333333333333334
/Q?/P1:raise2/P2:c/C:K/P1:c/P2:raise4,"['/C:QJ/P1:raise2/P2:c/C:K/P1:c/P2:raise4', '/C:QQ/P1:raise2/P2:c/C:K/P1:c/P2:raise4', '/C:QK/P1:raise2/P2:c/C:K/P1:c/P2:raise4']",6,"[734, 944, 1139]",1,"[-11.0, 7.0, -7.0, -3.0]",[],"[145, 263, 158]","[51, 138]","['raise4', 'c', 'f']",0.005555555555555555
/K?/P1:c/P2:c/C:Q/P1:raise4/P2:raise4,"['/C:KJ/P1:c/P2:c/C:Q/P1:raise4/P2:raise4', '/C:KQ/P1:c/P2:c/C:Q/P1:raise4/P2:raise4', '/C:KK/P1:c/P2:c/C:Q/P1:raise4/P2:raise4']",6,"[1499, 1739, 1919]",1,"[0.0, -5.0]",[],[],"[2, 45]","['c', 'f']",0.005555555555555555
/K?/P1:c/P2:raise2/P1:raise2/P2:c/C:J/P1:raise4/P2:raise4,"['/C:KJ/P1:c/P2:raise2/P1:raise2/P2:c/C:J/P1:raise4/P2:raise4', '/C:KQ/P1:c/P2:raise2/P1:raise2/P2:c/C:J/P1:raise4/P2:raise4', '/C:KK/P1:c/P2:raise2/P1:raise2/P2:c/C:J/P1:raise4/P2:raise4']",8,"[1388, 1628, 1838]",1,"[0.0, -9.0]",[],[],"[45, 72, 111]","['c', 'f']",0.0009259259259259257
/Q?/P1:raise2/P2:c/C:Q,"['/C:QJ/P1:raise2/P2:c/C:Q', '/C:QK/P1:raise2/P2:c/C:Q']",4,"[722, 1127]",1,"[11.0, -7.0, 7.0, 3.0, 11.0, 7.0, 7.0, -3.0, 3.0]","[77, 135]","[77, 135, 147, 208, 283, 237, 245, 265]",[138],"['raise4', 'c']",0.01111111111111111
/J?/P1:c/P2:raise2/P1:raise2/P2:c/C:Q/P1:c/P2:raise4,"['/C:JJ/P1:c/P2:raise2/P1:raise2/P2:c/C:Q/P1:c/P2:raise4', '/C:JQ/P1:c/P2:raise2/P1:raise2/P2:c/C:Q/P1:c/P2:raise4', '/C:JK/P1:c/P2:raise2/P1:raise2/P2:c/C:Q/P1:c/P2:raise4']",8,"[77, 287, 527]",1,"[-13.0, 9.0, -9.0, -5.0]",[],"[223, 261, 156]","[33, 107, 141]","['raise4', 'c', 'f']",0.0013888888888888887
/K?/P1:raise2/P2:raise2/P1:c/C:Q/P1:c/P2:raise4,"['/C:KJ/P1:raise2/P2:raise2/P1:c/C:Q/P1:c/P2:raise4', '/C:KQ/P1:raise2/P2:raise2/P1:c/C:Q/P1:c/P2:raise4', '/C:KK/P1:raise2/P2:raise2/P1:c/C:Q/P1:c/P2:raise4']",7,"[1316, 1556, 1796]",1,"[0.0, 9.0, 0.0, -5.0]",[],"[222, 167, 206]","[12, 27, 45]","['raise4', 'c', 'f']",0.0027777777777777775
/J?/P1:c/P2:raise2/P1:raise2/P2:c/C:Q/P1:raise4/P2:raise4,"['/C:JJ/P1:c/P2:raise2/P1:raise2/P2:c/C:Q/P1:raise4/P2:raise4', '/C:JQ/P1:c/P2:raise2/P1:raise2/P2:c/C:Q/P1:raise4/P2:raise4', '/C:JK/P1:c/P2:raise2/P1:raise2/P2:c/C:Q/P1:raise4/P2:raise4']",8,"[68, 278, 518]",1,"[-13.0, -9.0]",[],[],"[33, 107, 141]","['c', 'f']",0.0009259259259259257
/J?/P1:c/P2:raise2/P1:raise2/P2:c/C:K/P1:c/P2:raise4,"['/C:JJ/P1:c/P2:raise2/P1:raise2/P2:c/C:K/P1:c/P2:raise4', '/C:JQ/P1:c/P2:raise2/P1:raise2/P2:c/C:K/P1:c/P2:raise4', '/C:JK/P1:c/P2:raise2/P1:raise2/P2:c/C:K/P1:c/P2:raise4']",8,"[92, 302, 542]",1,"[-13.0, 9.0, -9.0, -5.0]",[],"[236, 151, 203]","[33, 105, 141]","['raise4', 'c', 'f']",0.0013888888888888887
/J?/P1:c/P2:raise2/P1:raise2/P2:c/C:J/P1:raise4/P2:raise4,"['/C:JQ/P1:c/P2:raise2/P1:raise2/P2:c/C:J/P1:raise4/P2:raise4', '/C:JK/P1:c/P2:raise2/P1:raise2/P2:c/C:J/P1:raise4/P2:raise4']",8,"[263, 503]",1,"[13.0, -9.0]",[],[],"[33, 106, 141]","['c', 'f']",0.00046296296296296287
/J?/P1:c/P2:c/C:K,"['/C:JJ/P1:c/P2:c/C:K', '/C:JQ/P1:c/P2:c/C:K', '/C:JK/P1:c/P2:c/C:K']",4,"[161, 401, 641]",1,"[-9.0, -5.0, -5.0, 1.0, -9.0, 5.0, -5.0, -1.0, -1.0]","[14, 101]","[14, 101, 213, 242, 267, 219, 243, 279, 171, 185, 260]",[33],"['raise4', 'c']",0.03333333333333333
/Q?/P1:raise2/P2:c/C:K/P1:raise4/P2:raise4,"['/C:QJ/P1:raise2/P2:c/C:K/P1:raise4/P2:raise4', '/C:QQ/P1:raise2/P2:c/C:K/P1:raise4/P2:raise4', '/C:QK/P1:raise2/P2:c/C:K/P1:raise4/P2:raise4']",6,"[725, 935, 1130]",1,"[-11.0, -7.0]",[],[],"[51, 138]","['c', 'f']",0.003703703703703703
/K?/P1:raise2/P2:c/C:J/P1:c/P2:raise4,"['/C:KJ/P1:raise2/P2:c/C:J/P1:c/P2:raise4', '/C:KQ/P1:raise2/P2:c/C:J/P1:c/P2:raise4', '/C:KK/P1:raise2/P2:c/C:J/P1:c/P2:raise4']",6,"[1349, 1589, 1814]",1,"[0.0, 7.0, 0.0, -3.0]",[],"[214, 253, 247]","[45, 47]","['raise4', 'c', 'f']",0.005555555555555555
/Q?/P1:c/P2:raise2/P1:c/C:K/P1:c/P2:raise4,"['/C:QJ/P1:c/P2:raise2/P1:c/C:K/P1:c/P2:raise4', '/C:QQ/P1:c/P2:raise2/P1:c/C:K/P1:c/P2:raise4', '/C:QK/P1:c/P2:raise2/P1:c/C:K/P1:c/P2:raise4']",7,"[830, 1010, 1235]",1,"[-11.0, 7.0, -7.0, -3.0]",[],"[262, 197, 273]","[53, 94, 138]","['raise4', 'c', 'f']",0.0027777777777777775
/Q?/P1:raise2/P2:raise2/P1:c/C:K/P1:raise4/P2:raise4,"['/C:QJ/P1:raise2/P2:raise2/P1:c/C:K/P1:raise4/P2:raise4', '/C:QQ/P1:raise2/P2:raise2/P1:c/C:K/P1:raise4/P2:raise4', '/C:QK/P1:raise2/P2:raise2/P1:c/C:K/P1:raise4/P2:raise4']",7,"[677, 902, 1082]",1,"[-13.0, -9.0]",[],[],"[81, 82, 138]","['c', 'f']",0.0018518518518518515
/Q?/P1:raise2/P2:raise2/P1:c/C:J/P1:c/P2:raise4,"['/C:QJ/P1:raise2/P2:raise2/P1:c/C:J/P1:c/P2:raise4', '/C:QQ/P1:raise2/P2:raise2/P1:c/C:J/P1:c/P2:raise4', '/C:QK/P1:raise2/P2:raise2/P1:c/C:J/P1:c/P2:raise4']",7,"[656, 896, 1061]",1,"[-13.0, 9.0, -9.0, -5.0]",[],"[251, 153, 209]","[81, 83, 138]","['raise4', 'c', 'f']",0.0027777777777777775
/Q?/P1:c/P2:raise2/P1:c/C:Q/P1:raise4/P2:raise4,"['/C:QJ/P1:c/P2:raise2/P1:c/C:Q/P1:raise4/P2:raise4', '/C:QK/P1:c/P2:raise2/P1:c/C:Q/P1:raise4/P2:raise4']",7,"[806, 1211]",1,"[11.0, -7.0]",[],[],"[53, 93, 138]","['c', 'f']",0.0009259259259259257
/Q?/P1:c/P2:raise2/P1:raise2/P2:c/C:J/P1:c/P2:raise4,"['/C:QJ/P1:c/P2:raise2/P1:raise2/P2:c/C:J/P1:c/P2:raise4', '/C:QQ/P1:c/P2:raise2/P1:raise2/P2:c/C:J/P1:c/P2:raise4', '/C:QK/P1:c/P2:raise2/P1:raise2/P2:c/C:J/P1:c/P2:raise4']",8,"[752, 962, 1157]",1,"[-13.0, 9.0, -9.0, -5.0]",[],"[152, 281, 284]","[53, 98, 138]","['raise4', 'c', 'f']",0.0013888888888888887
/K?/P1:c/P2:c/C:K/P1:c/P2:raise4,"['/C:KJ/P1:c/P2:c/C:K/P1:c/P2:raise4', '/C:KQ/P1:c/P2:c/C:K/P1:c/P2:raise4']",6,"[1523, 1763]",1,"[9.0, 5.0, 5.0, -1.0]",[],"[267, 279]","[10, 45]","['raise4', 'c', 'f']",0.004166666666666667
/K?/P1:c/P2:raise2,"['/C:KJ/P1:c/P2:raise2', '/C:KQ/P1:c/P2:raise2', '/C:KK/P1:c/P2:raise2']",3,"[1481, 1721, 1901]",1,"[0.0, -9.0, 0.0, 5.0, 0.0, 9.0, 0.0, -5.0, 0.0, 0.0, -9.0, 0.0, 5.0, 0.0, 9.0, 0.0, -5.0, 0.0, 3.0, 0.0, -7.0, 0.0, 3.0, 0.0, 7.0, 0.0, -3.0, 0.0, 0.0, -7.0, 0.0, 3.0, 0.0, 7.0, 0.0, -3.0, 0.0, -1.0]","[16, 18, 28, 37, 56, 74, 79, 80, 84, 88, 111, 112, 120, 121, 122, 132, 136, 142]","[16, 18, 28, 37, 56, 74, 79, 80, 84, 88, 111, 112, 120, 121, 122, 132, 136, 142, 146, 149, 152, 159, 160, 161, 163, 164, 176, 189, 191, 198, 199, 201, 223, 236, 255, 262, 282, 144, 151, 154, 177, 180, 186, 197, 204, 207, 225, 226, 233, 235, 238, 241, 261, 275, 276, 281, 156, 166, 169, 178, 179, 192, 200, 205, 221, 227, 248, 284, 287]",[45],"['raise2', 'c', 'f']",0.08333333333333333
/Q?/P1:c/P2:c/C:Q/P1:raise4/P2:raise4,"['/C:QJ/P1:c/P2:c/C:Q/P1:raise4/P2:raise4', '/C:QK/P1:c/P2:c/C:Q/P1:raise4/P2:raise4']",6,"[854, 1259]",1,"[9.0, -5.0]",[],[],"[23, 138]","['c', 'f']",0.0027777777777777775
/K?/P1:c/P2:raise2/P1:c/C:Q,"['/C:KJ/P1:c/P2:raise2/P1:c/C:Q', '/C:KQ/P1:c/P2:raise2/P1:c/C:Q', '/C:KK/P1:c/P2:raise2/P1:c/C:Q']",5,"[1463, 1703, 1898]",1,"[0.0, -7.0, 0.0, 3.0, 0.0, 7.0, 0.0, -3.0, 0.0]","[18, 28]","[18, 28, 146, 163, 282, 144, 275, 276, 166, 178, 227]","[45, 72]","['raise4', 'c']",0.01111111111111111
/J?/P1:raise2/P2:raise2/P1:c/C:J/P1:raise4/P2:raise4,"['/C:JQ/P1:raise2/P2:raise2/P1:c/C:J/P1:raise4/P2:raise4', '/C:JK/P1:raise2/P2:raise2/P1:c/C:J/P1:raise4/P2:raise4']",7,"[167, 407]",1,"[13.0, -9.0]",[],[],"[0, 33, 87]","['c', 'f']",0.0009259259259259257
/K?/P1:raise2/P2:c/C:Q/P1:c/P2:raise4,"['/C:KJ/P1:raise2/P2:c/C:Q/P1:c/P2:raise4', '/C:KQ/P1:raise2/P2:c/C:Q/P1:c/P2:raise4', '/C:KK/P1:raise2/P2:c/C:Q/P1:c/P2:raise4']",6,"[1364, 1604, 1829]",1,"[0.0, 7.0, 0.0, -3.0]",[],"[147, 240, 237]","[39, 45]","['raise4', 'c', 'f']",0.005555555555555555
/Q?/P1:raise2/P2:c/C:Q/P1:c/P2:raise4,"['/C:QJ/P1:raise2/P2:c/C:Q/P1:c/P2:raise4', '/C:QK/P1:raise2/P2:c/C:Q/P1:c/P2:raise4']",6,"[719, 1124]",1,"[11.0, 7.0, 7.0, -3.0]",[],"[147, 237]","[57, 138]","['raise4', 'c', 'f']",0.0027777777777777775
/J?/P1:raise2/P2:c/C:K/P1:raise4/P2:raise4,"['/C:JJ/P1:raise2/P2:c/C:K/P1:raise4/P2:raise4', '/C:JQ/P1:raise2/P2:c/C:K/P1:raise4/P2:raise4', '/C:JK/P1:raise2/P2:c/C:K/P1:raise4/P2:raise4']",6,"[50, 245, 485]",1,"[-11.0, -7.0]",[],[],"[33, 129]","['c', 'f']",0.003703703703703703
/K?/P1:c/P2:raise2/P1:c/C:K/P1:c/P2:raise4,"['/C:KJ/P1:c/P2:raise2/P1:c/C:K/P1:c/P2:raise4', '/C:KQ/P1:c/P2:raise2/P1:c/C:K/P1:c/P2:raise4']",7,"[1475, 1715]",1,"[11.0, 7.0, 7.0, -3.0]",[],"[262, 197]","[45, 72, 121]","['raise4', 'c', 'f']",0.0013888888888888887
/K?/P1:c/P2:raise2/P1:raise2/P2:c/C:Q/P1:c/P2:raise4,"['/C:KJ/P1:c/P2:raise2/P1:raise2/P2:c/C:Q/P1:c/P2:raise4', '/C:KQ/P1:c/P2:raise2/P1:raise2/P2:c/C:Q/P1:c/P2:raise4', '/C:KK/P1:c/P2:raise2/P1:raise2/P2:c/C:Q/P1:c/P2:raise4']",8,"[1412, 1652, 1862]",1,"[0.0, 9.0, 0.0, -5.0]",[],"[223, 261, 156]","[45, 72, 120]","['raise4', 'c', 'f']",0.0013888888888888887
/Q?/P1:raise2/P2:raise2,"['/C:QJ/P1:raise2/P2:raise2', '/C:QQ/P1:raise2/P2:raise2', '/C:QK/P1:raise2/P2:raise2']",3,"[692, 917, 1097]",1,"[-13.0, -9.0, -9.0, 5.0, -13.0, 9.0, -9.0, -5.0, -5.0, 13.0, -9.0, 9.0, 5.0, 13.0, 9.0, 9.0, -5.0, 5.0, -13.0, -9.0, -9.0, 5.0, -13.0, 9.0, -9.0, -5.0, -5.0, -3.0]","[15, 20, 31, 67, 68, 82, 83, 86, 115]","[15, 20, 31, 67, 68, 82, 83, 86, 115, 175, 196, 211, 222, 229, 251, 258, 259, 286, 150, 153, 183, 195, 271, 272, 168, 172, 184, 206, 209, 218, 231, 250, 285]",[138],"['c', 'f']",0.055555555555555546
/Q?/P1:raise2/P2:raise2/P1:c/C:K,"['/C:QJ/P1:raise2/P2:raise2/P1:c/C:K', '/C:QQ/P1:raise2/P2:raise2/P1:c/C:K', '/C:QK/P1:raise2/P2:raise2/P1:c/C:K']",5,"[689, 914, 1094]",1,"[-13.0, -9.0, -9.0, 5.0, -13.0, 9.0, -9.0, -5.0, -5.0]","[15, 67]","[15, 67, 229, 258, 286, 150, 183, 272, 184, 231, 250]","[81, 138]","['raise4', 'c']",0.01111111111111111
/Q?/P1:raise2/P2:raise2/P1:c/C:J,"['/C:QJ/P1:raise2/P2:raise2/P1:c/C:J', '/C:QQ/P1:raise2/P2:raise2/P1:c/C:J', '/C:QK/P1:raise2/P2:raise2/P1:c/C:J']",5,"[659, 899, 1064]",1,"[-13.0, -9.0, -9.0, 5.0, -13.0, 9.0, -9.0, -5.0, -5.0]","[68, 115]","[68, 115, 175, 211, 251, 153, 195, 271, 209, 218, 285]","[81, 138]","['raise4', 'c']",0.01111111111111111
/K?/P1:c/P2:raise2/P1:raise2/P2:c/C:J/P1:c/P2:raise4,"['/C:KJ/P1:c/P2:raise2/P1:raise2/P2:c/C:J/P1:c/P2:raise4', '/C:KQ/P1:c/P2:raise2/P1:raise2/P2:c/C:J/P1:c/P2:raise4', '/C:KK/P1:c/P2:raise2/P1:raise2/P2:c/C:J/P1:c/P2:raise4']",8,"[1397, 1637, 1847]",1,"[0.0, 9.0, 0.0, -5.0]",[],"[152, 281, 284]","[45, 72, 111]","['raise4', 'c', 'f']",0.0013888888888888887
/K?/P1:raise2/P2:raise2/P1:c/C:K/P1:raise4/P2:raise4,"['/C:KJ/P1:raise2/P2:raise2/P1:c/C:K/P1:raise4/P2:raise4', '/C:KQ/P1:raise2/P2:raise2/P1:c/C:K/P1:raise4/P2:raise4']",7,"[1322, 1562]",1,"[13.0, -9.0]",[],[],"[12, 21, 45]","['c', 'f']",0.0009259259259259257
/Q?/P1:raise2/P2:raise2/P1:c/C:Q,"['/C:QJ/P1:raise2/P2:raise2/P1:c/C:Q', '/C:QK/P1:raise2/P2:raise2/P1:c/C:Q']",5,"[674, 1079]",1,"[13.0, -9.0, 9.0, 5.0, 13.0, 9.0, 9.0, -5.0, 5.0]","[20, 31]","[20, 31, 196, 222, 259, 168, 172, 206]","[81, 138]","['raise4', 'c']",0.005555555555555555
/J?/P1:raise2/P2:raise2,"['/C:JJ/P1:raise2/P2:raise2', '/C:JQ/P1:raise2/P2:raise2', '/C:JK/P1:raise2/P2:raise2']",3,"[32, 212, 452]",1,"[13.0, -9.0, 9.0, 5.0, 13.0, 9.0, 9.0, -5.0, 5.0, -13.0, -9.0, -9.0, 5.0, -13.0, 9.0, -9.0, -5.0, -5.0, -13.0, -9.0, -9.0, 5.0, -13.0, 9.0, -9.0, -5.0, -5.0, -3.0]","[1, 9, 90, 102, 104, 110, 0, 7, 75]","[1, 9, 90, 102, 104, 110, 196, 222, 229, 258, 259, 286, 0, 7, 75, 148, 150, 153, 167, 173, 183, 195, 271, 272, 168, 172, 184, 206, 209, 218, 231, 250, 285]",[33],"['c', 'f']",0.055555555555555546
/K?/P1:c/P2:raise2/P1:raise2/P2:c/C:K/P1:raise4/P2:raise4,"['/C:KJ/P1:c/P2:raise2/P1:raise2/P2:c/C:K/P1:raise4/P2:raise4', '/C:KQ/P1:c/P2:raise2/P1:raise2/P2:c/C:K/P1:raise4/P2:raise4']",8,"[1418, 1658]",1,"[13.0, -9.0]",[],[],"[45, 72, 112]","['c', 'f']",0.00046296296296296287
/K?/P1:raise2/P2:c/C:J/P1:raise4/P2:raise4,"['/C:KJ/P1:raise2/P2:c/C:J/P1:raise4/P2:raise4', '/C:KQ/P1:raise2/P2:c/C:J/P1:raise4/P2:raise4', '/C:KK/P1:raise2/P2:c/C:J/P1:raise4/P2:raise4']",6,"[1340, 1580, 1805]",1,"[0.0, -7.0]",[],[],"[45, 47]","['c', 'f']",0.003703703703703703
/J?/P1:raise2/P2:raise2/P1:c/C:Q/P1:raise4/P2:raise4,"['/C:JJ/P1:raise2/P2:raise2/P1:c/C:Q/P1:raise4/P2:raise4', '/C:JQ/P1:raise2/P2:raise2/P1:c/C:Q/P1:raise4/P2:raise4', '/C:JK/P1:raise2/P2:raise2/P1:c/C:Q/P1:raise4/P2:raise4']",7,"[2, 182, 422]",1,"[-13.0, -9.0]",[],[],"[9, 33, 87]","['c', 'f']",0.0018518518518518515
/K?/P1:c/P2:c/C:J/P1:raise4/P2:raise4,"['/C:KJ/P1:c/P2:c/C:J/P1:raise4/P2:raise4', '/C:KQ/P1:c/P2:c/C:J/P1:raise4/P2:raise4', '/C:KK/P1:c/P2:c/C:J/P1:raise4/P2:raise4']",6,"[1484, 1724, 1904]",1,"[0.0, -5.0]",[],[],"[11, 45]","['c', 'f']",0.005555555555555555
/K?/P1:c/P2:c/C:J/P1:c/P2:raise4,"['/C:KJ/P1:c/P2:c/C:J/P1:c/P2:raise4', '/C:KQ/P1:c/P2:c/C:J/P1:c/P2:raise4', '/C:KK/P1:c/P2:c/C:J/P1:c/P2:raise4']",6,"[1493, 1733, 1913]",1,"[0.0, 5.0, 0.0, -1.0]",[],"[188, 181, 224]","[11, 45]","['raise4', 'c', 'f']",0.008333333333333333
/Q?/P1:c/P2:raise2/P1:c/C:Q,"['/C:QJ/P1:c/P2:raise2/P1:c/C:Q', '/C:QK/P1:c/P2:raise2/P1:c/C:Q']",5,"[818, 1223]",1,"[11.0, -7.0, 7.0, 3.0, 11.0, 7.0, 7.0, -3.0, 3.0]","[69, 127]","[69, 127, 146, 163, 282, 166, 178, 227]","[53, 138]","['raise4', 'c']",0.005555555555555555
/Q?/P1:c/P2:raise2/P1:c/C:K,"['/C:QJ/P1:c/P2:raise2/P1:c/C:K', '/C:QQ/P1:c/P2:raise2/P1:c/C:K', '/C:QK/P1:c/P2:raise2/P1:c/C:K']",5,"[833, 1013, 1238]",1,"[-11.0, -7.0, -7.0, 3.0, -11.0, 7.0, -7.0, -3.0, -3.0]","[66, 126]","[66, 126, 176, 189, 262, 177, 186, 197, 155, 194, 273]","[53, 138]","['raise4', 'c']",0.01111111111111111
/Q?/P1:c/P2:raise2/P1:c/C:J,"['/C:QJ/P1:c/P2:raise2/P1:c/C:J', '/C:QQ/P1:c/P2:raise2/P1:c/C:J', '/C:QK/P1:c/P2:raise2/P1:c/C:J']",5,"[803, 998, 1208]",1,"[-11.0, -7.0, -7.0, 3.0, -11.0, 7.0, -7.0, -3.0, -3.0]","[4, 35]","[4, 35, 149, 198, 201, 180, 207, 226, 192, 200, 287]","[53, 138]","['raise4', 'c']",0.01111111111111111
/J?/P1:raise2/P2:c/C:Q/P1:raise4/P2:raise4,"['/C:JJ/P1:raise2/P2:c/C:Q/P1:raise4/P2:raise4', '/C:JQ/P1:raise2/P2:c/C:Q/P1:raise4/P2:raise4', '/C:JK/P1:raise2/P2:c/C:Q/P1:raise4/P2:raise4']",6,"[35, 230, 470]",1,"[-11.0, -7.0]",[],[],"[33, 124]","['c', 'f']",0.003703703703703703
/J?/P1:c/P2:c/C:J/P1:raise4/P2:raise4,"['/C:JQ/P1:c/P2:c/C:J/P1:raise4/P2:raise4', '/C:JK/P1:c/P2:c/C:J/P1:raise4/P2:raise4']",6,"[359, 599]",1,"[9.0, -5.0]",[],[],"[33, 125]","['c', 'f']",0.0027777777777777775
/Q?/P1:c/P2:raise2/P1:raise2/P2:c/C:J,"['/C:QJ/P1:c/P2:raise2/P1:raise2/P2:c/C:J', '/C:QQ/P1:c/P2:raise2/P1:raise2/P2:c/C:J', '/C:QK/P1:c/P2:raise2/P1:raise2/P2:c/C:J']",6,"[755, 965, 1160]",1,"[-13.0, -9.0, -9.0, 5.0, -13.0, 9.0, -9.0, -5.0, -5.0]","[70, 134]","[70, 134, 152, 164, 191, 154, 204, 281, 205, 248, 284]","[53, 138]","['raise4', 'c']",0.005555555555555555
/Q?/P1:c/P2:raise2/P1:raise2/P2:c/C:K,"['/C:QJ/P1:c/P2:raise2/P1:raise2/P2:c/C:K', '/C:QQ/P1:c/P2:raise2/P1:raise2/P2:c/C:K', '/C:QK/P1:c/P2:raise2/P1:raise2/P2:c/C:K']",6,"[785, 980, 1190]",1,"[-13.0, -9.0, -9.0, 5.0, -13.0, 9.0, -9.0, -5.0, -5.0]","[8, 30]","[8, 30, 159, 199, 236, 151, 233, 238, 203, 210, 232]","[53, 138]","['raise4', 'c']",0.005555555555555555
/Q?/P1:c/P2:raise2/P1:raise2/P2:c/C:Q,"['/C:QJ/P1:c/P2:raise2/P1:raise2/P2:c/C:Q', '/C:QK/P1:c/P2:raise2/P1:raise2/P2:c/C:Q']",6,"[770, 1175]",1,"[13.0, -9.0, 9.0, 5.0, 13.0, 9.0, 9.0, -5.0, 5.0]","[6, 117]","[6, 117, 160, 223, 255, 156, 179, 221]","[53, 138]","['raise4', 'c']",0.0027777777777777775
/J?/P1:c/P2:c/C:K/P1:raise4/P2:raise4,"['/C:JJ/P1:c/P2:c/C:K/P1:raise4/P2:raise4', '/C:JQ/P1:c/P2:c/C:K/P1:raise4/P2:raise4', '/C:JK/P1:c/P2:c/C:K/P1:raise4/P2:raise4']",6,"[149, 389, 629]",1,"[-9.0, -5.0]",[],[],"[33, 63]","['c', 'f']",0.005555555555555555
/J?/P1:raise2/P2:raise2/P1:c/C:K/P1:raise4/P2:raise4,"['/C:JJ/P1:raise2/P2:raise2/P1:c/C:K/P1:raise4/P2:raise4', '/C:JQ/P1:raise2/P2:raise2/P1:c/C:K/P1:raise4/P2:raise4', '/C:JK/P1:raise2/P2:raise2/P1:c/C:K/P1:raise4/P2:raise4']",7,"[17, 197, 437]",1,"[-13.0, -9.0]",[],[],"[1, 33, 87]","['c', 'f']",0.0018518518518518515
/Q?/P1:c/P2:c/C:J/P1:c/P2:raise4,"['/C:QJ/P1:c/P2:c/C:J/P1:c/P2:raise4', '/C:QQ/P1:c/P2:c/C:J/P1:c/P2:raise4', '/C:QK/P1:c/P2:c/C:J/P1:c/P2:raise4']",6,"[848, 1028, 1253]",1,"[-9.0, 5.0, -5.0, -1.0]",[],"[188, 181, 224]","[26, 138]","['raise4', 'c', 'f']",0.008333333333333333
/J?/P1:raise2/P2:raise2/P1:c/C:K/P1:c/P2:raise4,"['/C:JJ/P1:raise2/P2:raise2/P1:c/C:K/P1:c/P2:raise4', '/C:JQ/P1:raise2/P2:raise2/P1:c/C:K/P1:c/P2:raise4', '/C:JK/P1:raise2/P2:raise2/P1:c/C:K/P1:c/P2:raise4']",7,"[26, 206, 446]",1,"[-13.0, 9.0, -9.0, -5.0]",[],"[286, 150, 231]","[1, 33, 87]","['raise4', 'c', 'f']",0.0027777777777777775
/J?/P1:c/P2:raise2/P1:raise2/P2:c/C:K,"['/C:JJ/P1:c/P2:raise2/P1:raise2/P2:c/C:K', '/C:JQ/P1:c/P2:raise2/P1:raise2/P2:c/C:K', '/C:JK/P1:c/P2:raise2/P1:raise2/P2:c/C:K']",6,"[95, 305, 545]",1,"[-13.0, -9.0, -9.0, 5.0, -13.0, 9.0, -9.0, -5.0, -5.0]","[5, 61]","[5, 61, 159, 199, 236, 151, 233, 238, 203, 210, 232]","[33, 141]","['raise4', 'c']",0.005555555555555555
/J?/P1:c/P2:raise2/P1:raise2/P2:c/C:J,"['/C:JQ/P1:c/P2:raise2/P1:raise2/P2:c/C:J', '/C:JK/P1:c/P2:raise2/P1:raise2/P2:c/C:J']",6,"[275, 515]",1,"[13.0, -9.0, 9.0, 5.0, 13.0, 9.0, 9.0, -5.0, 5.0]","[44, 62]","[44, 62, 154, 204, 281, 205, 248, 284]","[33, 141]","['raise4', 'c']",0.0027777777777777775
/J?/P1:c/P2:raise2/P1:raise2/P2:c/C:Q,"['/C:JJ/P1:c/P2:raise2/P1:raise2/P2:c/C:Q', '/C:JQ/P1:c/P2:raise2/P1:raise2/P2:c/C:Q', '/C:JK/P1:c/P2:raise2/P1:raise2/P2:c/C:Q']",6,"[80, 290, 530]",1,"[-13.0, -9.0, -9.0, 5.0, -13.0, 9.0, -9.0, -5.0, -5.0]","[58, 60]","[58, 60, 160, 223, 255, 225, 241, 261, 156, 179, 221]","[33, 141]","['raise4', 'c']",0.005555555555555555
/J?/P1:c/P2:c/C:Q/P1:raise4/P2:raise4,"['/C:JJ/P1:c/P2:c/C:Q/P1:raise4/P2:raise4', '/C:JQ/P1:c/P2:c/C:Q/P1:raise4/P2:raise4', '/C:JK/P1:c/P2:c/C:Q/P1:raise4/P2:raise4']",6,"[134, 374, 614]",1,"[-9.0, -5.0]",[],[],"[33, 131]","['c', 'f']",0.005555555555555555
/J?/P1:raise2/P2:c/C:J/P1:raise4/P2:raise4,"['/C:JQ/P1:raise2/P2:c/C:J/P1:raise4/P2:raise4', '/C:JK/P1:raise2/P2:c/C:J/P1:raise4/P2:raise4']",6,"[215, 455]",1,"[11.0, -7.0]",[],[],"[33, 128]","['c', 'f']",0.0018518518518518515
/J?/P1:raise2/P2:raise2/P1:c/C:Q/P1:c/P2:raise4,"['/C:JJ/P1:raise2/P2:raise2/P1:c/C:Q/P1:c/P2:raise4', '/C:JQ/P1:raise2/P2:raise2/P1:c/C:Q/P1:c/P2:raise4', '/C:JK/P1:raise2/P2:raise2/P1:c/C:Q/P1:c/P2:raise4']",7,"[11, 191, 431]",1,"[-13.0, 9.0, -9.0, -5.0]",[],"[222, 167, 206]","[9, 33, 87]","['raise4', 'c', 'f']",0.0027777777777777775
/K?/P1:c/P2:raise2/P1:raise2/P2:c/C:J,"['/C:KJ/P1:c/P2:raise2/P1:raise2/P2:c/C:J', '/C:KQ/P1:c/P2:raise2/P1:raise2/P2:c/C:J', '/C:KK/P1:c/P2:raise2/P1:raise2/P2:c/C:J']",6,"[1400, 1640, 1850]",1,"[0.0, -9.0, 0.0, 5.0, 0.0, 9.0, 0.0, -5.0, 0.0]","[56, 84]","[56, 84, 152, 164, 191, 154, 204, 281, 205, 248, 284]","[45, 72]","['raise4', 'c']",0.005555555555555555
/K?/P1:c/P2:raise2/P1:raise2/P2:c/C:K,"['/C:KJ/P1:c/P2:raise2/P1:raise2/P2:c/C:K', '/C:KQ/P1:c/P2:raise2/P1:raise2/P2:c/C:K']",6,"[1430, 1670]",1,"[13.0, -9.0, 9.0, 5.0, 13.0, 9.0, 9.0, -5.0, 5.0]","[37, 88]","[37, 88, 159, 199, 236, 151, 233, 238]","[45, 72]","['raise4', 'c']",0.0027777777777777775
/J?/P1:c/P2:raise2/P1:c/C:Q,"['/C:JJ/P1:c/P2:raise2/P1:c/C:Q', '/C:JQ/P1:c/P2:raise2/P1:c/C:Q', '/C:JK/P1:c/P2:raise2/P1:c/C:Q']",5,"[113, 338, 578]",1,"[-11.0, -7.0, -7.0, 3.0, -11.0, 7.0, -7.0, -3.0, -3.0]","[19, 43]","[19, 43, 146, 163, 282, 144, 275, 276, 166, 178, 227]","[33, 141]","['raise4', 'c']",0.01111111111111111
/K?/P1:raise2/P2:c/C:K,"['/C:KJ/P1:raise2/P2:c/C:K', '/C:KQ/P1:raise2/P2:c/C:K']",4,"[1382, 1622]",1,"[11.0, -7.0, 7.0, 3.0, 11.0, 7.0, 7.0, -3.0, 3.0]","[38, 50]","[38, 50, 145, 182, 244, 263, 264, 278]",[45],"['raise4', 'c']",0.01111111111111111
/Q?/P1:raise2/P2:raise2/P1:c/C:J/P1:raise4/P2:raise4,"['/C:QJ/P1:raise2/P2:raise2/P1:c/C:J/P1:raise4/P2:raise4', '/C:QQ/P1:raise2/P2:raise2/P1:c/C:J/P1:raise4/P2:raise4', '/C:QK/P1:raise2/P2:raise2/P1:c/C:J/P1:raise4/P2:raise4']",7,"[647, 887, 1052]",1,"[-13.0, -9.0]",[],[],"[81, 83, 138]","['c', 'f']",0.0018518518518518515
/Q?/P1:raise2/P2:c/C:J/P1:c/P2:raise4,"['/C:QJ/P1:raise2/P2:c/C:J/P1:c/P2:raise4', '/C:QQ/P1:raise2/P2:c/C:J/P1:c/P2:raise4', '/C:QK/P1:raise2/P2:c/C:J/P1:c/P2:raise4']",6,"[704, 929, 1109]",1,"[-11.0, 7.0, -7.0, -3.0]",[],"[214, 253, 247]","[52, 138]","['raise4', 'c', 'f']",0.005555555555555555
/Q?/P1:c/P2:raise2/P1:raise2/P2:c/C:Q/P1:c/P2:raise4,"['/C:QJ/P1:c/P2:raise2/P1:raise2/P2:c/C:Q/P1:c/P2:raise4', '/C:QK/P1:c/P2:raise2/P1:raise2/P2:c/C:Q/P1:c/P2:raise4']",8,"[767, 1172]",1,"[13.0, 9.0, 9.0, -5.0]",[],"[223, 156]","[53, 100, 138]","['raise4', 'c', 'f']",0.0006944444444444444
/J?/P1:c/P2:raise2/P1:c/C:J,"['/C:JQ/P1:c/P2:raise2/P1:c/C:J', '/C:JK/P1:c/P2:raise2/P1:c/C:J']",5,"[323, 563]",1,"[11.0, -7.0, 7.0, 3.0, 11.0, 7.0, 7.0, -3.0, 3.0]","[130, 139]","[130, 139, 180, 207, 226, 192, 200, 287]","[33, 141]","['raise4', 'c']",0.005555555555555555
/J?/P1:c/P2:raise2/P1:c/C:K,"['/C:JJ/P1:c/P2:raise2/P1:c/C:K', '/C:JQ/P1:c/P2:raise2/P1:c/C:K', '/C:JK/P1:c/P2:raise2/P1:c/C:K']",5,"[128, 353, 593]",1,"[-11.0, -7.0, -7.0, 3.0, -11.0, 7.0, -7.0, -3.0, -3.0]","[17, 24]","[17, 24, 176, 189, 262, 177, 186, 197, 155, 194, 273]","[33, 141]","['raise4', 'c']",0.01111111111111111
/K?/P1:c/P2:raise2/P1:raise2/P2:c/C:Q,"['/C:KJ/P1:c/P2:raise2/P1:raise2/P2:c/C:Q', '/C:KQ/P1:c/P2:raise2/P1:raise2/P2:c/C:Q', '/C:KK/P1:c/P2:raise2/P1:raise2/P2:c/C:Q']",6,"[1415, 1655, 1865]",1,"[0.0, -9.0, 0.0, 5.0, 0.0, 9.0, 0.0, -5.0, 0.0]","[80, 136]","[80, 136, 160, 223, 255, 225, 241, 261, 156, 179, 221]","[45, 72]","['raise4', 'c']",0.005555555555555555
/K?/P1:c/P2:raise2/P1:c/C:K,"['/C:KJ/P1:c/P2:raise2/P1:c/C:K', '/C:KQ/P1:c/P2:raise2/P1:c/C:K']",5,"[1478, 1718]",1,"[11.0, -7.0, 7.0, 3.0, 11.0, 7.0, 7.0, -3.0, 3.0]","[16, 79]","[16, 79, 176, 189, 262, 177, 186, 197]","[45, 72]","['raise4', 'c']",0.005555555555555555
/K?/P1:c/P2:raise2/P1:c/C:J,"['/C:KJ/P1:c/P2:raise2/P1:c/C:J', '/C:KQ/P1:c/P2:raise2/P1:c/C:J', '/C:KK/P1:c/P2:raise2/P1:c/C:J']",5,"[1448, 1688, 1883]",1,"[0.0, -7.0, 0.0, 3.0, 0.0, 7.0, 0.0, -3.0, 0.0]","[132, 142]","[132, 142, 149, 198, 201, 180, 207, 226, 192, 200, 287]","[45, 72]","['raise4', 'c']",0.01111111111111111
/J?/P1:raise2/P2:c/C:K/P1:c/P2:raise4,"['/C:JJ/P1:raise2/P2:c/C:K/P1:c/P2:raise4', '/C:JQ/P1:raise2/P2:c/C:K/P1:c/P2:raise4', '/C:JK/P1:raise2/P2:c/C:K/P1:c/P2:raise4']",6,"[59, 254, 494]",1,"[-11.0, 7.0, -7.0, -3.0]",[],"[145, 263, 158]","[33, 129]","['raise4', 'c', 'f']",0.005555555555555555
/J?/P1:raise2/P2:c/C:Q,"['/C:JJ/P1:raise2/P2:c/C:Q', '/C:JQ/P1:raise2/P2:c/C:Q', '/C:JK/P1:raise2/P2:c/C:Q']",4,"[47, 242, 482]",1,"[-11.0, -7.0, -7.0, 3.0, -11.0, 7.0, -7.0, -3.0, -3.0]","[32, 96]","[32, 96, 147, 208, 283, 239, 240, 269, 237, 245, 265]",[33],"['raise4', 'c']",0.02222222222222222
/J?/P1:c/P2:c/C:J,"['/C:JQ/P1:c/P2:c/C:J', '/C:JK/P1:c/P2:c/C:J']",4,"[371, 611]",1,"[9.0, -5.0, 5.0, 1.0, 9.0, 5.0, 5.0, -1.0, 1.0]","[34, 97]","[34, 97, 165, 181, 256, 224, 254, 268]",[33],"['raise4', 'c']",0.016666666666666666
/Q?/P1:c/P2:raise2/P1:c/C:K/P1:raise4/P2:raise4,"['/C:QJ/P1:c/P2:raise2/P1:c/C:K/P1:raise4/P2:raise4', '/C:QQ/P1:c/P2:raise2/P1:c/C:K/P1:raise4/P2:raise4', '/C:QK/P1:c/P2:raise2/P1:c/C:K/P1:raise4/P2:raise4']",7,"[821, 1001, 1226]",1,"[-11.0, -7.0]",[],[],"[53, 94, 138]","['c', 'f']",0.0018518518518518515
/Q?/P1:c/P2:raise2/P1:c/C:Q/P1:c/P2:raise4,"['/C:QJ/P1:c/P2:raise2/P1:c/C:Q/P1:c/P2:raise4', '/C:QK/P1:c/P2:raise2/P1:c/C:Q/P1:c/P2:raise4']",7,"[815, 1220]",1,"[11.0, 7.0, 7.0, -3.0]",[],"[282, 227]","[53, 93, 138]","['raise4', 'c', 'f']",0.0013888888888888887
/J?/P1:raise2/P2:c/C:J,"['/C:JQ/P1:raise2/P2:c/C:J', '/C:JK/P1:raise2/P2:c/C:J']",4,"[227, 467]",1,"[11.0, -7.0, 7.0, 3.0, 11.0, 7.0, 7.0, -3.0, 3.0]","[48, 109]","[48, 109, 253, 270, 280, 247, 252, 257]",[33],"['raise4', 'c']",0.01111111111111111
/J?/P1:raise2/P2:c/C:K,"['/C:JJ/P1:raise2/P2:c/C:K', '/C:JQ/P1:raise2/P2:c/C:K', '/C:JK/P1:raise2/P2:c/C:K']",4,"[62, 257, 497]",1,"[-11.0, -7.0, -7.0, 3.0, -11.0, 7.0, -7.0, -3.0, -3.0]","[78, 123]","[78, 123, 145, 182, 244, 263, 264, 278, 158, 170, 220]",[33],"['raise4', 'c']",0.02222222222222222
/J?/P1:c/P2:raise2/P1:c/C:J/P1:raise4/P2:raise4,"['/C:JQ/P1:c/P2:raise2/P1:c/C:J/P1:raise4/P2:raise4', '/C:JK/P1:c/P2:raise2/P1:c/C:J/P1:raise4/P2:raise4']",7,"[311, 551]",1,"[11.0, -7.0]",[],[],"[33, 118, 141]","['c', 'f']",0.0009259259259259257
/J?/P1:c/P2:c/C:Q,"['/C:JJ/P1:c/P2:c/C:Q', '/C:JQ/P1:c/P2:c/C:Q', '/C:JK/P1:c/P2:c/C:Q']",4,"[146, 386, 626]",1,"[-9.0, -5.0, -5.0, 1.0, -9.0, 5.0, -5.0, -1.0, -1.0]","[49, 108]","[49, 108, 202, 230, 274, 212, 217, 266, 190, 216, 246]",[33],"['raise4', 'c']",0.03333333333333333
/K?/P1:c/P2:raise2/P1:c/C:J/P1:c/P2:raise4,"['/C:KJ/P1:c/P2:raise2/P1:c/C:J/P1:c/P2:raise4', '/C:KQ/P1:c/P2:raise2/P1:c/C:J/P1:c/P2:raise4', '/C:KK/P1:c/P2:raise2/P1:c/C:J/P1:c/P2:raise4']",7,"[1445, 1685, 1880]",1,"[0.0, 7.0, 0.0, -3.0]",[],"[201, 207, 287]","[45, 72, 122]","['raise4', 'c', 'f']",0.0027777777777777775
/Q?/P1:raise2/P2:c/C:J/P1:raise4/P2:raise4,"['/C:QJ/P1:raise2/P2:c/C:J/P1:raise4/P2:raise4', '/C:QQ/P1:raise2/P2:c/C:J/P1:raise4/P2:raise4', '/C:QK/P1:raise2/P2:c/C:J/P1:raise4/P2:raise4']",6,"[695, 920, 1100]",1,"[-11.0, -7.0]",[],[],"[52, 138]","['c', 'f']",0.003703703703703703
/Q?/P1:c/P2:raise2/P1:raise2/P2:c/C:J/P1:raise4/P2:raise4,"['/C:QJ/P1:c/P2:raise2/P1:raise2/P2:c/C:J/P1:raise4/P2:raise4', '/C:QQ/P1:c/P2:raise2/P1:raise2/P2:c/C:J/P1:raise4/P2:raise4', '/C:QK/P1:c/P2:raise2/P1:raise2/P2:c/C:J/P1:raise4/P2:raise4']",8,"[743, 953, 1148]",1,"[-13.0, -9.0]",[],[],"[53, 98, 138]","['c', 'f']",0.0009259259259259257
/Q?/P1:raise2/P2:c/C:Q/P1:raise4/P2:raise4,"['/C:QJ/P1:raise2/P2:c/C:Q/P1:raise4/P2:raise4', '/C:QK/P1:raise2/P2:c/C:Q/P1:raise4/P2:raise4']",6,"[710, 1115]",1,"[11.0, -7.0]",[],[],"[57, 138]","['c', 'f']",0.0018518518518518515
/K?/P1:c/P2:raise2/P1:raise2/P2:c/C:Q/P1:raise4/P2:raise4,"['/C:KJ/P1:c/P2:raise2/P1:raise2/P2:c/C:Q/P1:raise4/P2:raise4', '/C:KQ/P1:c/P2:raise2/P1:raise2/P2:c/C:Q/P1:raise4/P2:raise4', '/C:KK/P1:c/P2:raise2/P1:raise2/P2:c/C:Q/P1:raise4/P2:raise4']",8,"[1403, 1643, 1853]",1,"[0.0, -9.0]",[],[],"[45, 72, 120]","['c', 'f']",0.0009259259259259257
/Q?/P1:c/P2:c/C:J/P1:raise4/P2:raise4,"['/C:QJ/P1:c/P2:c/C:J/P1:raise4/P2:raise4', '/C:QQ/P1:c/P2:c/C:J/P1:raise4/P2:raise4', '/C:QK/P1:c/P2:c/C:J/P1:raise4/P2:raise4']",6,"[839, 1019, 1244]",1,"[-9.0, -5.0]",[],[],"[26, 138]","['c', 'f']",0.005555555555555555
/Q?,"['/C:QJ', '/C:QQ', '/C:QK']",1,"[884, 1049, 1289]",1,"[-13.0, -9.0, -9.0, 5.0, -13.0, 9.0, -9.0, -5.0, -5.0, 13.0, -9.0, 9.0, 5.0, 13.0, 9.0, 9.0, -5.0, 5.0, -13.0, -9.0, -9.0, 5.0, -13.0, 9.0, -9.0, -5.0, -5.0, -3.0, -11.0, -7.0, -7.0, 3.0, -11.0, 7.0, -7.0, -3.0, -3.0, 11.0, -7.0, 7.0, 3.0, 11.0, 7.0, 7.0, -3.0, 3.0, -11.0, -7.0, -7.0, 3.0, -11.0, 7.0, -7.0, -3.0, -3.0, 1.0, -13.0, -9.0, -9.0, 5.0, -13.0, 9.0, -9.0, -5.0, -5.0, 13.0, -9.0, 9.0, 5.0, 13.0, 9.0, 9.0, -5.0, 5.0, -13.0, -9.0, -9.0, 5.0, -13.0, 9.0, -9.0, -5.0, -5.0, 3.0, -11.0, -7.0, -7.0, 3.0, -11.0, 7.0, -7.0, -3.0, -3.0, 11.0, -7.0, 7.0, 3.0, 11.0, 7.0, 7.0, -3.0, 3.0, -11.0, -7.0, -7.0, 3.0, -11.0, 7.0, -7.0, -3.0, -3.0, -1.0, -9.0, -5.0, -5.0, 1.0, -9.0, 5.0, -5.0, -1.0, -1.0, 9.0, -5.0, 5.0, 1.0, 9.0, 5.0, 5.0, -1.0, 1.0, -9.0, -5.0, -5.0, 1.0, -9.0, 5.0, -5.0, -1.0, -1.0]","[4, 6, 8, 15, 20, 23, 25, 26, 29, 30, 31, 35, 36, 42, 51, 52, 53, 54, 57, 64, 66, 67, 68, 69, 70, 73, 77, 81, 82, 83, 86, 93, 94, 95, 98, 99, 100, 103, 115, 116, 117, 126, 127, 133, 134, 135, 137]","[4, 6, 8, 15, 20, 23, 25, 26, 29, 30, 31, 35, 36, 42, 51, 52, 53, 54, 57, 64, 66, 67, 68, 69, 70, 73, 77, 81, 82, 83, 86, 93, 94, 95, 98, 99, 100, 103, 115, 116, 117, 126, 127, 133, 134, 135, 137, 145, 146, 147, 149, 152, 157, 159, 160, 161, 162, 163, 164, 174, 175, 176, 182, 187, 188, 189, 191, 196, 198, 199, 201, 202, 208, 211, 213, 214, 215, 222, 223, 228, 229, 230, 236, 242, 244, 251, 255, 258, 259, 262, 267, 274, 282, 283, 286, 150, 151, 153, 154, 165, 177, 180, 181, 183, 186, 195, 197, 204, 207, 219, 226, 233, 234, 235, 238, 243, 249, 253, 256, 263, 264, 270, 271, 272, 278, 279, 280, 281, 155, 156, 158, 166, 168, 169, 170, 171, 172, 178, 179, 184, 185, 190, 192, 193, 194, 200, 203, 205, 206, 209, 210, 216, 218, 220, 221, 224, 227, 231, 232, 237, 245, 246, 247, 248, 250, 252, 254, 257, 260, 265, 268, 273, 277, 284, 285, 287]",[],"['raise2', 'c']",0.33333333333333337
/J?/P1:c/P2:raise2/P1:c/C:J/P1:c/P2:raise4,"['/C:JQ/P1:c/P2:raise2/P1:c/C:J/P1:c/P2:raise4', '/C:JK/P1:c/P2:raise2/P1:c/C:J/P1:c/P2:raise4']",7,"[320, 560]",1,"[11.0, 7.0, 7.0, -3.0]",[],"[207, 287]","[33, 118, 141]","['raise4', 'c', 'f']",0.0013888888888888887
/K?/P1:raise2/P2:raise2/P1:c/C:J/P1:c/P2:raise4,"['/C:KJ/P1:raise2/P2:raise2/P1:c/C:J/P1:c/P2:raise4', '/C:KQ/P1:raise2/P2:raise2/P1:c/C:J/P1:c/P2:raise4', '/C:KK/P1:raise2/P2:raise2/P1:c/C:J/P1:c/P2:raise4']",7,"[1301, 1541, 1781]",1,"[0.0, 9.0, 0.0, -5.0]",[],"[251, 153, 209]","[12, 22, 45]","['raise4', 'c', 'f']",0.0027777777777777775
/J?/P1:c/P2:raise2,"['/C:JJ/P1:c/P2:raise2', '/C:JQ/P1:c/P2:raise2', '/C:JK/P1:c/P2:raise2']",3,"[131, 356, 596]",1,"[13.0, -9.0, 9.0, 5.0, 13.0, 9.0, 9.0, -5.0, 5.0, -13.0, -9.0, -9.0, 5.0, -13.0, 9.0, -9.0, -5.0, -5.0, -13.0, -9.0, -9.0, 5.0, -13.0, 9.0, -9.0, -5.0, -5.0, 3.0, 11.0, -7.0, 7.0, 3.0, 11.0, 7.0, 7.0, -3.0, 3.0, -11.0, -7.0, -7.0, 3.0, -11.0, 7.0, -7.0, -3.0, -3.0, -11.0, -7.0, -7.0, 3.0, -11.0, 7.0, -7.0, -3.0, -3.0, -1.0]","[5, 17, 19, 24, 43, 58, 60, 61, 105, 107, 113, 119, 44, 62, 106, 118, 130, 139]","[5, 17, 19, 24, 43, 58, 60, 61, 105, 107, 113, 119, 146, 159, 160, 161, 163, 176, 189, 199, 223, 236, 255, 262, 282, 44, 62, 106, 118, 130, 139, 144, 151, 154, 177, 180, 186, 197, 204, 207, 225, 226, 233, 235, 238, 241, 261, 275, 276, 281, 155, 156, 166, 169, 178, 179, 192, 194, 200, 203, 205, 210, 221, 227, 232, 248, 273, 284, 287]",[33],"['raise2', 'c', 'f']",0.08333333333333334
/K?/P1:c/P2:raise2/P1:c/C:J/P1:raise4/P2:raise4,"['/C:KJ/P1:c/P2:raise2/P1:c/C:J/P1:raise4/P2:raise4', '/C:KQ/P1:c/P2:raise2/P1:c/C:J/P1:raise4/P2:raise4', '/C:KK/P1:c/P2:raise2/P1:c/C:J/P1:raise4/P2:raise4']",7,"[1436, 1676, 1871]",1,"[0.0, -7.0]",[],[],"[45, 72, 122]","['c', 'f']",0.0018518518518518515
/K?/P1:raise2/P2:c/C:Q/P1:raise4/P2:raise4,"['/C:KJ/P1:raise2/P2:c/C:Q/P1:raise4/P2:raise4', '/C:KQ/P1:raise2/P2:c/C:Q/P1:raise4/P2:raise4', '/C:KK/P1:raise2/P2:c/C:Q/P1:raise4/P2:raise4']",6,"[1355, 1595, 1820]",1,"[0.0, -7.0]",[],[],"[39, 45]","['c', 'f']",0.003703703703703703
/?Q/P1:c/P2:raise2/P1:c/C:Q/P1:c/P2:raise4/P1:raise4,"['/C:JQ/P1:c/P2:raise2/P1:c/C:Q/P1:c/P2:raise4/P1:raise4', '/C:KQ/P1:c/P2:raise2/P1:c/C:Q/P1:c/P2:raise4/P1:raise4']",8,"[332, 1697]",2,"[-11.0, 7.0]",[],[],"[234, 276]","['c', 'f']",0.00046296296296296287
/?J/P1:raise2/P2:c/C:K/P1:c/P2:raise4/P1:raise4,"['/C:JJ/P1:raise2/P2:c/C:K/P1:c/P2:raise4/P1:raise4', '/C:QJ/P1:raise2/P2:c/C:K/P1:c/P2:raise4/P1:raise4', '/C:KJ/P1:raise2/P2:c/C:K/P1:c/P2:raise4/P1:raise4']",7,"[56, 731, 1376]",2,"[11.0, 7.0]",[],[],"[162, 182]","['c', 'f']",0.0018518518518518515
/?J/P1:c/P2:raise2/P1:c/C:Q/P1:raise4,"['/C:JJ/P1:c/P2:raise2/P1:c/C:Q/P1:raise4', '/C:QJ/P1:c/P2:raise2/P1:c/C:Q/P1:raise4', '/C:KJ/P1:c/P2:raise2/P1:c/C:Q/P1:raise4']",6,"[104, 809, 1454]",2,"[11.0, -7.0, 7.0, 3.0]",[],"[43, 69, 28]",[187],"['raise4', 'c', 'f']",0.005555555555555555
/?J/P1:raise2/P2:c/C:Q/P1:c/P2:raise4/P1:raise4,"['/C:JJ/P1:raise2/P2:c/C:Q/P1:c/P2:raise4/P1:raise4', '/C:QJ/P1:raise2/P2:c/C:Q/P1:c/P2:raise4/P1:raise4', '/C:KJ/P1:raise2/P2:c/C:Q/P1:c/P2:raise4/P1:raise4']",7,"[41, 716, 1361]",2,"[11.0, 7.0]",[],[],"[162, 283]","['c', 'f']",0.0018518518518518515
/?Q/P1:raise2/P2:raise2/P1:c/C:Q/P1:raise4,"['/C:JQ/P1:raise2/P2:raise2/P1:c/C:Q/P1:raise4', '/C:KQ/P1:raise2/P2:raise2/P1:c/C:Q/P1:raise4']",6,"[185, 1550]",2,"[-13.0, -9.0, -9.0, 5.0]",[],"[90, 41]",[249],"['raise4', 'c', 'f']",0.0027777777777777775
/?J/P1:c/P2:raise2/P1:c/C:J/P1:c,"['/C:QJ/P1:c/P2:raise2/P1:c/C:J/P1:c', '/C:KJ/P1:c/P2:raise2/P1:c/C:J/P1:c']",6,"[802, 1447]",2,"[-11.0, 7.0, -7.0, -3.0, -3.0]",[201],"[4, 201, 132]",[187],"['raise4', 'c']",0.0027777777777777775
/?Q/P1:raise2/P2:raise2/P1:c/C:K/P1:c/P2:raise4/P1:raise4,"['/C:JQ/P1:raise2/P2:raise2/P1:c/C:K/P1:c/P2:raise4/P1:raise4', '/C:QQ/P1:raise2/P2:raise2/P1:c/C:K/P1:c/P2:raise4/P1:raise4', '/C:KQ/P1:raise2/P2:raise2/P1:c/C:K/P1:c/P2:raise4/P1:raise4']",8,"[203, 908, 1568]",2,"[13.0, 9.0]",[],[],"[249, 272]","['c', 'f']",0.0009259259259259257
/?Q/P1:c/P2:raise2/P1:raise2/P2:c/C:K/P1:c/P2:raise4/P1:raise4,"['/C:JQ/P1:c/P2:raise2/P1:raise2/P2:c/C:K/P1:c/P2:raise4/P1:raise4', '/C:QQ/P1:c/P2:raise2/P1:raise2/P2:c/C:K/P1:c/P2:raise4/P1:raise4', '/C:KQ/P1:c/P2:raise2/P1:raise2/P2:c/C:K/P1:c/P2:raise4/P1:raise4']",9,"[299, 974, 1664]",2,"[13.0, 9.0]",[],[],"[234, 235, 238]","['c', 'f']",0.00046296296296296287
/?J/P1:c/P2:raise2/P1:raise2/P2:c/C:J/P1:c/P2:raise4/P1:raise4,"['/C:QJ/P1:c/P2:raise2/P1:raise2/P2:c/C:J/P1:c/P2:raise4/P1:raise4', '/C:KJ/P1:c/P2:raise2/P1:raise2/P2:c/C:J/P1:c/P2:raise4/P1:raise4']",9,"[749, 1394]",2,"[-13.0, 9.0]",[],[],"[161, 187, 191]","['c', 'f']",0.00023148148148148144
/?Q/P1:raise2/P2:raise2/P1:c/C:J/P1:c/P2:raise4/P1:raise4,"['/C:JQ/P1:raise2/P2:raise2/P1:c/C:J/P1:c/P2:raise4/P1:raise4', '/C:QQ/P1:raise2/P2:raise2/P1:c/C:J/P1:c/P2:raise4/P1:raise4', '/C:KQ/P1:raise2/P2:raise2/P1:c/C:J/P1:c/P2:raise4/P1:raise4']",8,"[173, 893, 1538]",2,"[13.0, 9.0]",[],[],"[249, 271]","['c', 'f']",0.0009259259259259257
/?Q/P1:c/P2:raise2/P1:raise2/P2:c/C:J/P1:raise4,"['/C:JQ/P1:c/P2:raise2/P1:raise2/P2:c/C:J/P1:raise4', '/C:QQ/P1:c/P2:raise2/P1:raise2/P2:c/C:J/P1:raise4', '/C:KQ/P1:c/P2:raise2/P1:raise2/P2:c/C:J/P1:raise4']",7,"[266, 956, 1631]",2,"[13.0, -9.0, 9.0, 5.0]",[],"[62, 134, 56]","[234, 235]","['raise4', 'c', 'f']",0.0027777777777777775
/?K/P1:c/P2:raise2/P1:c/C:K/P1:c,"['/C:JK/P1:c/P2:raise2/P1:c/C:K/P1:c', '/C:QK/P1:c/P2:raise2/P1:c/C:K/P1:c']",6,"[592, 1237]",2,"[-11.0, 7.0, -7.0, -3.0, -3.0]",[273],"[24, 273, 66]",[277],"['raise4', 'c']",0.0027777777777777775
/?K/P1:c/P2:raise2/P1:raise2/P2:c/C:Q/P1:c/P2:raise4/P1:raise4,"['/C:JK/P1:c/P2:raise2/P1:raise2/P2:c/C:Q/P1:c/P2:raise4/P1:raise4', '/C:QK/P1:c/P2:raise2/P1:raise2/P2:c/C:Q/P1:c/P2:raise4/P1:raise4', '/C:KK/P1:c/P2:raise2/P1:raise2/P2:c/C:Q/P1:c/P2:raise4/P1:raise4']",9,"[524, 1169, 1859]",2,"[0.0, 9.0]",[],[],"[169, 221, 277]","['c', 'f']",0.00046296296296296287
/?J/P1:raise2/P2:c/C:J/P1:c,"['/C:QJ/P1:raise2/P2:c/C:J/P1:c', '/C:KJ/P1:raise2/P2:c/C:J/P1:c']",5,"[706, 1351]",2,"[-11.0, 7.0, -7.0, -3.0, -3.0]",[214],"[116, 214, 65]",[162],"['raise4', 'c']",0.005555555555555555
/?K/P1:raise2/P2:c/C:K/P1:c/P2:raise4/P1:raise4,"['/C:JK/P1:raise2/P2:c/C:K/P1:c/P2:raise4/P1:raise4', '/C:QK/P1:raise2/P2:c/C:K/P1:c/P2:raise4/P1:raise4']",7,"[491, 1136]",2,"[-11.0, 7.0]",[],[],"[193, 220]","['c', 'f']",0.0009259259259259257
/?J/P1:c/P2:raise2/P1:raise2/P2:c/C:K/P1:raise4,"['/C:JJ/P1:c/P2:raise2/P1:raise2/P2:c/C:K/P1:raise4', '/C:QJ/P1:c/P2:raise2/P1:raise2/P2:c/C:K/P1:raise4', '/C:KJ/P1:c/P2:raise2/P1:raise2/P2:c/C:K/P1:raise4']",7,"[86, 776, 1421]",2,"[13.0, -9.0, 9.0, 5.0]",[],"[5, 30, 88]","[161, 187]","['raise4', 'c', 'f']",0.0027777777777777775
/?J/P1:c/P2:raise2/P1:raise2/P2:c/C:Q/P1:raise4,"['/C:JJ/P1:c/P2:raise2/P1:raise2/P2:c/C:Q/P1:raise4', '/C:QJ/P1:c/P2:raise2/P1:raise2/P2:c/C:Q/P1:raise4', '/C:KJ/P1:c/P2:raise2/P1:raise2/P2:c/C:Q/P1:raise4']",7,"[71, 761, 1406]",2,"[13.0, -9.0, 9.0, 5.0]",[],"[60, 6, 136]","[161, 187]","['raise4', 'c', 'f']",0.0027777777777777775
/?J/P1:c/P2:raise2/P1:raise2,"['/C:JJ/P1:c/P2:raise2/P1:raise2', '/C:QJ/P1:c/P2:raise2/P1:raise2', '/C:KJ/P1:c/P2:raise2/P1:raise2']",4,"[98, 788, 1433]",2,"[-13.0, -9.0, -9.0, 5.0, -13.0, 9.0, -9.0, -5.0, -5.0, 13.0, -9.0, 9.0, 5.0, 13.0, 9.0, 9.0, -5.0, 5.0, 13.0, -9.0, 9.0, 5.0, 13.0, 9.0, 9.0, -5.0, 5.0, 3.0]","[159, 160, 199, 223, 236, 255, 152, 164, 191]","[5, 58, 60, 61, 105, 107, 159, 160, 199, 223, 236, 255, 6, 8, 30, 70, 98, 99, 100, 117, 134, 152, 164, 191, 37, 56, 80, 84, 88, 111, 112, 120, 136]",[187],"['c', 'f']",0.027777777777777773
/?J/P1:raise2,"['/C:JJ/P1:raise2', '/C:QJ/P1:raise2', '/C:KJ/P1:raise2']",2,"[65, 740, 1385]",2,"[-13.0, -9.0, -9.0, 5.0, -13.0, 9.0, -9.0, -5.0, -5.0, 13.0, -9.0, 9.0, 5.0, 13.0, 9.0, 9.0, -5.0, 5.0, 13.0, -9.0, 9.0, 5.0, 13.0, 9.0, 9.0, -5.0, 5.0, -3.0, -11.0, -7.0, -7.0, 3.0, -11.0, 7.0, -7.0, -3.0, -3.0, 11.0, -7.0, 7.0, 3.0, 11.0, 7.0, 7.0, -3.0, 3.0, 11.0, -7.0, 7.0, 3.0, 11.0, 7.0, 7.0, -3.0, 3.0, 1.0]","[145, 147, 182, 196, 208, 222, 229, 244, 258, 259, 283, 286, 157, 174, 175, 211, 214, 251]","[1, 9, 32, 78, 87, 90, 96, 102, 104, 110, 123, 124, 129, 145, 147, 182, 196, 208, 222, 229, 244, 258, 259, 283, 286, 15, 20, 31, 51, 52, 54, 57, 64, 67, 68, 77, 81, 82, 83, 86, 115, 116, 133, 135, 157, 174, 175, 211, 214, 251, 12, 13, 21, 22, 27, 38, 39, 41, 46, 47, 50, 59, 65, 76, 85, 89, 114, 140, 143]",[],"['raise2', 'c', 'f']",0.16666666666666669
/?J/P1:c/P2:raise2/P1:c/C:Q/P1:c,"['/C:JJ/P1:c/P2:raise2/P1:c/C:Q/P1:c', '/C:QJ/P1:c/P2:raise2/P1:c/C:Q/P1:c', '/C:KJ/P1:c/P2:raise2/P1:c/C:Q/P1:c']",6,"[112, 817, 1462]",2,"[11.0, 7.0, 7.0, -3.0, 3.0]",[282],"[19, 282, 127, 18]",[187],"['raise4', 'c']",0.005555555555555555
/?J/P1:c/P2:raise2/P1:raise2/P2:c/C:J/P1:raise4,"['/C:QJ/P1:c/P2:raise2/P1:raise2/P2:c/C:J/P1:raise4', '/C:KJ/P1:c/P2:raise2/P1:raise2/P2:c/C:J/P1:raise4']",7,"[746, 1391]",2,"[-13.0, -9.0, -9.0, 5.0]",[],"[134, 56]","[161, 187]","['raise4', 'c', 'f']",0.0013888888888888887
/?Q/P1:c/P2:c/C:J/P1:c,"['/C:JQ/P1:c/P2:c/C:J/P1:c', '/C:QQ/P1:c/P2:c/C:J/P1:c', '/C:KQ/P1:c/P2:c/C:J/P1:c']",5,"[370, 1030, 1735]",2,"[9.0, 5.0, 5.0, -1.0, 1.0]",[181],"[34, 181, 103, 92]",[234],"['raise4', 'c']",0.016666666666666666
/?K/P1:c/P2:raise2/P1:c/C:Q/P1:raise4,"['/C:JK/P1:c/P2:raise2/P1:c/C:Q/P1:raise4', '/C:QK/P1:c/P2:raise2/P1:c/C:Q/P1:raise4', '/C:KK/P1:c/P2:raise2/P1:c/C:Q/P1:raise4']",6,"[569, 1214, 1889]",2,"[0.0, -7.0, 0.0, 3.0]",[],"[43, 69, 28]",[277],"['raise4', 'c', 'f']",0.005555555555555555
/?Q/P1:raise2/P2:raise2/P1:c/C:Q/P1:c/P2:raise4/P1:raise4,"['/C:JQ/P1:raise2/P2:raise2/P1:c/C:Q/P1:c/P2:raise4/P1:raise4', '/C:KQ/P1:raise2/P2:raise2/P1:c/C:Q/P1:c/P2:raise4/P1:raise4']",8,"[188, 1553]",2,"[-13.0, 9.0]",[],[],"[173, 249]","['c', 'f']",0.00046296296296296287
/?K/P1:raise2/P2:raise2/P1:c/C:Q/P1:raise4,"['/C:JK/P1:raise2/P2:raise2/P1:c/C:Q/P1:raise4', '/C:QK/P1:raise2/P2:raise2/P1:c/C:Q/P1:raise4', '/C:KK/P1:raise2/P2:raise2/P1:c/C:Q/P1:raise4']",6,"[425, 1070, 1790]",2,"[0.0, -9.0, 0.0, 5.0]",[],"[90, 31, 41]",[193],"['raise4', 'c', 'f']",0.005555555555555555
/?K/P1:c/P2:raise2/P1:raise2,"['/C:JK/P1:c/P2:raise2/P1:raise2', '/C:QK/P1:c/P2:raise2/P1:raise2', '/C:KK/P1:c/P2:raise2/P1:raise2']",4,"[548, 1193, 1868]",2,"[0.0, -9.0, 0.0, 5.0, 0.0, 9.0, 0.0, -5.0, 0.0, 0.0, -9.0, 0.0, 5.0, 0.0, 9.0, 0.0, -5.0, 0.0, 3.0]","[156, 179, 203, 205, 210, 221, 232, 248, 284]","[5, 44, 58, 60, 61, 62, 105, 106, 107, 156, 179, 203, 205, 210, 221, 232, 248, 284, 6, 8, 30, 70, 98, 99, 100, 117, 134, 56, 80, 84, 111, 120, 136]",[277],"['c', 'f']",0.027777777777777776
/?K/P1:raise2/P2:c/C:K/P1:raise4,"['/C:JK/P1:raise2/P2:c/C:K/P1:raise4', '/C:QK/P1:raise2/P2:c/C:K/P1:raise4']",5,"[488, 1133]",2,"[-11.0, -7.0, -7.0, 3.0]",[],"[78, 64]",[193],"['raise4', 'c', 'f']",0.005555555555555555
/?K/P1:c/P2:c/C:K/P1:c/P2:raise4/P1:raise4,"['/C:JK/P1:c/P2:c/C:K/P1:c/P2:raise4/P1:raise4', '/C:QK/P1:c/P2:c/C:K/P1:c/P2:raise4/P1:raise4']",7,"[635, 1280]",2,"[-9.0, 5.0]",[],[],"[185, 277]","['c', 'f']",0.0013888888888888887
/?K/P1:raise2/P2:raise2/P1:c/C:Q/P1:c,"['/C:JK/P1:raise2/P2:raise2/P1:c/C:Q/P1:c', '/C:QK/P1:raise2/P2:raise2/P1:c/C:Q/P1:c', '/C:KK/P1:raise2/P2:raise2/P1:c/C:Q/P1:c']",6,"[433, 1078, 1798]",2,"[0.0, 9.0, 0.0, -5.0, 0.0]",[206],"[110, 206, 20, 59]",[193],"['raise4', 'c']",0.005555555555555555
/?Q/P1:raise2/P2:raise2/P1:c/C:Q/P1:c,"['/C:JQ/P1:raise2/P2:raise2/P1:c/C:Q/P1:c', '/C:KQ/P1:raise2/P2:raise2/P1:c/C:Q/P1:c']",6,"[193, 1558]",2,"[-13.0, 9.0, -9.0, -5.0, -5.0]",[167],"[110, 167, 59]",[249],"['raise4', 'c']",0.0027777777777777775
/?J/P1:raise2/P2:c/C:J/P1:raise4,"['/C:QJ/P1:raise2/P2:c/C:J/P1:raise4', '/C:KJ/P1:raise2/P2:c/C:J/P1:raise4']",5,"[698, 1343]",2,"[-11.0, -7.0, -7.0, 3.0]",[],"[133, 89]",[162],"['raise4', 'c', 'f']",0.005555555555555555
/?J/P1:raise2/P2:raise2/P1:c/C:J/P1:raise4,"['/C:QJ/P1:raise2/P2:raise2/P1:c/C:J/P1:raise4', '/C:KJ/P1:raise2/P2:raise2/P1:c/C:J/P1:raise4']",6,"[650, 1295]",2,"[-13.0, -9.0, -9.0, 5.0]",[],"[115, 46]",[162],"['raise4', 'c', 'f']",0.0027777777777777775
/?J/P1:c/P2:raise2/P1:c/C:K/P1:raise4,"['/C:JJ/P1:c/P2:raise2/P1:c/C:K/P1:raise4', '/C:QJ/P1:c/P2:raise2/P1:c/C:K/P1:raise4', '/C:KJ/P1:c/P2:raise2/P1:c/C:K/P1:raise4']",6,"[119, 824, 1469]",2,"[11.0, -7.0, 7.0, 3.0]",[],"[17, 126, 16]",[187],"['raise4', 'c', 'f']",0.005555555555555555
/?Q/P1:c/P2:raise2/P1:c/C:K/P1:raise4,"['/C:JQ/P1:c/P2:raise2/P1:c/C:K/P1:raise4', '/C:QQ/P1:c/P2:raise2/P1:c/C:K/P1:raise4', '/C:KQ/P1:c/P2:raise2/P1:c/C:K/P1:raise4']",6,"[344, 1004, 1709]",2,"[11.0, -7.0, 7.0, 3.0]",[],"[17, 126, 16]",[234],"['raise4', 'c', 'f']",0.005555555555555555
/?K/P1:c/P2:raise2/P1:c/C:Q/P1:c,"['/C:JK/P1:c/P2:raise2/P1:c/C:Q/P1:c', '/C:QK/P1:c/P2:raise2/P1:c/C:Q/P1:c', '/C:KK/P1:c/P2:raise2/P1:c/C:Q/P1:c']",6,"[577, 1222, 1897]",2,"[0.0, 7.0, 0.0, -3.0, 0.0]",[227],"[19, 227, 127, 18]",[277],"['raise4', 'c']",0.005555555555555555
/?K/P1:c/P2:raise2/P1:raise2/P2:c/C:Q/P1:raise4,"['/C:JK/P1:c/P2:raise2/P1:raise2/P2:c/C:Q/P1:raise4', '/C:QK/P1:c/P2:raise2/P1:raise2/P2:c/C:Q/P1:raise4', '/C:KK/P1:c/P2:raise2/P1:raise2/P2:c/C:Q/P1:raise4']",7,"[521, 1166, 1856]",2,"[0.0, -9.0, 0.0, 5.0]",[],"[60, 6, 136]","[169, 277]","['raise4', 'c', 'f']",0.0027777777777777775
/?Q/P1:c/P2:raise2/P1:c/C:J/P1:raise4,"['/C:JQ/P1:c/P2:raise2/P1:c/C:J/P1:raise4', '/C:QQ/P1:c/P2:raise2/P1:c/C:J/P1:raise4', '/C:KQ/P1:c/P2:raise2/P1:c/C:J/P1:raise4']",6,"[314, 989, 1679]",2,"[11.0, -7.0, 7.0, 3.0]",[],"[130, 35, 142]",[234],"['raise4', 'c', 'f']",0.005555555555555555
/?Q/P1:c/P2:c/C:J/P1:c/P2:raise4/P1:raise4,"['/C:JQ/P1:c/P2:c/C:J/P1:c/P2:raise4/P1:raise4', '/C:QQ/P1:c/P2:c/C:J/P1:c/P2:raise4/P1:raise4', '/C:KQ/P1:c/P2:c/C:J/P1:c/P2:raise4/P1:raise4']",7,"[365, 1025, 1730]",2,"[9.0, 5.0]",[],[],"[165, 234]","['c', 'f']",0.0027777777777777775
/?J/P1:raise2/P2:c/C:K/P1:c,"['/C:JJ/P1:raise2/P2:c/C:K/P1:c', '/C:QJ/P1:raise2/P2:c/C:K/P1:c', '/C:KJ/P1:raise2/P2:c/C:K/P1:c']",5,"[61, 736, 1381]",2,"[11.0, 7.0, 7.0, -3.0, 3.0]",[145],"[123, 145, 54, 50]",[162],"['raise4', 'c']",0.01111111111111111
/?Q/P1:raise2/P2:raise2/P1:c/C:K/P1:raise4,"['/C:JQ/P1:raise2/P2:raise2/P1:c/C:K/P1:raise4', '/C:QQ/P1:raise2/P2:raise2/P1:c/C:K/P1:raise4', '/C:KQ/P1:raise2/P2:raise2/P1:c/C:K/P1:raise4']",6,"[200, 905, 1565]",2,"[13.0, -9.0, 9.0, 5.0]",[],"[102, 67, 85]",[249],"['raise4', 'c', 'f']",0.005555555555555555
/?K/P1:raise2/P2:raise2/P1:c/C:K/P1:c,"['/C:JK/P1:raise2/P2:raise2/P1:c/C:K/P1:c', '/C:QK/P1:raise2/P2:raise2/P1:c/C:K/P1:c']",6,"[448, 1093]",2,"[-13.0, 9.0, -9.0, -5.0, -5.0]",[231],"[104, 231, 15]",[193],"['raise4', 'c']",0.0027777777777777775
/?K/P1:c/P2:c/C:K/P1:c,"['/C:JK/P1:c/P2:c/C:K/P1:c', '/C:QK/P1:c/P2:c/C:K/P1:c']",5,"[640, 1285]",2,"[-9.0, 5.0, -5.0, -1.0, -1.0]",[171],"[14, 171, 36]",[277],"['raise4', 'c']",0.008333333333333333
/?Q/P1:c/P2:raise2/P1:c/C:K/P1:c,"['/C:JQ/P1:c/P2:raise2/P1:c/C:K/P1:c', '/C:QQ/P1:c/P2:raise2/P1:c/C:K/P1:c', '/C:KQ/P1:c/P2:raise2/P1:c/C:K/P1:c']",6,"[352, 1012, 1717]",2,"[11.0, 7.0, 7.0, -3.0, 3.0]",[197],"[24, 197, 66, 79]",[234],"['raise4', 'c']",0.005555555555555555
/?J/P1:c,"['/C:JJ/P1:c', '/C:QJ/P1:c', '/C:KJ/P1:c']",2,"[163, 883, 1528]",2,"[-13.0, -9.0, -9.0, 5.0, -13.0, 9.0, -9.0, -5.0, -5.0, 13.0, -9.0, 9.0, 5.0, 13.0, 9.0, 9.0, -5.0, 5.0, 13.0, -9.0, 9.0, 5.0, 13.0, 9.0, 9.0, -5.0, 5.0, 3.0, -11.0, -7.0, -7.0, 3.0, -11.0, 7.0, -7.0, -3.0, -3.0, 11.0, -7.0, 7.0, 3.0, 11.0, 7.0, 7.0, -3.0, 3.0, 11.0, -7.0, 7.0, 3.0, 11.0, 7.0, 7.0, -3.0, 3.0, -1.0, -9.0, -5.0, -5.0, 1.0, -9.0, 5.0, -5.0, -1.0, -1.0, 9.0, -5.0, 5.0, 1.0, 9.0, 5.0, 5.0, -1.0, 1.0, 9.0, -5.0, 5.0, 1.0, 9.0, 5.0, 5.0, -1.0, 1.0]","[146, 159, 160, 161, 163, 176, 189, 199, 202, 213, 223, 230, 236, 242, 255, 262, 267, 274, 282, 149, 152, 164, 188, 191, 198, 201, 215, 228]","[5, 14, 17, 19, 24, 43, 49, 58, 60, 61, 63, 101, 105, 107, 108, 113, 119, 131, 141, 146, 159, 160, 161, 163, 176, 189, 199, 202, 213, 223, 230, 236, 242, 255, 262, 267, 274, 282, 4, 6, 8, 23, 25, 26, 29, 30, 35, 36, 42, 53, 66, 69, 70, 73, 93, 94, 95, 98, 99, 100, 103, 117, 126, 127, 134, 137, 149, 152, 164, 188, 191, 198, 201, 215, 228, 2, 3, 10, 11, 16, 18, 28, 37, 40, 55, 56, 71, 72, 74, 79, 80, 84, 88, 91, 92, 111, 112, 120, 121, 122, 132, 136, 142]",[],"['raise2', 'c']",0.16666666666666669
/?J/P1:c/P2:c/C:J/P1:c/P2:raise4/P1:raise4,"['/C:QJ/P1:c/P2:c/C:J/P1:c/P2:raise4/P1:raise4', '/C:KJ/P1:c/P2:c/C:J/P1:c/P2:raise4/P1:raise4']",7,"[845, 1490]",2,"[-9.0, 5.0]",[],[],"[187, 228]","['c', 'f']",0.0013888888888888887
/?J/P1:c/P2:raise2/P1:c/C:K/P1:c,"['/C:JJ/P1:c/P2:raise2/P1:c/C:K/P1:c', '/C:QJ/P1:c/P2:raise2/P1:c/C:K/P1:c', '/C:KJ/P1:c/P2:raise2/P1:c/C:K/P1:c']",6,"[127, 832, 1477]",2,"[11.0, 7.0, 7.0, -3.0, 3.0]",[262],"[24, 262, 66, 79]",[187],"['raise4', 'c']",0.005555555555555555
/?K/P1:c/P2:c/C:Q/P1:raise4,"['/C:JK/P1:c/P2:c/C:Q/P1:raise4', '/C:QK/P1:c/P2:c/C:Q/P1:raise4', '/C:KK/P1:c/P2:c/C:Q/P1:raise4']",5,"[617, 1262, 1922]",2,"[0.0, -5.0, 0.0, 1.0]",[],"[108, 73, 55]",[277],"['raise4', 'c', 'f']",0.016666666666666666
/?J/P1:c/P2:raise2/P1:raise2/P2:c/C:J/P1:c,"['/C:QJ/P1:c/P2:raise2/P1:raise2/P2:c/C:J/P1:c', '/C:KJ/P1:c/P2:raise2/P1:raise2/P2:c/C:J/P1:c']",7,"[754, 1399]",2,"[-13.0, 9.0, -9.0, -5.0, -5.0]",[152],"[70, 152, 84]","[161, 187]","['raise4', 'c']",0.0013888888888888887
/?K/P1:c/P2:raise2/P1:c/C:J/P1:raise4,"['/C:JK/P1:c/P2:raise2/P1:c/C:J/P1:raise4', '/C:QK/P1:c/P2:raise2/P1:c/C:J/P1:raise4', '/C:KK/P1:c/P2:raise2/P1:c/C:J/P1:raise4']",6,"[554, 1199, 1874]",2,"[0.0, -7.0, 0.0, 3.0]",[],"[130, 35, 142]",[277],"['raise4', 'c', 'f']",0.005555555555555555
/?K/P1:raise2,"['/C:JK/P1:raise2', '/C:QK/P1:raise2', '/C:KK/P1:raise2']",2,"[500, 1145, 1835]",2,"[0.0, -9.0, 0.0, 5.0, 0.0, 9.0, 0.0, -5.0, 0.0, 0.0, -9.0, 0.0, 5.0, 0.0, 9.0, 0.0, -5.0, 0.0, -3.0, 0.0, -7.0, 0.0, 3.0, 0.0, 7.0, 0.0, -3.0, 0.0, 0.0, -7.0, 0.0, 3.0, 0.0, 7.0, 0.0, -3.0, 0.0, 1.0]","[158, 168, 170, 172, 184, 206, 209, 218, 220, 231, 237, 245, 247, 250, 252, 257, 265, 285]","[0, 1, 7, 9, 32, 48, 75, 78, 87, 90, 96, 102, 104, 109, 110, 123, 124, 128, 129, 158, 168, 170, 172, 184, 206, 209, 218, 220, 231, 237, 245, 247, 250, 252, 257, 265, 285, 15, 20, 31, 51, 52, 54, 57, 64, 67, 68, 77, 81, 82, 83, 86, 115, 116, 133, 135, 12, 22, 27, 39, 41, 46, 47, 59, 65, 76, 89, 140, 143]",[],"['raise2', 'c', 'f']",0.16666666666666666
/?K/P1:c/P2:raise2/P1:c/C:K/P1:raise4,"['/C:JK/P1:c/P2:raise2/P1:c/C:K/P1:raise4', '/C:QK/P1:c/P2:raise2/P1:c/C:K/P1:raise4']",6,"[584, 1229]",2,"[-11.0, -7.0, -7.0, 3.0]",[],"[17, 126]",[277],"['raise4', 'c', 'f']",0.0027777777777777775
/?Q/P1:raise2/P2:raise2/P1:c/C:J/P1:raise4,"['/C:JQ/P1:raise2/P2:raise2/P1:c/C:J/P1:raise4', '/C:QQ/P1:raise2/P2:raise2/P1:c/C:J/P1:raise4', '/C:KQ/P1:raise2/P2:raise2/P1:c/C:J/P1:raise4']",6,"[170, 890, 1535]",2,"[13.0, -9.0, 9.0, 5.0]",[],"[75, 115, 46]",[249],"['raise4', 'c', 'f']",0.005555555555555555
/?J/P1:raise2/P2:raise2/P1:c/C:Q/P1:c,"['/C:JJ/P1:raise2/P2:raise2/P1:c/C:Q/P1:c', '/C:QJ/P1:raise2/P2:raise2/P1:c/C:Q/P1:c', '/C:KJ/P1:raise2/P2:raise2/P1:c/C:Q/P1:c']",6,"[13, 673, 1318]",2,"[13.0, 9.0, 9.0, -5.0, 5.0]",[222],"[110, 222, 20, 59]",[162],"['raise4', 'c']",0.005555555555555555
/?Q/P1:c/P2:raise2/P1:c/C:K/P1:c/P2:raise4/P1:raise4,"['/C:JQ/P1:c/P2:raise2/P1:c/C:K/P1:c/P2:raise4/P1:raise4', '/C:QQ/P1:c/P2:raise2/P1:c/C:K/P1:c/P2:raise4/P1:raise4', '/C:KQ/P1:c/P2:raise2/P1:c/C:K/P1:c/P2:raise4/P1:raise4']",8,"[347, 1007, 1712]",2,"[11.0, 7.0]",[],[],"[186, 234]","['c', 'f']",0.0009259259259259257
/?J/P1:c/P2:raise2/P1:c/C:J/P1:raise4,"['/C:QJ/P1:c/P2:raise2/P1:c/C:J/P1:raise4', '/C:KJ/P1:c/P2:raise2/P1:c/C:J/P1:raise4']",6,"[794, 1439]",2,"[-11.0, -7.0, -7.0, 3.0]",[],"[35, 142]",[187],"['raise4', 'c', 'f']",0.0027777777777777775
/?J/P1:c/P2:raise2/P1:raise2/P2:c/C:K/P1:c,"['/C:JJ/P1:c/P2:raise2/P1:raise2/P2:c/C:K/P1:c', '/C:QJ/P1:c/P2:raise2/P1:raise2/P2:c/C:K/P1:c', '/C:KJ/P1:c/P2:raise2/P1:raise2/P2:c/C:K/P1:c']",7,"[94, 784, 1429]",2,"[13.0, 9.0, 9.0, -5.0, 5.0]",[236],"[61, 236, 8, 37]","[161, 187]","['raise4', 'c']",0.0027777777777777775
/?K/P1:c/P2:raise2/P1:c/C:J/P1:c,"['/C:JK/P1:c/P2:raise2/P1:c/C:J/P1:c', '/C:QK/P1:c/P2:raise2/P1:c/C:J/P1:c', '/C:KK/P1:c/P2:raise2/P1:c/C:J/P1:c']",6,"[562, 1207, 1882]",2,"[0.0, 7.0, 0.0, -3.0, 0.0]",[287],"[139, 287, 4, 132]",[277],"['raise4', 'c']",0.005555555555555555
/?J/P1:c/P2:raise2/P1:c/C:J/P1:c/P2:raise4/P1:raise4,"['/C:QJ/P1:c/P2:raise2/P1:c/C:J/P1:c/P2:raise4/P1:raise4', '/C:KJ/P1:c/P2:raise2/P1:c/C:J/P1:c/P2:raise4/P1:raise4']",8,"[797, 1442]",2,"[-11.0, 7.0]",[],[],"[149, 187]","['c', 'f']",0.00046296296296296287
/?J/P1:c/P2:c/C:Q/P1:raise4,"['/C:JJ/P1:c/P2:c/C:Q/P1:raise4', '/C:QJ/P1:c/P2:c/C:Q/P1:raise4', '/C:KJ/P1:c/P2:c/C:Q/P1:raise4']",5,"[137, 857, 1502]",2,"[9.0, -5.0, 5.0, 1.0]",[],"[108, 73, 55]",[187],"['raise4', 'c', 'f']",0.016666666666666666
/?K/P1:c/P2:raise2/P1:raise2/P2:c/C:K/P1:c/P2:raise4/P1:raise4,"['/C:JK/P1:c/P2:raise2/P1:raise2/P2:c/C:K/P1:c/P2:raise4/P1:raise4', '/C:QK/P1:c/P2:raise2/P1:raise2/P2:c/C:K/P1:c/P2:raise4/P1:raise4']",9,"[539, 1184]",2,"[-13.0, 9.0]",[],[],"[169, 210, 277]","['c', 'f']",0.00023148148148148144
/?Q/P1:c/P2:raise2/P1:raise2/P2:c/C:J/P1:c,"['/C:JQ/P1:c/P2:raise2/P1:raise2/P2:c/C:J/P1:c', '/C:QQ/P1:c/P2:raise2/P1:raise2/P2:c/C:J/P1:c', '/C:KQ/P1:c/P2:raise2/P1:raise2/P2:c/C:J/P1:c']",7,"[274, 964, 1639]",2,"[13.0, 9.0, 9.0, -5.0, 5.0]",[281],"[44, 281, 70, 84]","[234, 235]","['raise4', 'c']",0.0027777777777777775
/?K/P1:c/P2:raise2/P1:raise2/P2:c/C:J/P1:raise4,"['/C:JK/P1:c/P2:raise2/P1:raise2/P2:c/C:J/P1:raise4', '/C:QK/P1:c/P2:raise2/P1:raise2/P2:c/C:J/P1:raise4', '/C:KK/P1:c/P2:raise2/P1:raise2/P2:c/C:J/P1:raise4']",7,"[506, 1151, 1841]",2,"[0.0, -9.0, 0.0, 5.0]",[],"[62, 134, 56]","[169, 277]","['raise4', 'c', 'f']",0.0027777777777777775
/?K/P1:raise2/P2:raise2/P1:c/C:Q/P1:c/P2:raise4/P1:raise4,"['/C:JK/P1:raise2/P2:raise2/P1:c/C:Q/P1:c/P2:raise4/P1:raise4', '/C:QK/P1:raise2/P2:raise2/P1:c/C:Q/P1:c/P2:raise4/P1:raise4', '/C:KK/P1:raise2/P2:raise2/P1:c/C:Q/P1:c/P2:raise4/P1:raise4']",8,"[428, 1073, 1793]",2,"[0.0, 9.0]",[],[],"[172, 193]","['c', 'f']",0.0009259259259259257
/?Q/P1:c/P2:raise2/P1:c/C:J/P1:c/P2:raise4/P1:raise4,"['/C:JQ/P1:c/P2:raise2/P1:c/C:J/P1:c/P2:raise4/P1:raise4', '/C:QQ/P1:c/P2:raise2/P1:c/C:J/P1:c/P2:raise4/P1:raise4', '/C:KQ/P1:c/P2:raise2/P1:c/C:J/P1:c/P2:raise4/P1:raise4']",8,"[317, 992, 1682]",2,"[11.0, 7.0]",[],[],"[226, 234]","['c', 'f']",0.0009259259259259257
/?J/P1:raise2/P2:c/C:Q/P1:raise4,"['/C:JJ/P1:raise2/P2:c/C:Q/P1:raise4', '/C:QJ/P1:raise2/P2:c/C:Q/P1:raise4', '/C:KJ/P1:raise2/P2:c/C:Q/P1:raise4']",5,"[38, 713, 1358]",2,"[11.0, -7.0, 7.0, 3.0]",[],"[96, 135, 143]",[162],"['raise4', 'c', 'f']",0.01111111111111111
/?K/P1:raise2/P2:raise2/P1:c/C:J/P1:c/P2:raise4/P1:raise4,"['/C:JK/P1:raise2/P2:raise2/P1:c/C:J/P1:c/P2:raise4/P1:raise4', '/C:QK/P1:raise2/P2:raise2/P1:c/C:J/P1:c/P2:raise4/P1:raise4', '/C:KK/P1:raise2/P2:raise2/P1:c/C:J/P1:c/P2:raise4/P1:raise4']",8,"[413, 1058, 1778]",2,"[0.0, 9.0]",[],[],"[193, 218]","['c', 'f']",0.0009259259259259257
/?K/P1:c/P2:raise2/P1:raise2/P2:c/C:K/P1:c,"['/C:JK/P1:c/P2:raise2/P1:raise2/P2:c/C:K/P1:c', '/C:QK/P1:c/P2:raise2/P1:raise2/P2:c/C:K/P1:c']",7,"[544, 1189]",2,"[-13.0, 9.0, -9.0, -5.0, -5.0]",[203],"[61, 203, 8]","[169, 277]","['raise4', 'c']",0.0013888888888888887
/?J/P1:raise2/P2:raise2/P1:c/C:J/P1:c,"['/C:QJ/P1:raise2/P2:raise2/P1:c/C:J/P1:c', '/C:KJ/P1:raise2/P2:raise2/P1:c/C:J/P1:c']",6,"[658, 1303]",2,"[-13.0, 9.0, -9.0, -5.0, -5.0]",[251],"[68, 251, 140]",[162],"['raise4', 'c']",0.0027777777777777775
/?Q/P1:c/P2:c/C:Q/P1:c,"['/C:JQ/P1:c/P2:c/C:Q/P1:c', '/C:KQ/P1:c/P2:c/C:Q/P1:c']",5,"[385, 1750]",2,"[-9.0, 5.0, -5.0, -1.0, -1.0]",[266],"[49, 266, 3]",[234],"['raise4', 'c']",0.008333333333333333
/?J/P1:c/P2:c/C:K/P1:raise4,"['/C:JJ/P1:c/P2:c/C:K/P1:raise4', '/C:QJ/P1:c/P2:c/C:K/P1:raise4', '/C:KJ/P1:c/P2:c/C:K/P1:raise4']",5,"[152, 872, 1517]",2,"[9.0, -5.0, 5.0, 1.0]",[],"[101, 29, 40]",[187],"['raise4', 'c', 'f']",0.016666666666666666
/?J/P1:raise2/P2:c/C:J/P1:c/P2:raise4/P1:raise4,"['/C:QJ/P1:raise2/P2:c/C:J/P1:c/P2:raise4/P1:raise4', '/C:KJ/P1:raise2/P2:c/C:J/P1:c/P2:raise4/P1:raise4']",7,"[701, 1346]",2,"[-11.0, 7.0]",[],[],"[157, 162]","['c', 'f']",0.0009259259259259257
/?J/P1:c/P2:c/C:J/P1:raise4,"['/C:QJ/P1:c/P2:c/C:J/P1:raise4', '/C:KJ/P1:c/P2:c/C:J/P1:raise4']",5,"[842, 1487]",2,"[-9.0, -5.0, -5.0, 1.0]",[],"[137, 91]",[187],"['raise4', 'c', 'f']",0.008333333333333333
/?K/P1:c/P2:c/C:Q/P1:c,"['/C:JK/P1:c/P2:c/C:Q/P1:c', '/C:QK/P1:c/P2:c/C:Q/P1:c', '/C:KK/P1:c/P2:c/C:Q/P1:c']",5,"[625, 1270, 1930]",2,"[0.0, 5.0, 0.0, -1.0, 0.0]",[246],"[49, 246, 42, 3]",[277],"['raise4', 'c']",0.016666666666666666
/?Q/P1:c/P2:c/C:Q/P1:raise4,"['/C:JQ/P1:c/P2:c/C:Q/P1:raise4', '/C:KQ/P1:c/P2:c/C:Q/P1:raise4']",5,"[377, 1742]",2,"[-9.0, -5.0, -5.0, 1.0]",[],"[108, 55]",[234],"['raise4', 'c', 'f']",0.008333333333333333
/?K/P1:raise2/P2:raise2/P1:c/C:J/P1:c,"['/C:JK/P1:raise2/P2:raise2/P1:c/C:J/P1:c', '/C:QK/P1:raise2/P2:raise2/P1:c/C:J/P1:c', '/C:KK/P1:raise2/P2:raise2/P1:c/C:J/P1:c']",6,"[418, 1063, 1783]",2,"[0.0, 9.0, 0.0, -5.0, 0.0]",[209],"[7, 209, 68, 140]",[193],"['raise4', 'c']",0.005555555555555555
/?Q/P1:c/P2:c/C:K/P1:raise4,"['/C:JQ/P1:c/P2:c/C:K/P1:raise4', '/C:QQ/P1:c/P2:c/C:K/P1:raise4', '/C:KQ/P1:c/P2:c/C:K/P1:raise4']",5,"[392, 1037, 1757]",2,"[9.0, -5.0, 5.0, 1.0]",[],"[101, 29, 40]",[234],"['raise4', 'c', 'f']",0.016666666666666666
/?K/P1:raise2/P2:c/C:K/P1:c,"['/C:JK/P1:raise2/P2:c/C:K/P1:c', '/C:QK/P1:raise2/P2:c/C:K/P1:c']",5,"[496, 1141]",2,"[-11.0, 7.0, -7.0, -3.0, -3.0]",[158],"[123, 158, 54]",[193],"['raise4', 'c']",0.005555555555555555
/?K/P1:c/P2:raise2/P1:raise2/P2:c/C:Q/P1:c,"['/C:JK/P1:c/P2:raise2/P1:raise2/P2:c/C:Q/P1:c', '/C:QK/P1:c/P2:raise2/P1:raise2/P2:c/C:Q/P1:c', '/C:KK/P1:c/P2:raise2/P1:raise2/P2:c/C:Q/P1:c']",7,"[529, 1174, 1864]",2,"[0.0, 9.0, 0.0, -5.0, 0.0]",[156],"[58, 156, 117, 80]","[169, 277]","['raise4', 'c']",0.0027777777777777775
/?J/P1:raise2/P2:raise2/P1:c/C:Q/P1:c/P2:raise4/P1:raise4,"['/C:JJ/P1:raise2/P2:raise2/P1:c/C:Q/P1:c/P2:raise4/P1:raise4', '/C:QJ/P1:raise2/P2:raise2/P1:c/C:Q/P1:c/P2:raise4/P1:raise4', '/C:KJ/P1:raise2/P2:raise2/P1:c/C:Q/P1:c/P2:raise4/P1:raise4']",8,"[8, 668, 1313]",2,"[13.0, 9.0]",[],[],"[162, 196]","['c', 'f']",0.0009259259259259257
/?J/P1:c/P2:raise2/P1:raise2/P2:c/C:Q/P1:c/P2:raise4/P1:raise4,"['/C:JJ/P1:c/P2:raise2/P1:raise2/P2:c/C:Q/P1:c/P2:raise4/P1:raise4', '/C:QJ/P1:c/P2:raise2/P1:raise2/P2:c/C:Q/P1:c/P2:raise4/P1:raise4', '/C:KJ/P1:c/P2:raise2/P1:raise2/P2:c/C:Q/P1:c/P2:raise4/P1:raise4']",9,"[74, 764, 1409]",2,"[13.0, 9.0]",[],[],"[161, 187, 255]","['c', 'f']",0.00046296296296296287
/?K/P1:c/P2:c/C:J/P1:c/P2:raise4/P1:raise4,"['/C:JK/P1:c/P2:c/C:J/P1:c/P2:raise4/P1:raise4', '/C:QK/P1:c/P2:c/C:J/P1:c/P2:raise4/P1:raise4', '/C:KK/P1:c/P2:c/C:J/P1:c/P2:raise4/P1:raise4']",7,"[605, 1250, 1910]",2,"[0.0, 5.0]",[],[],"[254, 277]","['c', 'f']",0.0027777777777777775
/?Q/P1:c/P2:raise2/P1:raise2/P2:c/C:Q/P1:raise4,"['/C:JQ/P1:c/P2:raise2/P1:raise2/P2:c/C:Q/P1:raise4', '/C:KQ/P1:c/P2:raise2/P1:raise2/P2:c/C:Q/P1:raise4']",7,"[281, 1646]",2,"[-13.0, -9.0, -9.0, 5.0]",[],"[60, 136]","[234, 235]","['raise4', 'c', 'f']",0.0013888888888888887
/?Q/P1:c/P2:raise2/P1:c/C:J/P1:c,"['/C:JQ/P1:c/P2:raise2/P1:c/C:J/P1:c', '/C:QQ/P1:c/P2:raise2/P1:c/C:J/P1:c', '/C:KQ/P1:c/P2:raise2/P1:c/C:J/P1:c']",6,"[322, 997, 1687]",2,"[11.0, 7.0, 7.0, -3.0, 3.0]",[207],"[139, 207, 4, 132]",[234],"['raise4', 'c']",0.005555555555555555
/?K/P1:c/P2:raise2/P1:c/C:Q/P1:c/P2:raise4/P1:raise4,"['/C:JK/P1:c/P2:raise2/P1:c/C:Q/P1:c/P2:raise4/P1:raise4', '/C:QK/P1:c/P2:raise2/P1:c/C:Q/P1:c/P2:raise4/P1:raise4', '/C:KK/P1:c/P2:raise2/P1:c/C:Q/P1:c/P2:raise4/P1:raise4']",8,"[572, 1217, 1892]",2,"[0.0, 7.0]",[],[],"[178, 277]","['c', 'f']",0.0009259259259259257
/?J/P1:c/P2:c/C:J/P1:c,"['/C:QJ/P1:c/P2:c/C:J/P1:c', '/C:KJ/P1:c/P2:c/C:J/P1:c']",5,"[850, 1495]",2,"[-9.0, 5.0, -5.0, -1.0, -1.0]",[188],"[103, 188, 92]",[187],"['raise4', 'c']",0.008333333333333333
/?J/P1:raise2/P2:raise2/P1:c/C:K/P1:c,"['/C:JJ/P1:raise2/P2:raise2/P1:c/C:K/P1:c', '/C:QJ/P1:raise2/P2:raise2/P1:c/C:K/P1:c', '/C:KJ/P1:raise2/P2:raise2/P1:c/C:K/P1:c']",6,"[28, 688, 1333]",2,"[13.0, 9.0, 9.0, -5.0, 5.0]",[286],"[104, 286, 15, 13]",[162],"['raise4', 'c']",0.005555555555555555
/?J/P1:c/P2:c/C:Q/P1:c/P2:raise4/P1:raise4,"['/C:JJ/P1:c/P2:c/C:Q/P1:c/P2:raise4/P1:raise4', '/C:QJ/P1:c/P2:c/C:Q/P1:c/P2:raise4/P1:raise4', '/C:KJ/P1:c/P2:c/C:Q/P1:c/P2:raise4/P1:raise4']",7,"[140, 860, 1505]",2,"[9.0, 5.0]",[],[],"[187, 274]","['c', 'f']",0.0027777777777777775
/?K/P1:raise2/P2:raise2/P1:c/C:K/P1:c/P2:raise4/P1:raise4,"['/C:JK/P1:raise2/P2:raise2/P1:c/C:K/P1:c/P2:raise4/P1:raise4', '/C:QK/P1:raise2/P2:raise2/P1:c/C:K/P1:c/P2:raise4/P1:raise4']",8,"[443, 1088]",2,"[-13.0, 9.0]",[],[],"[184, 193]","['c', 'f']",0.00046296296296296287
/?K/P1:c/P2:raise2/P1:raise2/P2:c/C:K/P1:raise4,"['/C:JK/P1:c/P2:raise2/P1:raise2/P2:c/C:K/P1:raise4', '/C:QK/P1:c/P2:raise2/P1:raise2/P2:c/C:K/P1:raise4']",7,"[536, 1181]",2,"[-13.0, -9.0, -9.0, 5.0]",[],"[5, 30]","[169, 277]","['raise4', 'c', 'f']",0.0013888888888888887
/?Q/P1:c/P2:raise2/P1:raise2/P2:c/C:K/P1:raise4,"['/C:JQ/P1:c/P2:raise2/P1:raise2/P2:c/C:K/P1:raise4', '/C:QQ/P1:c/P2:raise2/P1:raise2/P2:c/C:K/P1:raise4', '/C:KQ/P1:c/P2:raise2/P1:raise2/P2:c/C:K/P1:raise4']",7,"[296, 971, 1661]",2,"[13.0, -9.0, 9.0, 5.0]",[],"[5, 30, 88]","[234, 235]","['raise4', 'c', 'f']",0.0027777777777777775
/?Q/P1:c,"['/C:JQ/P1:c', '/C:QQ/P1:c', '/C:KQ/P1:c']",2,"[403, 1048, 1768]",2,"[13.0, -9.0, 9.0, 5.0, 13.0, 9.0, 9.0, -5.0, 5.0, -13.0, -9.0, -9.0, 5.0, -13.0, 9.0, -9.0, -5.0, -5.0, 13.0, -9.0, 9.0, 5.0, 13.0, 9.0, 9.0, -5.0, 5.0, 3.0, 11.0, -7.0, 7.0, 3.0, 11.0, 7.0, 7.0, -3.0, 3.0, -11.0, -7.0, -7.0, 3.0, -11.0, 7.0, -7.0, -3.0, -3.0, 11.0, -7.0, 7.0, 3.0, 11.0, 7.0, 7.0, -3.0, 3.0, -1.0, 9.0, -5.0, 5.0, 1.0, 9.0, 5.0, 5.0, -1.0, 1.0, -9.0, -5.0, -5.0, 1.0, -9.0, 5.0, -5.0, -1.0, -1.0, 9.0, -5.0, 5.0, 1.0, 9.0, 5.0, 5.0, -1.0, 1.0]","[144, 151, 154, 165, 177, 180, 181, 186, 197, 204, 207, 212, 217, 219, 225, 226, 233, 235, 238, 241, 243, 256, 261, 266, 275, 276, 279, 281]","[5, 14, 17, 19, 24, 34, 43, 44, 49, 58, 60, 61, 62, 63, 97, 101, 105, 106, 107, 108, 113, 118, 119, 125, 130, 131, 139, 141, 144, 151, 154, 165, 177, 180, 181, 186, 197, 204, 207, 212, 217, 219, 225, 226, 233, 235, 238, 241, 243, 256, 261, 266, 275, 276, 279, 281, 4, 8, 25, 26, 29, 30, 35, 36, 53, 66, 70, 94, 95, 98, 99, 103, 126, 134, 137, 2, 3, 10, 11, 16, 18, 28, 37, 40, 55, 56, 71, 72, 74, 79, 80, 84, 88, 91, 92, 111, 112, 120, 121, 122, 132, 136, 142]",[],"['raise2', 'c']",0.16666666666666669
/?Q/P1:c/P2:raise2/P1:raise2,"['/C:JQ/P1:c/P2:raise2/P1:raise2', '/C:QQ/P1:c/P2:raise2/P1:raise2', '/C:KQ/P1:c/P2:raise2/P1:raise2']",4,"[308, 983, 1673]",2,"[13.0, -9.0, 9.0, 5.0, 13.0, 9.0, 9.0, -5.0, 5.0, -13.0, -9.0, -9.0, 5.0, -13.0, 9.0, -9.0, -5.0, -5.0, 13.0, -9.0, 9.0, 5.0, 13.0, 9.0, 9.0, -5.0, 5.0, 3.0]","[151, 154, 204, 225, 233, 238, 241, 261, 281]","[5, 44, 58, 60, 61, 62, 105, 106, 107, 151, 154, 204, 225, 233, 238, 241, 261, 281, 8, 30, 70, 98, 99, 134, 37, 56, 80, 84, 88, 111, 112, 120, 136]",[234],"['c', 'f']",0.027777777777777773
/?J/P1:c/P2:raise2/P1:raise2/P2:c/C:K/P1:c/P2:raise4/P1:raise4,"['/C:JJ/P1:c/P2:raise2/P1:raise2/P2:c/C:K/P1:c/P2:raise4/P1:raise4', '/C:QJ/P1:c/P2:raise2/P1:raise2/P2:c/C:K/P1:c/P2:raise4/P1:raise4', '/C:KJ/P1:c/P2:raise2/P1:raise2/P2:c/C:K/P1:c/P2:raise4/P1:raise4']",9,"[89, 779, 1424]",2,"[13.0, 9.0]",[],[],"[161, 187, 199]","['c', 'f']",0.00046296296296296287
/?K/P1:raise2/P2:c/C:Q/P1:c/P2:raise4/P1:raise4,"['/C:JK/P1:raise2/P2:c/C:Q/P1:c/P2:raise4/P1:raise4', '/C:QK/P1:raise2/P2:c/C:Q/P1:c/P2:raise4/P1:raise4', '/C:KK/P1:raise2/P2:c/C:Q/P1:c/P2:raise4/P1:raise4']",7,"[476, 1121, 1826]",2,"[0.0, 7.0]",[],[],"[193, 245]","['c', 'f']",0.0018518518518518515
/?Q/P1:c/P2:raise2/P1:raise2/P2:c/C:K/P1:c,"['/C:JQ/P1:c/P2:raise2/P1:raise2/P2:c/C:K/P1:c', '/C:QQ/P1:c/P2:raise2/P1:raise2/P2:c/C:K/P1:c', '/C:KQ/P1:c/P2:raise2/P1:raise2/P2:c/C:K/P1:c']",7,"[304, 979, 1669]",2,"[13.0, 9.0, 9.0, -5.0, 5.0]",[151],"[61, 151, 8, 37]","[234, 235]","['raise4', 'c']",0.0027777777777777775
/?Q/P1:raise2/P2:c/C:Q/P1:raise4,"['/C:JQ/P1:raise2/P2:c/C:Q/P1:raise4', '/C:KQ/P1:raise2/P2:c/C:Q/P1:raise4']",5,"[233, 1598]",2,"[-11.0, -7.0, -7.0, 3.0]",[],"[96, 143]",[249],"['raise4', 'c', 'f']",0.005555555555555555
/?Q/P1:raise2/P2:c/C:Q/P1:c/P2:raise4/P1:raise4,"['/C:JQ/P1:raise2/P2:c/C:Q/P1:c/P2:raise4/P1:raise4', '/C:KQ/P1:raise2/P2:c/C:Q/P1:c/P2:raise4/P1:raise4']",7,"[236, 1601]",2,"[-11.0, 7.0]",[],[],"[249, 269]","['c', 'f']",0.0009259259259259257
/?Q/P1:c/P2:raise2/P1:raise2/P2:c/C:Q/P1:c,"['/C:JQ/P1:c/P2:raise2/P1:raise2/P2:c/C:Q/P1:c', '/C:KQ/P1:c/P2:raise2/P1:raise2/P2:c/C:Q/P1:c']",7,"[289, 1654]",2,"[-13.0, 9.0, -9.0, -5.0, -5.0]",[261],"[58, 261, 80]","[234, 235]","['raise4', 'c']",0.0013888888888888887
/?J/P1:c/P2:c/C:K/P1:c,"['/C:JJ/P1:c/P2:c/C:K/P1:c', '/C:QJ/P1:c/P2:c/C:K/P1:c', '/C:KJ/P1:c/P2:c/C:K/P1:c']",5,"[160, 880, 1525]",2,"[9.0, 5.0, 5.0, -1.0, 1.0]",[267],"[14, 267, 36, 71]",[187],"['raise4', 'c']",0.016666666666666666
/?Q/P1:c/P2:c/C:K/P1:c,"['/C:JQ/P1:c/P2:c/C:K/P1:c', '/C:QQ/P1:c/P2:c/C:K/P1:c', '/C:KQ/P1:c/P2:c/C:K/P1:c']",5,"[400, 1045, 1765]",2,"[9.0, 5.0, 5.0, -1.0, 1.0]",[279],"[14, 279, 36, 71]",[234],"['raise4', 'c']",0.016666666666666666
/?J/P1:raise2/P2:c/C:K/P1:raise4,"['/C:JJ/P1:raise2/P2:c/C:K/P1:raise4', '/C:QJ/P1:raise2/P2:c/C:K/P1:raise4', '/C:KJ/P1:raise2/P2:c/C:K/P1:raise4']",5,"[53, 728, 1373]",2,"[11.0, -7.0, 7.0, 3.0]",[],"[78, 64, 38]",[162],"['raise4', 'c', 'f']",0.01111111111111111
/?K/P1:raise2/P2:c/C:Q/P1:c,"['/C:JK/P1:raise2/P2:c/C:Q/P1:c', '/C:QK/P1:raise2/P2:c/C:Q/P1:c', '/C:KK/P1:raise2/P2:c/C:Q/P1:c']",5,"[481, 1126, 1831]",2,"[0.0, 7.0, 0.0, -3.0, 0.0]",[237],"[32, 237, 77, 76]",[193],"['raise4', 'c']",0.01111111111111111
/?K/P1:c/P2:c/C:Q/P1:c/P2:raise4/P1:raise4,"['/C:JK/P1:c/P2:c/C:Q/P1:c/P2:raise4/P1:raise4', '/C:QK/P1:c/P2:c/C:Q/P1:c/P2:raise4/P1:raise4', '/C:KK/P1:c/P2:c/C:Q/P1:c/P2:raise4/P1:raise4']",7,"[620, 1265, 1925]",2,"[0.0, 5.0]",[],[],"[216, 277]","['c', 'f']",0.0027777777777777775
/?K/P1:raise2/P2:c/C:J/P1:c/P2:raise4/P1:raise4,"['/C:JK/P1:raise2/P2:c/C:J/P1:c/P2:raise4/P1:raise4', '/C:QK/P1:raise2/P2:c/C:J/P1:c/P2:raise4/P1:raise4', '/C:KK/P1:raise2/P2:c/C:J/P1:c/P2:raise4/P1:raise4']",7,"[461, 1106, 1811]",2,"[0.0, 7.0]",[],[],"[193, 252]","['c', 'f']",0.0018518518518518515
/?K/P1:c/P2:raise2/P1:raise2/P2:c/C:J/P1:c,"['/C:JK/P1:c/P2:raise2/P1:raise2/P2:c/C:J/P1:c', '/C:QK/P1:c/P2:raise2/P1:raise2/P2:c/C:J/P1:c', '/C:KK/P1:c/P2:raise2/P1:raise2/P2:c/C:J/P1:c']",7,"[514, 1159, 1849]",2,"[0.0, 9.0, 0.0, -5.0, 0.0]",[284],"[44, 284, 70, 84]","[169, 277]","['raise4', 'c']",0.0027777777777777775
/?Q/P1:raise2,"['/C:JQ/P1:raise2', '/C:QQ/P1:raise2', '/C:KQ/P1:raise2']",2,"[260, 950, 1625]",2,"[13.0, -9.0, 9.0, 5.0, 13.0, 9.0, 9.0, -5.0, 5.0, -13.0, -9.0, -9.0, 5.0, -13.0, 9.0, -9.0, -5.0, -5.0, 13.0, -9.0, 9.0, 5.0, 13.0, 9.0, 9.0, -5.0, 5.0, -3.0, 11.0, -7.0, 7.0, 3.0, 11.0, 7.0, 7.0, -3.0, 3.0, -11.0, -7.0, -7.0, 3.0, -11.0, 7.0, -7.0, -3.0, -3.0, 11.0, -7.0, 7.0, 3.0, 11.0, 7.0, 7.0, -3.0, 3.0, 1.0]","[148, 150, 153, 167, 173, 183, 195, 239, 240, 253, 263, 264, 269, 270, 271, 272, 278, 280]","[0, 1, 7, 9, 32, 48, 75, 78, 87, 90, 96, 102, 104, 109, 110, 123, 124, 128, 129, 148, 150, 153, 167, 173, 183, 195, 239, 240, 253, 263, 264, 269, 270, 271, 272, 278, 280, 15, 51, 52, 54, 64, 67, 68, 81, 82, 83, 115, 116, 133, 12, 13, 21, 22, 27, 38, 39, 41, 46, 47, 50, 59, 65, 76, 85, 89, 114, 140, 143]",[],"['raise2', 'c', 'f']",0.16666666666666669
/?K/P1:raise2/P2:raise2/P1:c/C:K/P1:raise4,"['/C:JK/P1:raise2/P2:raise2/P1:c/C:K/P1:raise4', '/C:QK/P1:raise2/P2:raise2/P1:c/C:K/P1:raise4']",6,"[440, 1085]",2,"[-13.0, -9.0, -9.0, 5.0]",[],"[102, 67]",[193],"['raise4', 'c', 'f']",0.0027777777777777775
/?J/P1:raise2/P2:raise2/P1:c/C:J/P1:c/P2:raise4/P1:raise4,"['/C:QJ/P1:raise2/P2:raise2/P1:c/C:J/P1:c/P2:raise4/P1:raise4', '/C:KJ/P1:raise2/P2:raise2/P1:c/C:J/P1:c/P2:raise4/P1:raise4']",8,"[653, 1298]",2,"[-13.0, 9.0]",[],[],"[162, 211]","['c', 'f']",0.00046296296296296287
/?K/P1:raise2/P2:c/C:J/P1:c,"['/C:JK/P1:raise2/P2:c/C:J/P1:c', '/C:QK/P1:raise2/P2:c/C:J/P1:c', '/C:KK/P1:raise2/P2:c/C:J/P1:c']",5,"[466, 1111, 1816]",2,"[0.0, 7.0, 0.0, -3.0, 0.0]",[247],"[48, 247, 116, 65]",[193],"['raise4', 'c']",0.01111111111111111
/?Q/P1:raise2/P2:c/C:J/P1:c/P2:raise4/P1:raise4,"['/C:JQ/P1:raise2/P2:c/C:J/P1:c/P2:raise4/P1:raise4', '/C:QQ/P1:raise2/P2:c/C:J/P1:c/P2:raise4/P1:raise4', '/C:KQ/P1:raise2/P2:c/C:J/P1:c/P2:raise4/P1:raise4']",7,"[221, 926, 1586]",2,"[11.0, 7.0]",[],[],"[249, 270]","['c', 'f']",0.0018518518518518515
/?K/P1:c/P2:c/C:J/P1:c,"['/C:JK/P1:c/P2:c/C:J/P1:c', '/C:QK/P1:c/P2:c/C:J/P1:c', '/C:KK/P1:c/P2:c/C:J/P1:c']",5,"[610, 1255, 1915]",2,"[0.0, 5.0, 0.0, -1.0, 0.0]",[224],"[34, 224, 103, 92]",[277],"['raise4', 'c']",0.016666666666666666
/?J/P1:c/P2:raise2/P1:raise2/P2:c/C:Q/P1:c,"['/C:JJ/P1:c/P2:raise2/P1:raise2/P2:c/C:Q/P1:c', '/C:QJ/P1:c/P2:raise2/P1:raise2/P2:c/C:Q/P1:c', '/C:KJ/P1:c/P2:raise2/P1:raise2/P2:c/C:Q/P1:c']",7,"[79, 769, 1414]",2,"[13.0, 9.0, 9.0, -5.0, 5.0]",[223],"[58, 223, 117, 80]","[161, 187]","['raise4', 'c']",0.0027777777777777775
/?Q/P1:c/P2:c/C:J/P1:raise4,"['/C:JQ/P1:c/P2:c/C:J/P1:raise4', '/C:QQ/P1:c/P2:c/C:J/P1:raise4', '/C:KQ/P1:c/P2:c/C:J/P1:raise4']",5,"[362, 1022, 1727]",2,"[9.0, -5.0, 5.0, 1.0]",[],"[97, 137, 91]",[234],"['raise4', 'c', 'f']",0.016666666666666666
/?K/P1:raise2/P2:c/C:J/P1:raise4,"['/C:JK/P1:raise2/P2:c/C:J/P1:raise4', '/C:QK/P1:raise2/P2:c/C:J/P1:raise4', '/C:KK/P1:raise2/P2:c/C:J/P1:raise4']",5,"[458, 1103, 1808]",2,"[0.0, -7.0, 0.0, 3.0]",[],"[109, 133, 89]",[193],"['raise4', 'c', 'f']",0.01111111111111111
/?J/P1:raise2/P2:raise2/P1:c/C:K/P1:raise4,"['/C:JJ/P1:raise2/P2:raise2/P1:c/C:K/P1:raise4', '/C:QJ/P1:raise2/P2:raise2/P1:c/C:K/P1:raise4', '/C:KJ/P1:raise2/P2:raise2/P1:c/C:K/P1:raise4']",6,"[20, 680, 1325]",2,"[13.0, -9.0, 9.0, 5.0]",[],"[102, 67, 85]",[162],"['raise4', 'c', 'f']",0.005555555555555555
/?J/P1:raise2/P2:raise2/P1:c/C:Q/P1:raise4,"['/C:JJ/P1:raise2/P2:raise2/P1:c/C:Q/P1:raise4', '/C:QJ/P1:raise2/P2:raise2/P1:c/C:Q/P1:raise4', '/C:KJ/P1:raise2/P2:raise2/P1:c/C:Q/P1:raise4']",6,"[5, 665, 1310]",2,"[13.0, -9.0, 9.0, 5.0]",[],"[90, 31, 41]",[162],"['raise4', 'c', 'f']",0.005555555555555555
/?K/P1:c/P2:c/C:K/P1:raise4,"['/C:JK/P1:c/P2:c/C:K/P1:raise4', '/C:QK/P1:c/P2:c/C:K/P1:raise4']",5,"[632, 1277]",2,"[-9.0, -5.0, -5.0, 1.0]",[],"[101, 29]",[277],"['raise4', 'c', 'f']",0.008333333333333333
/?Q/P1:c/P2:raise2/P1:raise2/P2:c/C:Q/P1:c/P2:raise4/P1:raise4,"['/C:JQ/P1:c/P2:raise2/P1:raise2/P2:c/C:Q/P1:c/P2:raise4/P1:raise4', '/C:KQ/P1:c/P2:raise2/P1:raise2/P2:c/C:Q/P1:c/P2:raise4/P1:raise4']",9,"[284, 1649]",2,"[-13.0, 9.0]",[],[],"[234, 235, 241]","['c', 'f']",0.00023148148148148144
/?J/P1:c/P2:raise2/P1:c/C:K/P1:c/P2:raise4/P1:raise4,"['/C:JJ/P1:c/P2:raise2/P1:c/C:K/P1:c/P2:raise4/P1:raise4', '/C:QJ/P1:c/P2:raise2/P1:c/C:K/P1:c/P2:raise4/P1:raise4', '/C:KJ/P1:c/P2:raise2/P1:c/C:K/P1:c/P2:raise4/P1:raise4']",8,"[122, 827, 1472]",2,"[11.0, 7.0]",[],[],"[187, 189]","['c', 'f']",0.0009259259259259257
/?Q/P1:raise2/P2:c/C:K/P1:c/P2:raise4/P1:raise4,"['/C:JQ/P1:raise2/P2:c/C:K/P1:c/P2:raise4/P1:raise4', '/C:QQ/P1:raise2/P2:c/C:K/P1:c/P2:raise4/P1:raise4', '/C:KQ/P1:raise2/P2:c/C:K/P1:c/P2:raise4/P1:raise4']",7,"[251, 941, 1616]",2,"[11.0, 7.0]",[],[],"[249, 264]","['c', 'f']",0.0018518518518518515
/?Q/P1:raise2/P2:c/C:K/P1:c,"['/C:JQ/P1:raise2/P2:c/C:K/P1:c', '/C:QQ/P1:raise2/P2:c/C:K/P1:c', '/C:KQ/P1:raise2/P2:c/C:K/P1:c']",5,"[256, 946, 1621]",2,"[11.0, 7.0, 7.0, -3.0, 3.0]",[263],"[123, 263, 54, 50]",[249],"['raise4', 'c']",0.01111111111111111
/?K/P1:raise2/P2:c/C:Q/P1:raise4,"['/C:JK/P1:raise2/P2:c/C:Q/P1:raise4', '/C:QK/P1:raise2/P2:c/C:Q/P1:raise4', '/C:KK/P1:raise2/P2:c/C:Q/P1:raise4']",5,"[473, 1118, 1823]",2,"[0.0, -7.0, 0.0, 3.0]",[],"[96, 135, 143]",[193],"['raise4', 'c', 'f']",0.01111111111111111
/?Q/P1:c/P2:c/C:Q/P1:c/P2:raise4/P1:raise4,"['/C:JQ/P1:c/P2:c/C:Q/P1:c/P2:raise4/P1:raise4', '/C:KQ/P1:c/P2:c/C:Q/P1:c/P2:raise4/P1:raise4']",7,"[380, 1745]",2,"[-9.0, 5.0]",[],[],"[212, 234]","['c', 'f']",0.0013888888888888887
/?J/P1:c/P2:c/C:K/P1:c/P2:raise4/P1:raise4,"['/C:JJ/P1:c/P2:c/C:K/P1:c/P2:raise4/P1:raise4', '/C:QJ/P1:c/P2:c/C:K/P1:c/P2:raise4/P1:raise4', '/C:KJ/P1:c/P2:c/C:K/P1:c/P2:raise4/P1:raise4']",7,"[155, 875, 1520]",2,"[9.0, 5.0]",[],[],"[187, 242]","['c', 'f']",0.0027777777777777775
/?K/P1:c/P2:c/C:J/P1:raise4,"['/C:JK/P1:c/P2:c/C:J/P1:raise4', '/C:QK/P1:c/P2:c/C:J/P1:raise4', '/C:KK/P1:c/P2:c/C:J/P1:raise4']",5,"[602, 1247, 1907]",2,"[0.0, -5.0, 0.0, 1.0]",[],"[97, 137, 91]",[277],"['raise4', 'c', 'f']",0.016666666666666666
/?Q/P1:raise2/P2:c/C:Q/P1:c,"['/C:JQ/P1:raise2/P2:c/C:Q/P1:c', '/C:KQ/P1:raise2/P2:c/C:Q/P1:c']",5,"[241, 1606]",2,"[-11.0, 7.0, -7.0, -3.0, -3.0]",[240],"[32, 240, 76]",[249],"['raise4', 'c']",0.005555555555555555
/?Q/P1:raise2/P2:c/C:J/P1:c,"['/C:JQ/P1:raise2/P2:c/C:J/P1:c', '/C:QQ/P1:raise2/P2:c/C:J/P1:c', '/C:KQ/P1:raise2/P2:c/C:J/P1:c']",5,"[226, 931, 1591]",2,"[11.0, 7.0, 7.0, -3.0, 3.0]",[253],"[48, 253, 116, 65]",[249],"['raise4', 'c']",0.01111111111111111
/?Q/P1:raise2/P2:raise2/P1:c/C:J/P1:c,"['/C:JQ/P1:raise2/P2:raise2/P1:c/C:J/P1:c', '/C:QQ/P1:raise2/P2:raise2/P1:c/C:J/P1:c', '/C:KQ/P1:raise2/P2:raise2/P1:c/C:J/P1:c']",6,"[178, 898, 1543]",2,"[13.0, 9.0, 9.0, -5.0, 5.0]",[153],"[7, 153, 68, 140]",[249],"['raise4', 'c']",0.005555555555555555
/?Q/P1:raise2/P2:raise2/P1:c/C:K/P1:c,"['/C:JQ/P1:raise2/P2:raise2/P1:c/C:K/P1:c', '/C:QQ/P1:raise2/P2:raise2/P1:c/C:K/P1:c', '/C:KQ/P1:raise2/P2:raise2/P1:c/C:K/P1:c']",6,"[208, 913, 1573]",2,"[13.0, 9.0, 9.0, -5.0, 5.0]",[150],"[104, 150, 15, 13]",[249],"['raise4', 'c']",0.005555555555555555
/?K/P1:c/P2:raise2/P1:c/C:K/P1:c/P2:raise4/P1:raise4,"['/C:JK/P1:c/P2:raise2/P1:c/C:K/P1:c/P2:raise4/P1:raise4', '/C:QK/P1:c/P2:raise2/P1:c/C:K/P1:c/P2:raise4/P1:raise4']",8,"[587, 1232]",2,"[-11.0, 7.0]",[],[],"[155, 277]","['c', 'f']",0.00046296296296296287
/?J/P1:c/P2:c/C:Q/P1:c,"['/C:JJ/P1:c/P2:c/C:Q/P1:c', '/C:QJ/P1:c/P2:c/C:Q/P1:c', '/C:KJ/P1:c/P2:c/C:Q/P1:c']",5,"[145, 865, 1510]",2,"[9.0, 5.0, 5.0, -1.0, 1.0]",[230],"[49, 230, 42, 3]",[187],"['raise4', 'c']",0.016666666666666666
/?Q/P1:c/P2:raise2/P1:c/C:Q/P1:raise4,"['/C:JQ/P1:c/P2:raise2/P1:c/C:Q/P1:raise4', '/C:KQ/P1:c/P2:raise2/P1:c/C:Q/P1:raise4']",6,"[329, 1694]",2,"[-11.0, -7.0, -7.0, 3.0]",[],"[43, 28]",[234],"['raise4', 'c', 'f']",0.0027777777777777775
/?Q/P1:c/P2:raise2/P1:c/C:Q/P1:c,"['/C:JQ/P1:c/P2:raise2/P1:c/C:Q/P1:c', '/C:KQ/P1:c/P2:raise2/P1:c/C:Q/P1:c']",6,"[337, 1702]",2,"[-11.0, 7.0, -7.0, -3.0, -3.0]",[144],"[19, 144, 18]",[234],"['raise4', 'c']",0.0027777777777777775
/?K/P1:c,"['/C:JK/P1:c', '/C:QK/P1:c', '/C:KK/P1:c']",2,"[643, 1288, 1933]",2,"[0.0, -9.0, 0.0, 5.0, 0.0, 9.0, 0.0, -5.0, 0.0, 0.0, -9.0, 0.0, 5.0, 0.0, 9.0, 0.0, -5.0, 0.0, 3.0, 0.0, -7.0, 0.0, 3.0, 0.0, 7.0, 0.0, -3.0, 0.0, 0.0, -7.0, 0.0, 3.0, 0.0, 7.0, 0.0, -3.0, 0.0, -1.0, 0.0, -5.0, 0.0, 1.0, 0.0, 5.0, 0.0, -1.0, 0.0, 0.0, -5.0, 0.0, 1.0, 0.0, 5.0, 0.0, -1.0, 0.0]","[155, 156, 166, 169, 171, 178, 179, 185, 190, 192, 194, 200, 203, 205, 210, 216, 221, 224, 227, 232, 246, 248, 254, 260, 268, 273, 284, 287]","[5, 14, 17, 19, 24, 34, 43, 44, 49, 58, 60, 61, 62, 63, 97, 101, 105, 106, 107, 108, 113, 118, 119, 125, 130, 131, 139, 141, 155, 156, 166, 169, 171, 178, 179, 185, 190, 192, 194, 200, 203, 205, 210, 216, 221, 224, 227, 232, 246, 248, 254, 260, 268, 273, 284, 287, 4, 6, 8, 23, 25, 26, 29, 30, 35, 36, 42, 53, 66, 69, 70, 73, 93, 94, 95, 98, 99, 100, 103, 117, 126, 127, 134, 137, 2, 3, 11, 18, 28, 55, 56, 72, 74, 80, 84, 91, 92, 111, 120, 122, 132, 136, 142]",[],"['raise2', 'c']",0.16666666666666666
/?Q/P1:raise2/P2:c/C:K/P1:raise4,"['/C:JQ/P1:raise2/P2:c/C:K/P1:raise4', '/C:QQ/P1:raise2/P2:c/C:K/P1:raise4', '/C:KQ/P1:raise2/P2:c/C:K/P1:raise4']",5,"[248, 938, 1613]",2,"[11.0, -7.0, 7.0, 3.0]",[],"[78, 64, 38]",[249],"['raise4', 'c', 'f']",0.01111111111111111
/?Q/P1:c/P2:c/C:K/P1:c/P2:raise4/P1:raise4,"['/C:JQ/P1:c/P2:c/C:K/P1:c/P2:raise4/P1:raise4', '/C:QQ/P1:c/P2:c/C:K/P1:c/P2:raise4/P1:raise4', '/C:KQ/P1:c/P2:c/C:K/P1:c/P2:raise4/P1:raise4']",7,"[395, 1040, 1760]",2,"[9.0, 5.0]",[],[],"[234, 243]","['c', 'f']",0.0027777777777777775
/?Q/P1:raise2/P2:c/C:J/P1:raise4,"['/C:JQ/P1:raise2/P2:c/C:J/P1:raise4', '/C:QQ/P1:raise2/P2:c/C:J/P1:raise4', '/C:KQ/P1:raise2/P2:c/C:J/P1:raise4']",5,"[218, 923, 1583]",2,"[11.0, -7.0, 7.0, 3.0]",[],"[109, 133, 89]",[249],"['raise4', 'c', 'f']",0.01111111111111111
/?Q/P1:c/P2:raise2/P1:raise2/P2:c/C:J/P1:c/P2:raise4/P1:raise4,"['/C:JQ/P1:c/P2:raise2/P1:raise2/P2:c/C:J/P1:c/P2:raise4/P1:raise4', '/C:QQ/P1:c/P2:raise2/P1:raise2/P2:c/C:J/P1:c/P2:raise4/P1:raise4', '/C:KQ/P1:c/P2:raise2/P1:raise2/P2:c/C:J/P1:c/P2:raise4/P1:raise4']",9,"[269, 959, 1634]",2,"[13.0, 9.0]",[],[],"[204, 234, 235]","['c', 'f']",0.00046296296296296287
/?J/P1:c/P2:raise2/P1:c/C:Q/P1:c/P2:raise4/P1:raise4,"['/C:JJ/P1:c/P2:raise2/P1:c/C:Q/P1:c/P2:raise4/P1:raise4', '/C:QJ/P1:c/P2:raise2/P1:c/C:Q/P1:c/P2:raise4/P1:raise4', '/C:KJ/P1:c/P2:raise2/P1:c/C:Q/P1:c/P2:raise4/P1:raise4']",8,"[107, 812, 1457]",2,"[11.0, 7.0]",[],[],"[163, 187]","['c', 'f']",0.0009259259259259257
/?J/P1:raise2/P2:c/C:Q/P1:c,"['/C:JJ/P1:raise2/P2:c/C:Q/P1:c', '/C:QJ/P1:raise2/P2:c/C:Q/P1:c', '/C:KJ/P1:raise2/P2:c/C:Q/P1:c']",5,"[46, 721, 1366]",2,"[11.0, 7.0, 7.0, -3.0, 3.0]",[147],"[32, 147, 77, 76]",[162],"['raise4', 'c']",0.01111111111111111
/?K/P1:c/P2:raise2/P1:raise2/P2:c/C:J/P1:c/P2:raise4/P1:raise4,"['/C:JK/P1:c/P2:raise2/P1:raise2/P2:c/C:J/P1:c/P2:raise4/P1:raise4', '/C:QK/P1:c/P2:raise2/P1:raise2/P2:c/C:J/P1:c/P2:raise4/P1:raise4', '/C:KK/P1:c/P2:raise2/P1:raise2/P2:c/C:J/P1:c/P2:raise4/P1:raise4']",9,"[509, 1154, 1844]",2,"[0.0, 9.0]",[],[],"[169, 248, 277]","['c', 'f']",0.00046296296296296287
/?K/P1:raise2/P2:raise2/P1:c/C:J/P1:raise4,"['/C:JK/P1:raise2/P2:raise2/P1:c/C:J/P1:raise4', '/C:QK/P1:raise2/P2:raise2/P1:c/C:J/P1:raise4', '/C:KK/P1:raise2/P2:raise2/P1:c/C:J/P1:raise4']",6,"[410, 1055, 1775]",2,"[0.0, -9.0, 0.0, 5.0]",[],"[75, 115, 46]",[193],"['raise4', 'c', 'f']",0.005555555555555555
/?J/P1:raise2/P2:raise2/P1:c/C:K/P1:c/P2:raise4/P1:raise4,"['/C:JJ/P1:raise2/P2:raise2/P1:c/C:K/P1:c/P2:raise4/P1:raise4', '/C:QJ/P1:raise2/P2:raise2/P1:c/C:K/P1:c/P2:raise4/P1:raise4', '/C:KJ/P1:raise2/P2:raise2/P1:c/C:K/P1:c/P2:raise4/P1:raise4']",8,"[23, 683, 1328]",2,"[13.0, 9.0]",[],[],"[162, 229]","['c', 'f']",0.0009259259259259257
/?K/P1:c/P2:raise2/P1:c/C:J/P1:c/P2:raise4/P1:raise4,"['/C:JK/P1:c/P2:raise2/P1:c/C:J/P1:c/P2:raise4/P1:raise4', '/C:QK/P1:c/P2:raise2/P1:c/C:J/P1:c/P2:raise4/P1:raise4', '/C:KK/P1:c/P2:raise2/P1:c/C:J/P1:c/P2:raise4/P1:raise4']",8,"[557, 1202, 1877]",2,"[0.0, 7.0]",[],[],"[200, 277]","['c', 'f']",0.0009259259259259257
