History,History_Structure,Depth,Payoff,Player,Real_Parents,Actions,Probability,Index_Members,Map_Clust,Actions_Prob
/J?/P1:raise2/P2:raise2/P1:c/C:J,0,5,"[13.0, -9.0, 9.0, 5.0, 13.0, 9.0, 9.0, -5.0, 5.0, 13.0, -9.0, 9.0, 5.0, 13.0, 9.0, 9.0, -5.0, 5.0]",1,[87],"['raise4', 'c']",0.06666666666666668,"[179, 419]",[18],"[1.0, 0.0]"
/J?/P1:raise2/P2:raise2/P1:c/C:K,0,5,"[0.0, -9.0, 0.0, 5.0, 0.0, 9.0, 0.0, -5.0, 0.0, -13.0, -9.0, -9.0, 5.0, -13.0, 9.0, -9.0, -5.0, -5.0, -13.0, -9.0, -9.0, 5.0, -13.0, 9.0, -9.0, -5.0, -5.0]",1,[87],"['raise4', 'c']",0.13333333333333333,"[29, 209, 449]",[20],"[0.0, 1.0]"
/K?/P1:c/P2:c/C:Q,1,4,"[9.0, -5.0, 5.0, 1.0, 9.0, 5.0, 5.0, -1.0, 1.0, -9.0, -5.0, -5.0, 1.0, -9.0, 5.0, -5.0, -1.0, -1.0, 0.0, -5.0, 0.0, 1.0, 0.0, 5.0, 0.0, -1.0, 0.0]",1,[45],"['raise4', 'c']",0.13333333333333333,"[1511, 1751, 1931]",[10],"[0.0, 1.0]"
/K?/P1:c/P2:c/C:Q/P1:c/P2:raise4,2,6,"[9.0, 5.0, 5.0, -1.0, -9.0, 5.0, -5.0, -1.0, 0.0, 5.0, 0.0, -1.0]",1,[2],"['raise4', 'c', 'f']",0.13333333333333333,"[1508, 1748, 1928]",[36],"[0.0, 0.0, 1.0]"
/Q?/P1:c/P2:raise2/P1:c/C:J/P1:c/P2:raise4,3,7,"[-11.0, 7.0, -7.0, -3.0, 0.0, 7.0, 0.0, -3.0, -11.0, 7.0, -7.0, -3.0]",1,[95],"['raise4', 'c', 'f']",0.13333333333333333,"[800, 995, 1205]",[63],"[0.0, 1.0, 0.0]"
/J?/P1:c/P2:raise2/P1:raise2/P2:c/C:K/P1:raise4/P2:raise4,4,8,"[0.0, -9.0, -13.0, -9.0, -13.0, -9.0]",1,[105],"['c', 'f']",0.13333333333333333,"[83, 293, 533]",[87],"[1.0, 0.0]"
/Q?/P1:c/P2:raise2/P1:raise2/P2:c/C:Q/P1:raise4/P2:raise4,4,8,"[13.0, -9.0, 13.0, -9.0]",1,[100],"['c', 'f']",0.06666666666666668,"[758, 1163]",[89],"[1.0, 0.0]"
/J?/P1:raise2/P2:raise2/P1:c/C:J/P1:c/P2:raise4,5,7,"[13.0, 9.0, 9.0, -5.0, 13.0, 9.0, 9.0, -5.0]",1,[0],"['raise4', 'c', 'f']",0.06666666666666668,"[176, 416]",[65],"[0.512645673476892, 0.48735432652310795, 0.0]"
/Q?/P1:c/P2:raise2/P1:raise2/P2:c/C:K/P1:c/P2:raise4,6,8,"[13.0, 9.0, 9.0, -5.0, 0.0, 9.0, 0.0, -5.0, -13.0, 9.0, -9.0, -5.0]",1,[99],"['raise4', 'c', 'f']",0.13333333333333333,"[782, 977, 1187]",[90],"[0.0, 1.0, 0.0]"
/J?/P1:raise2/P2:raise2/P1:c/C:Q,0,5,"[0.0, -9.0, 0.0, 5.0, 0.0, 9.0, 0.0, -5.0, 0.0, -13.0, -9.0, -9.0, 5.0, -13.0, 9.0, -9.0, -5.0, -5.0, -13.0, -9.0, -9.0, 5.0, -13.0, 9.0, -9.0, -5.0, -5.0]",1,[87],"['raise4', 'c']",0.13333333333333333,"[14, 194, 434]",[20],"[0.0, 1.0]"
/K?/P1:c/P2:c/C:K,1,4,"[9.0, -5.0, 5.0, 1.0, 9.0, 5.0, 5.0, -1.0, 1.0, 9.0, -5.0, 5.0, 1.0, 9.0, 5.0, 5.0, -1.0, 1.0]",1,[45],"['raise4', 'c']",0.06666666666666668,"[1526, 1766]",[12],"[1.0, 0.0]"
/K?/P1:c/P2:c/C:J,1,4,"[-9.0, -5.0, -5.0, 1.0, -9.0, 5.0, -5.0, -1.0, -1.0, 9.0, -5.0, 5.0, 1.0, 9.0, 5.0, 5.0, -1.0, 1.0, 0.0, -5.0, 0.0, 1.0, 0.0, 5.0, 0.0, -1.0, 0.0]",1,[45],"['raise4', 'c']",0.13333333333333333,"[1496, 1736, 1916]",[11],"[0.0, 1.0]"
/K?/P1:raise2/P2:raise2,7,3,"[-13.0, -9.0, -9.0, 5.0, -13.0, 9.0, -9.0, -5.0, -5.0, 13.0, -9.0, 9.0, 5.0, 13.0, 9.0, 9.0, -5.0, 5.0, 13.0, -9.0, 9.0, 5.0, 13.0, 9.0, 9.0, -5.0, 5.0, -3.0, 13.0, -9.0, 9.0, 5.0, 13.0, 9.0, 9.0, -5.0, 5.0, -13.0, -9.0, -9.0, 5.0, -13.0, 9.0, -9.0, -5.0, -5.0, 13.0, -9.0, 9.0, 5.0, 13.0, 9.0, 9.0, -5.0, 5.0, -3.0, 0.0, -9.0, 0.0, 5.0, 0.0, 9.0, 0.0, -5.0, 0.0, 0.0, -9.0, 0.0, 5.0, 0.0, 9.0, 0.0, -5.0, 0.0, -3.0]",1,[45],"['c', 'f']",0.3333333333333333,"[1337, 1577, 1802]",[6],"[0.5282408535858805, 0.4717591464141195]"
/K?/P1:raise2/P2:raise2/P1:c/C:K/P1:c/P2:raise4,5,7,"[13.0, 9.0, 9.0, -5.0, 13.0, 9.0, 9.0, -5.0]",1,[21],"['raise4', 'c', 'f']",0.06666666666666668,"[1331, 1571]",[65],"[0.512645673476892, 0.48735432652310795, 0.0]"
/J?/P1:c/P2:c/C:K/P1:c/P2:raise4,2,6,"[0.0, 5.0, 0.0, -1.0, -9.0, 5.0, -5.0, -1.0, -9.0, 5.0, -5.0, -1.0]",1,[63],"['raise4', 'c', 'f']",0.13333333333333333,"[158, 398, 638]",[36],"[0.0, 0.0, 1.0]"
/Q?/P1:raise2/P2:raise2/P1:c/C:K/P1:c/P2:raise4,5,7,"[13.0, 9.0, 9.0, -5.0, 0.0, 9.0, 0.0, -5.0, -13.0, 9.0, -9.0, -5.0]",1,[82],"['raise4', 'c', 'f']",0.13333333333333333,"[686, 911, 1091]",[66],"[0.0, 1.0, 0.0]"
/K?/P1:c/P2:raise2/P1:c/C:K/P1:raise4/P2:raise4,8,7,"[11.0, -7.0, 11.0, -7.0]",1,[121],"['c', 'f']",0.06666666666666668,"[1466, 1706]",[68],"[1.0, 0.0]"
/J?/P1:c/P2:raise2/P1:c/C:K/P1:raise4/P2:raise4,8,7,"[0.0, -7.0, -11.0, -7.0, -11.0, -7.0]",1,[119],"['c', 'f']",0.13333333333333333,"[116, 341, 581]",[69],"[1.0, 0.0]"
/K?/P1:c/P2:raise2/P1:c/C:Q/P1:c/P2:raise4,3,7,"[11.0, 7.0, 7.0, -3.0, -11.0, 7.0, -7.0, -3.0, 0.0, 7.0, 0.0, -3.0]",1,[74],"['raise4', 'c', 'f']",0.13333333333333333,"[1460, 1700, 1895]",[64],"[0.0, 1.0, 0.0]"
/J?/P1:c/P2:raise2/P1:c/C:Q/P1:c/P2:raise4,3,7,"[0.0, 7.0, 0.0, -3.0, -11.0, 7.0, -7.0, -3.0, -11.0, 7.0, -7.0, -3.0]",1,[113],"['raise4', 'c', 'f']",0.13333333333333333,"[110, 335, 575]",[64],"[0.0, 1.0, 0.0]"
/Q?/P1:raise2/P2:raise2/P1:c/C:Q/P1:c/P2:raise4,5,7,"[13.0, 9.0, 9.0, -5.0, 13.0, 9.0, 9.0, -5.0]",1,[86],"['raise4', 'c', 'f']",0.06666666666666668,"[671, 1076]",[65],"[0.512645673476892, 0.48735432652310795, 0.0]"
/K?/P1:raise2/P2:raise2/P1:c/C:K,0,5,"[13.0, -9.0, 9.0, 5.0, 13.0, 9.0, 9.0, -5.0, 5.0, 13.0, -9.0, 9.0, 5.0, 13.0, 9.0, 9.0, -5.0, 5.0]",1,[12],"['raise4', 'c']",0.06666666666666668,"[1334, 1574]",[18],"[1.0, 0.0]"
/K?/P1:raise2/P2:raise2/P1:c/C:J,0,5,"[-13.0, -9.0, -9.0, 5.0, -13.0, 9.0, -9.0, -5.0, -5.0, 13.0, -9.0, 9.0, 5.0, 13.0, 9.0, 9.0, -5.0, 5.0, 0.0, -9.0, 0.0, 5.0, 0.0, 9.0, 0.0, -5.0, 0.0]",1,[12],"['raise4', 'c']",0.13333333333333333,"[1304, 1544, 1784]",[19],"[0.0, 1.0]"
/Q?/P1:c/P2:c/C:Q,1,4,"[9.0, -5.0, 5.0, 1.0, 9.0, 5.0, 5.0, -1.0, 1.0, 9.0, -5.0, 5.0, 1.0, 9.0, 5.0, 5.0, -1.0, 1.0]",1,[138],"['raise4', 'c']",0.06666666666666668,"[866, 1271]",[12],"[1.0, 0.0]"
/J?/P1:c/P2:raise2/P1:c/C:K/P1:c/P2:raise4,3,7,"[0.0, 7.0, 0.0, -3.0, -11.0, 7.0, -7.0, -3.0, -11.0, 7.0, -7.0, -3.0]",1,[119],"['raise4', 'c', 'f']",0.13333333333333333,"[125, 350, 590]",[64],"[0.0, 1.0, 0.0]"
/Q?/P1:c/P2:c/C:K,1,4,"[9.0, -5.0, 5.0, 1.0, 9.0, 5.0, 5.0, -1.0, 1.0, 0.0, -5.0, 0.0, 1.0, 0.0, 5.0, 0.0, -1.0, 0.0, -9.0, -5.0, -5.0, 1.0, -9.0, 5.0, -5.0, -1.0, -1.0]",1,[138],"['raise4', 'c']",0.13333333333333333,"[881, 1046, 1286]",[10],"[0.0, 1.0]"
/Q?/P1:c/P2:c/C:J,1,4,"[-9.0, -5.0, -5.0, 1.0, -9.0, 5.0, -5.0, -1.0, -1.0, 0.0, -5.0, 0.0, 1.0, 0.0, 5.0, 0.0, -1.0, 0.0, -9.0, -5.0, -5.0, 1.0, -9.0, 5.0, -5.0, -1.0, -1.0]",1,[138],"['raise4', 'c']",0.13333333333333333,"[851, 1031, 1256]",[11],"[0.0, 1.0]"
/K?/P1:raise2/P2:raise2/P1:c/C:Q,0,5,"[13.0, -9.0, 9.0, 5.0, 13.0, 9.0, 9.0, -5.0, 5.0, -13.0, -9.0, -9.0, 5.0, -13.0, 9.0, -9.0, -5.0, -5.0, 0.0, -9.0, 0.0, 5.0, 0.0, 9.0, 0.0, -5.0, 0.0]",1,[12],"['raise4', 'c']",0.13333333333333333,"[1319, 1559, 1799]",[20],"[0.0, 1.0]"
/K?/P1:c/P2:raise2/P1:c/C:Q/P1:raise4/P2:raise4,8,7,"[11.0, -7.0, -11.0, -7.0, 0.0, -7.0]",1,[74],"['c', 'f']",0.13333333333333333,"[1451, 1691, 1886]",[69],"[1.0, 0.0]"
/Q?/P1:c/P2:c/C:K/P1:raise4/P2:raise4,9,6,"[9.0, -5.0, 0.0, -5.0, -9.0, -5.0]",1,[25],"['c', 'f']",0.13333333333333333,"[869, 1034, 1274]",[38],"[1.0, 0.0]"
/Q?/P1:c/P2:raise2/P1:raise2/P2:c/C:K/P1:raise4/P2:raise4,4,8,"[13.0, -9.0, 0.0, -9.0, -13.0, -9.0]",1,[99],"['c', 'f']",0.13333333333333333,"[773, 968, 1178]",[87],"[1.0, 0.0]"
/Q?/P1:raise2/P2:raise2/P1:c/C:Q/P1:raise4/P2:raise4,10,7,"[13.0, -9.0, 13.0, -9.0]",1,[86],"['c', 'f']",0.06666666666666668,"[662, 1067]",[71],"[1.0, 0.0]"
/J?/P1:raise2/P2:c/C:Q/P1:c/P2:raise4,11,6,"[0.0, 7.0, 0.0, -3.0, -11.0, 7.0, -7.0, -3.0, -11.0, 7.0, -7.0, -3.0]",1,[124],"['raise4', 'c', 'f']",0.13333333333333333,"[44, 239, 479]",[41],"[0.0, 1.0, 0.0]"
/J?,12,1,"[0.0, -9.0, 0.0, 5.0, 0.0, 9.0, 0.0, -5.0, 0.0, 0.0, -9.0, 0.0, 5.0, 0.0, 9.0, 0.0, -5.0, 0.0, -3.0, 0.0, -7.0, 0.0, 3.0, 0.0, 7.0, 0.0, -3.0, 0.0, 0.0, -7.0, 0.0, 3.0, 0.0, 7.0, 0.0, -3.0, 0.0, 1.0, 0.0, -9.0, 0.0, 5.0, 0.0, 9.0, 0.0, -5.0, 0.0, 0.0, -9.0, 0.0, 5.0, 0.0, 9.0, 0.0, -5.0, 0.0, 3.0, 0.0, -7.0, 0.0, 3.0, 0.0, 7.0, 0.0, -3.0, 0.0, 0.0, -7.0, 0.0, 3.0, 0.0, 7.0, 0.0, -3.0, 0.0, -1.0, 0.0, -5.0, 0.0, 1.0, 0.0, 5.0, 0.0, -1.0, 0.0, 0.0, -5.0, 0.0, 1.0, 0.0, 5.0, 0.0, -1.0, 0.0, 13.0, -9.0, 9.0, 5.0, 13.0, 9.0, 9.0, -5.0, 5.0, -13.0, -9.0, -9.0, 5.0, -13.0, 9.0, -9.0, -5.0, -5.0, -13.0, -9.0, -9.0, 5.0, -13.0, 9.0, -9.0, -5.0, -5.0, -3.0, 11.0, -7.0, 7.0, 3.0, 11.0, 7.0, 7.0, -3.0, 3.0, -11.0, -7.0, -7.0, 3.0, -11.0, 7.0, -7.0, -3.0, -3.0, -11.0, -7.0, -7.0, 3.0, -11.0, 7.0, -7.0, -3.0, -3.0, 1.0, 13.0, -9.0, 9.0, 5.0, 13.0, 9.0, 9.0, -5.0, 5.0, -13.0, -9.0, -9.0, 5.0, -13.0, 9.0, -9.0, -5.0, -5.0, -13.0, -9.0, -9.0, 5.0, -13.0, 9.0, -9.0, -5.0, -5.0, 3.0, 11.0, -7.0, 7.0, 3.0, 11.0, 7.0, 7.0, -3.0, 3.0, -11.0, -7.0, -7.0, 3.0, -11.0, 7.0, -7.0, -3.0, -3.0, -11.0, -7.0, -7.0, 3.0, -11.0, 7.0, -7.0, -3.0, -3.0, -1.0, 9.0, -5.0, 5.0, 1.0, 9.0, 5.0, 5.0, -1.0, 1.0, -9.0, -5.0, -5.0, 1.0, -9.0, 5.0, -5.0, -1.0, -1.0, -9.0, -5.0, -5.0, 1.0, -9.0, 5.0, -5.0, -1.0, -1.0, 13.0, -9.0, 9.0, 5.0, 13.0, 9.0, 9.0, -5.0, 5.0, -13.0, -9.0, -9.0, 5.0, -13.0, 9.0, -9.0, -5.0, -5.0, -13.0, -9.0, -9.0, 5.0, -13.0, 9.0, -9.0, -5.0, -5.0, -3.0, 11.0, -7.0, 7.0, 3.0, 11.0, 7.0, 7.0, -3.0, 3.0, -11.0, -7.0, -7.0, 3.0, -11.0, 7.0, -7.0, -3.0, -3.0, -11.0, -7.0, -7.0, 3.0, -11.0, 7.0, -7.0, -3.0, -3.0, 1.0, 13.0, -9.0, 9.0, 5.0, 13.0, 9.0, 9.0, -5.0, 5.0, -13.0, -9.0, -9.0, 5.0, -13.0, 9.0, -9.0, -5.0, -5.0, -13.0, -9.0, -9.0, 5.0, -13.0, 9.0, -9.0, -5.0, -5.0, 3.0, 11.0, -7.0, 7.0, 3.0, 11.0, 7.0, 7.0, -3.0, 3.0, -11.0, -7.0, -7.0, 3.0, -11.0, 7.0, -7.0, -3.0, -3.0, -11.0, -7.0, -7.0, 3.0, -11.0, 7.0, -7.0, -3.0, -3.0, -1.0, 9.0, -5.0, 5.0, 1.0, 9.0, 5.0, 5.0, -1.0, 1.0, -9.0, -5.0, -5.0, 1.0, -9.0, 5.0, -5.0, -1.0, -1.0, -9.0, -5.0, -5.0, 1.0, -9.0, 5.0, -5.0, -1.0, -1.0]",1,[],"['raise2', 'c']",0.33333333333333337,"[164, 404, 644]",[1],"[0.6015131796980209, 0.3984868203019792]"
/J?/P1:c/P2:c/C:J/P1:c/P2:raise4,2,6,"[9.0, 5.0, 5.0, -1.0, 9.0, 5.0, 5.0, -1.0]",1,[125],"['raise4', 'c', 'f']",0.06666666666666668,"[368, 608]",[42],"[0.07136707885770102, 0.9286329211422989, 0.0]"
/Q?/P1:c/P2:raise2/P1:c/C:J/P1:raise4/P2:raise4,8,7,"[-11.0, -7.0, 0.0, -7.0, -11.0, -7.0]",1,[95],"['c', 'f']",0.13333333333333333,"[791, 986, 1196]",[70],"[1.0, 0.0]"
/Q?/P1:c/P2:c/C:K/P1:c/P2:raise4,2,6,"[9.0, 5.0, 5.0, -1.0, 0.0, 5.0, 0.0, -1.0, -9.0, 5.0, -5.0, -1.0]",1,[25],"['raise4', 'c', 'f']",0.13333333333333333,"[878, 1043, 1283]",[36],"[0.0, 0.0, 1.0]"
/K?/P1:c/P2:raise2/P1:raise2/P2:c/C:K/P1:c/P2:raise4,6,8,"[13.0, 9.0, 9.0, -5.0, 13.0, 9.0, 9.0, -5.0]",1,[112],"['raise4', 'c', 'f']",0.06666666666666668,"[1427, 1667]",[92],"[0.0, 1.0, 0.0]"
/K?/P1:raise2/P2:c/C:K/P1:raise4/P2:raise4,13,6,"[11.0, -7.0, 11.0, -7.0]",1,[114],"['c', 'f']",0.06666666666666668,"[1370, 1610]",[43],"[1.0, 0.0]"
/K?/P1:raise2/P2:c/C:Q,14,4,"[11.0, -7.0, 7.0, 3.0, 11.0, 7.0, 7.0, -3.0, 3.0, -11.0, -7.0, -7.0, 3.0, -11.0, 7.0, -7.0, -3.0, -3.0, 0.0, -7.0, 0.0, 3.0, 0.0, 7.0, 0.0, -3.0, 0.0]",1,[45],"['raise4', 'c']",0.13333333333333333,"[1367, 1607, 1832]",[13],"[0.0, 1.0]"
/K?/P1:c/P2:c/C:K/P1:raise4/P2:raise4,9,6,"[9.0, -5.0, 9.0, -5.0]",1,[10],"['c', 'f']",0.06666666666666668,"[1514, 1754]",[44],"[1.0, 0.0]"
/K?/P1:raise2/P2:raise2/P1:c/C:Q/P1:raise4/P2:raise4,10,7,"[13.0, -9.0, -13.0, -9.0, 0.0, -9.0]",1,[27],"['c', 'f']",0.13333333333333333,"[1307, 1547, 1787]",[72],"[1.0, 0.0]"
/Q?/P1:c/P2:c/C:Q/P1:c/P2:raise4,2,6,"[9.0, 5.0, 5.0, -1.0, 9.0, 5.0, 5.0, -1.0]",1,[23],"['raise4', 'c', 'f']",0.06666666666666668,"[863, 1268]",[42],"[0.07136707885770102, 0.9286329211422989, 0.0]"
/J?/P1:c/P2:raise2/P1:c/C:Q/P1:raise4/P2:raise4,8,7,"[0.0, -7.0, -11.0, -7.0, -11.0, -7.0]",1,[113],"['c', 'f']",0.13333333333333333,"[101, 326, 566]",[69],"[1.0, 0.0]"
/J?/P1:c/P2:raise2/P1:raise2/P2:c/C:J/P1:c/P2:raise4,6,8,"[13.0, 9.0, 9.0, -5.0, 13.0, 9.0, 9.0, -5.0]",1,[106],"['raise4', 'c', 'f']",0.06666666666666668,"[272, 512]",[92],"[0.0, 1.0, 0.0]"
/K?,12,1,"[-13.0, -9.0, -9.0, 5.0, -13.0, 9.0, -9.0, -5.0, -5.0, 13.0, -9.0, 9.0, 5.0, 13.0, 9.0, 9.0, -5.0, 5.0, 13.0, -9.0, 9.0, 5.0, 13.0, 9.0, 9.0, -5.0, 5.0, -3.0, -11.0, -7.0, -7.0, 3.0, -11.0, 7.0, -7.0, -3.0, -3.0, 11.0, -7.0, 7.0, 3.0, 11.0, 7.0, 7.0, -3.0, 3.0, 11.0, -7.0, 7.0, 3.0, 11.0, 7.0, 7.0, -3.0, 3.0, 1.0, -13.0, -9.0, -9.0, 5.0, -13.0, 9.0, -9.0, -5.0, -5.0, 13.0, -9.0, 9.0, 5.0, 13.0, 9.0, 9.0, -5.0, 5.0, 13.0, -9.0, 9.0, 5.0, 13.0, 9.0, 9.0, -5.0, 5.0, 3.0, -11.0, -7.0, -7.0, 3.0, -11.0, 7.0, -7.0, -3.0, -3.0, 11.0, -7.0, 7.0, 3.0, 11.0, 7.0, 7.0, -3.0, 3.0, 11.0, -7.0, 7.0, 3.0, 11.0, 7.0, 7.0, -3.0, 3.0, -1.0, -9.0, -5.0, -5.0, 1.0, -9.0, 5.0, -5.0, -1.0, -1.0, 9.0, -5.0, 5.0, 1.0, 9.0, 5.0, 5.0, -1.0, 1.0, 9.0, -5.0, 5.0, 1.0, 9.0, 5.0, 5.0, -1.0, 1.0, 13.0, -9.0, 9.0, 5.0, 13.0, 9.0, 9.0, -5.0, 5.0, -13.0, -9.0, -9.0, 5.0, -13.0, 9.0, -9.0, -5.0, -5.0, 13.0, -9.0, 9.0, 5.0, 13.0, 9.0, 9.0, -5.0, 5.0, -3.0, 11.0, -7.0, 7.0, 3.0, 11.0, 7.0, 7.0, -3.0, 3.0, -11.0, -7.0, -7.0, 3.0, -11.0, 7.0, -7.0, -3.0, -3.0, 11.0, -7.0, 7.0, 3.0, 11.0, 7.0, 7.0, -3.0, 3.0, 1.0, 13.0, -9.0, 9.0, 5.0, 13.0, 9.0, 9.0, -5.0, 5.0, -13.0, -9.0, -9.0, 5.0, -13.0, 9.0, -9.0, -5.0, -5.0, 13.0, -9.0, 9.0, 5.0, 13.0, 9.0, 9.0, -5.0, 5.0, 3.0, 11.0, -7.0, 7.0, 3.0, 11.0, 7.0, 7.0, -3.0, 3.0, -11.0, -7.0, -7.0, 3.0, -11.0, 7.0, -7.0, -3.0, -3.0, 11.0, -7.0, 7.0, 3.0, 11.0, 7.0, 7.0, -3.0, 3.0, -1.0, 9.0, -5.0, 5.0, 1.0, 9.0, 5.0, 5.0, -1.0, 1.0, -9.0, -5.0, -5.0, 1.0, -9.0, 5.0, -5.0, -1.0, -1.0, 9.0, -5.0, 5.0, 1.0, 9.0, 5.0, 5.0, -1.0, 1.0, 0.0, -9.0, 0.0, 5.0, 0.0, 9.0, 0.0, -5.0, 0.0, 0.0, -9.0, 0.0, 5.0, 0.0, 9.0, 0.0, -5.0, 0.0, -3.0, 0.0, -7.0, 0.0, 3.0, 0.0, 7.0, 0.0, -3.0, 0.0, 0.0, -7.0, 0.0, 3.0, 0.0, 7.0, 0.0, -3.0, 0.0, 1.0, 0.0, -9.0, 0.0, 5.0, 0.0, 9.0, 0.0, -5.0, 0.0, 0.0, -9.0, 0.0, 5.0, 0.0, 9.0, 0.0, -5.0, 0.0, 3.0, 0.0, -7.0, 0.0, 3.0, 0.0, 7.0, 0.0, -3.0, 0.0, 0.0, -7.0, 0.0, 3.0, 0.0, 7.0, 0.0, -3.0, 0.0, -1.0, 0.0, -5.0, 0.0, 1.0, 0.0, 5.0, 0.0, -1.0, 0.0, 0.0, -5.0, 0.0, 1.0, 0.0, 5.0, 0.0, -1.0, 0.0]",1,[],"['raise2', 'c']",0.3333333333333333,"[1529, 1769, 1934]",[0],"[0.5, 0.5]"
/K?/P1:raise2/P2:raise2/P1:c/C:J/P1:raise4/P2:raise4,10,7,"[-13.0, -9.0, 13.0, -9.0, 0.0, -9.0]",1,[22],"['c', 'f']",0.13333333333333333,"[1292, 1532, 1772]",[73],"[1.0, 0.0]"
/K?/P1:raise2/P2:c/C:J,14,4,"[-11.0, -7.0, -7.0, 3.0, -11.0, 7.0, -7.0, -3.0, -3.0, 11.0, -7.0, 7.0, 3.0, 11.0, 7.0, 7.0, -3.0, 3.0, 0.0, -7.0, 0.0, 3.0, 0.0, 7.0, 0.0, -3.0, 0.0]",1,[45],"['raise4', 'c']",0.13333333333333333,"[1352, 1592, 1817]",[14],"[0.0, 1.0]"
/J?/P1:raise2/P2:c/C:J/P1:c/P2:raise4,11,6,"[11.0, 7.0, 7.0, -3.0, 11.0, 7.0, 7.0, -3.0]",1,[128],"['raise4', 'c', 'f']",0.06666666666666668,"[224, 464]",[45],"[0.0, 1.0, 0.0]"
/J?/P1:c/P2:c/C:Q/P1:c/P2:raise4,2,6,"[0.0, 5.0, 0.0, -1.0, -9.0, 5.0, -5.0, -1.0, -9.0, 5.0, -5.0, -1.0]",1,[131],"['raise4', 'c', 'f']",0.13333333333333333,"[143, 383, 623]",[36],"[0.0, 0.0, 1.0]"
/K?/P1:raise2/P2:c/C:K/P1:c/P2:raise4,11,6,"[11.0, 7.0, 7.0, -3.0, 11.0, 7.0, 7.0, -3.0]",1,[114],"['raise4', 'c', 'f']",0.06666666666666668,"[1379, 1619]",[45],"[0.0, 1.0, 0.0]"
/Q?/P1:raise2/P2:c/C:K,14,4,"[11.0, -7.0, 7.0, 3.0, 11.0, 7.0, 7.0, -3.0, 3.0, 0.0, -7.0, 0.0, 3.0, 0.0, 7.0, 0.0, -3.0, 0.0, -11.0, -7.0, -7.0, 3.0, -11.0, 7.0, -7.0, -3.0, -3.0]",1,[138],"['raise4', 'c']",0.13333333333333333,"[737, 947, 1142]",[13],"[0.0, 1.0]"
/Q?/P1:raise2/P2:c/C:J,14,4,"[-11.0, -7.0, -7.0, 3.0, -11.0, 7.0, -7.0, -3.0, -3.0, 0.0, -7.0, 0.0, 3.0, 0.0, 7.0, 0.0, -3.0, 0.0, -11.0, -7.0, -7.0, 3.0, -11.0, 7.0, -7.0, -3.0, -3.0]",1,[138],"['raise4', 'c']",0.13333333333333333,"[707, 932, 1112]",[14],"[0.0, 1.0]"
/Q?/P1:c/P2:raise2,15,3,"[-13.0, -9.0, -9.0, 5.0, -13.0, 9.0, -9.0, -5.0, -5.0, 13.0, -9.0, 9.0, 5.0, 13.0, 9.0, 9.0, -5.0, 5.0, 13.0, -9.0, 9.0, 5.0, 13.0, 9.0, 9.0, -5.0, 5.0, 3.0, -11.0, -7.0, -7.0, 3.0, -11.0, 7.0, -7.0, -3.0, -3.0, 11.0, -7.0, 7.0, 3.0, 11.0, 7.0, 7.0, -3.0, 3.0, 11.0, -7.0, 7.0, 3.0, 11.0, 7.0, 7.0, -3.0, 3.0, -1.0, 0.0, -9.0, 0.0, 5.0, 0.0, 9.0, 0.0, -5.0, 0.0, 0.0, -9.0, 0.0, 5.0, 0.0, 9.0, 0.0, -5.0, 0.0, 3.0, 0.0, -7.0, 0.0, 3.0, 0.0, 7.0, 0.0, -3.0, 0.0, 0.0, -7.0, 0.0, 3.0, 0.0, 7.0, 0.0, -3.0, 0.0, -1.0, -13.0, -9.0, -9.0, 5.0, -13.0, 9.0, -9.0, -5.0, -5.0, 13.0, -9.0, 9.0, 5.0, 13.0, 9.0, 9.0, -5.0, 5.0, -13.0, -9.0, -9.0, 5.0, -13.0, 9.0, -9.0, -5.0, -5.0, 3.0, -11.0, -7.0, -7.0, 3.0, -11.0, 7.0, -7.0, -3.0, -3.0, 11.0, -7.0, 7.0, 3.0, 11.0, 7.0, 7.0, -3.0, 3.0, -11.0, -7.0, -7.0, 3.0, -11.0, 7.0, -7.0, -3.0, -3.0, -1.0]",1,[138],"['raise2', 'c', 'f']",0.33333333333333337,"[836, 1016, 1241]",[8],"[0.0, 0.31078484894056274, 0.6892151510594372]"
/Q?/P1:raise2/P2:c/C:K/P1:c/P2:raise4,11,6,"[11.0, 7.0, 7.0, -3.0, 0.0, 7.0, 0.0, -3.0, -11.0, 7.0, -7.0, -3.0]",1,[51],"['raise4', 'c', 'f']",0.13333333333333333,"[734, 944, 1139]",[41],"[0.0, 1.0, 0.0]"
/K?/P1:c/P2:c/C:Q/P1:raise4/P2:raise4,9,6,"[9.0, -5.0, -9.0, -5.0, 0.0, -5.0]",1,[2],"['c', 'f']",0.13333333333333333,"[1499, 1739, 1919]",[38],"[1.0, 0.0]"
/K?/P1:c/P2:raise2/P1:raise2/P2:c/C:J/P1:raise4/P2:raise4,4,8,"[-13.0, -9.0, 13.0, -9.0, 0.0, -9.0]",1,[111],"['c', 'f']",0.13333333333333333,"[1388, 1628, 1838]",[88],"[1.0, 0.0]"
/Q?/P1:raise2/P2:c/C:Q,14,4,"[11.0, -7.0, 7.0, 3.0, 11.0, 7.0, 7.0, -3.0, 3.0, 11.0, -7.0, 7.0, 3.0, 11.0, 7.0, 7.0, -3.0, 3.0]",1,[138],"['raise4', 'c']",0.06666666666666668,"[722, 1127]",[15],"[1.0, 0.0]"
/J?/P1:c/P2:raise2/P1:raise2/P2:c/C:Q/P1:c/P2:raise4,6,8,"[0.0, 9.0, 0.0, -5.0, -13.0, 9.0, -9.0, -5.0, -13.0, 9.0, -9.0, -5.0]",1,[107],"['raise4', 'c', 'f']",0.13333333333333333,"[77, 287, 527]",[90],"[0.0, 1.0, 0.0]"
/K?/P1:raise2/P2:raise2/P1:c/C:Q/P1:c/P2:raise4,5,7,"[13.0, 9.0, 9.0, -5.0, -13.0, 9.0, -9.0, -5.0, 0.0, 9.0, 0.0, -5.0]",1,[27],"['raise4', 'c', 'f']",0.13333333333333333,"[1316, 1556, 1796]",[66],"[0.0, 1.0, 0.0]"
/J?/P1:c/P2:raise2/P1:raise2/P2:c/C:Q/P1:raise4/P2:raise4,4,8,"[0.0, -9.0, -13.0, -9.0, -13.0, -9.0]",1,[107],"['c', 'f']",0.13333333333333333,"[68, 278, 518]",[87],"[1.0, 0.0]"
/J?/P1:c/P2:raise2/P1:raise2/P2:c/C:K/P1:c/P2:raise4,6,8,"[0.0, 9.0, 0.0, -5.0, -13.0, 9.0, -9.0, -5.0, -13.0, 9.0, -9.0, -5.0]",1,[105],"['raise4', 'c', 'f']",0.13333333333333333,"[92, 302, 542]",[90],"[0.0, 1.0, 0.0]"
/J?/P1:c/P2:raise2/P1:raise2/P2:c/C:J/P1:raise4/P2:raise4,4,8,"[13.0, -9.0, 13.0, -9.0]",1,[106],"['c', 'f']",0.06666666666666668,"[263, 503]",[89],"[1.0, 0.0]"
/J?/P1:c/P2:c/C:K,1,4,"[0.0, -5.0, 0.0, 1.0, 0.0, 5.0, 0.0, -1.0, 0.0, -9.0, -5.0, -5.0, 1.0, -9.0, 5.0, -5.0, -1.0, -1.0, -9.0, -5.0, -5.0, 1.0, -9.0, 5.0, -5.0, -1.0, -1.0]",1,[33],"['raise4', 'c']",0.13333333333333333,"[161, 401, 641]",[10],"[0.0, 1.0]"
/Q?/P1:raise2/P2:c/C:K/P1:raise4/P2:raise4,13,6,"[11.0, -7.0, 0.0, -7.0, -11.0, -7.0]",1,[51],"['c', 'f']",0.13333333333333333,"[725, 935, 1130]",[46],"[1.0, 0.0]"
/K?/P1:raise2/P2:c/C:J/P1:c/P2:raise4,11,6,"[-11.0, 7.0, -7.0, -3.0, 11.0, 7.0, 7.0, -3.0, 0.0, 7.0, 0.0, -3.0]",1,[47],"['raise4', 'c', 'f']",0.13333333333333333,"[1349, 1589, 1814]",[40],"[0.0, 1.0, 0.0]"
/Q?/P1:c/P2:raise2/P1:c/C:K/P1:c/P2:raise4,3,7,"[11.0, 7.0, 7.0, -3.0, 0.0, 7.0, 0.0, -3.0, -11.0, 7.0, -7.0, -3.0]",1,[94],"['raise4', 'c', 'f']",0.13333333333333333,"[830, 1010, 1235]",[64],"[0.0, 1.0, 0.0]"
/Q?/P1:raise2/P2:raise2/P1:c/C:K/P1:raise4/P2:raise4,10,7,"[13.0, -9.0, 0.0, -9.0, -13.0, -9.0]",1,[82],"['c', 'f']",0.13333333333333333,"[677, 902, 1082]",[72],"[1.0, 0.0]"
/Q?/P1:raise2/P2:raise2/P1:c/C:J/P1:c/P2:raise4,5,7,"[-13.0, 9.0, -9.0, -5.0, 0.0, 9.0, 0.0, -5.0, -13.0, 9.0, -9.0, -5.0]",1,[83],"['raise4', 'c', 'f']",0.13333333333333333,"[656, 896, 1061]",[67],"[0.0, 1.0, 0.0]"
/Q?/P1:c/P2:raise2/P1:c/C:Q/P1:raise4/P2:raise4,8,7,"[11.0, -7.0, 11.0, -7.0]",1,[93],"['c', 'f']",0.06666666666666668,"[806, 1211]",[68],"[1.0, 0.0]"
/Q?/P1:c/P2:raise2/P1:raise2/P2:c/C:J/P1:c/P2:raise4,6,8,"[-13.0, 9.0, -9.0, -5.0, 0.0, 9.0, 0.0, -5.0, -13.0, 9.0, -9.0, -5.0]",1,[98],"['raise4', 'c', 'f']",0.13333333333333333,"[752, 962, 1157]",[91],"[0.0, 1.0, 0.0]"
/K?/P1:c/P2:c/C:K/P1:c/P2:raise4,2,6,"[9.0, 5.0, 5.0, -1.0, 9.0, 5.0, 5.0, -1.0]",1,[10],"['raise4', 'c', 'f']",0.06666666666666668,"[1523, 1763]",[42],"[0.07136707885770102, 0.9286329211422989, 0.0]"
/K?/P1:c/P2:raise2,15,3,"[-13.0, -9.0, -9.0, 5.0, -13.0, 9.0, -9.0, -5.0, -5.0, 13.0, -9.0, 9.0, 5.0, 13.0, 9.0, 9.0, -5.0, 5.0, 13.0, -9.0, 9.0, 5.0, 13.0, 9.0, 9.0, -5.0, 5.0, 3.0, -11.0, -7.0, -7.0, 3.0, -11.0, 7.0, -7.0, -3.0, -3.0, 11.0, -7.0, 7.0, 3.0, 11.0, 7.0, 7.0, -3.0, 3.0, 11.0, -7.0, 7.0, 3.0, 11.0, 7.0, 7.0, -3.0, 3.0, -1.0, 13.0, -9.0, 9.0, 5.0, 13.0, 9.0, 9.0, -5.0, 5.0, -13.0, -9.0, -9.0, 5.0, -13.0, 9.0, -9.0, -5.0, -5.0, 13.0, -9.0, 9.0, 5.0, 13.0, 9.0, 9.0, -5.0, 5.0, 3.0, 11.0, -7.0, 7.0, 3.0, 11.0, 7.0, 7.0, -3.0, 3.0, -11.0, -7.0, -7.0, 3.0, -11.0, 7.0, -7.0, -3.0, -3.0, 11.0, -7.0, 7.0, 3.0, 11.0, 7.0, 7.0, -3.0, 3.0, -1.0, 0.0, -9.0, 0.0, 5.0, 0.0, 9.0, 0.0, -5.0, 0.0, 0.0, -9.0, 0.0, 5.0, 0.0, 9.0, 0.0, -5.0, 0.0, 3.0, 0.0, -7.0, 0.0, 3.0, 0.0, 7.0, 0.0, -3.0, 0.0, 0.0, -7.0, 0.0, 3.0, 0.0, 7.0, 0.0, -3.0, 0.0, -1.0]",1,[45],"['raise2', 'c', 'f']",0.3333333333333333,"[1481, 1721, 1901]",[8],"[0.0, 0.31078484894056274, 0.6892151510594372]"
/Q?/P1:c/P2:c/C:Q/P1:raise4/P2:raise4,9,6,"[9.0, -5.0, 9.0, -5.0]",1,[23],"['c', 'f']",0.06666666666666668,"[854, 1259]",[44],"[1.0, 0.0]"
/K?/P1:c/P2:raise2/P1:c/C:Q,16,5,"[11.0, -7.0, 7.0, 3.0, 11.0, 7.0, 7.0, -3.0, 3.0, -11.0, -7.0, -7.0, 3.0, -11.0, 7.0, -7.0, -3.0, -3.0, 0.0, -7.0, 0.0, 3.0, 0.0, 7.0, 0.0, -3.0, 0.0]",1,[72],"['raise4', 'c']",0.13333333333333333,"[1463, 1703, 1898]",[21],"[0.0, 1.0]"
/J?/P1:raise2/P2:raise2/P1:c/C:J/P1:raise4/P2:raise4,10,7,"[13.0, -9.0, 13.0, -9.0]",1,[0],"['c', 'f']",0.06666666666666668,"[167, 407]",[71],"[1.0, 0.0]"
/K?/P1:raise2/P2:c/C:Q/P1:c/P2:raise4,11,6,"[11.0, 7.0, 7.0, -3.0, -11.0, 7.0, -7.0, -3.0, 0.0, 7.0, 0.0, -3.0]",1,[39],"['raise4', 'c', 'f']",0.13333333333333333,"[1364, 1604, 1829]",[41],"[0.0, 1.0, 0.0]"
/Q?/P1:raise2/P2:c/C:Q/P1:c/P2:raise4,11,6,"[11.0, 7.0, 7.0, -3.0, 11.0, 7.0, 7.0, -3.0]",1,[57],"['raise4', 'c', 'f']",0.06666666666666668,"[719, 1124]",[45],"[0.0, 1.0, 0.0]"
/J?/P1:raise2/P2:c/C:K/P1:raise4/P2:raise4,13,6,"[0.0, -7.0, -11.0, -7.0, -11.0, -7.0]",1,[129],"['c', 'f']",0.13333333333333333,"[50, 245, 485]",[46],"[1.0, 0.0]"
/K?/P1:c/P2:raise2/P1:c/C:K/P1:c/P2:raise4,3,7,"[11.0, 7.0, 7.0, -3.0, 11.0, 7.0, 7.0, -3.0]",1,[121],"['raise4', 'c', 'f']",0.06666666666666668,"[1475, 1715]",[74],"[0.0, 1.0, 0.0]"
/K?/P1:c/P2:raise2/P1:raise2/P2:c/C:Q/P1:c/P2:raise4,6,8,"[13.0, 9.0, 9.0, -5.0, -13.0, 9.0, -9.0, -5.0, 0.0, 9.0, 0.0, -5.0]",1,[120],"['raise4', 'c', 'f']",0.13333333333333333,"[1412, 1652, 1862]",[90],"[0.0, 1.0, 0.0]"
/Q?/P1:raise2/P2:raise2,7,3,"[-13.0, -9.0, -9.0, 5.0, -13.0, 9.0, -9.0, -5.0, -5.0, 13.0, -9.0, 9.0, 5.0, 13.0, 9.0, 9.0, -5.0, 5.0, 13.0, -9.0, 9.0, 5.0, 13.0, 9.0, 9.0, -5.0, 5.0, -3.0, 0.0, -9.0, 0.0, 5.0, 0.0, 9.0, 0.0, -5.0, 0.0, 0.0, -9.0, 0.0, 5.0, 0.0, 9.0, 0.0, -5.0, 0.0, -3.0, -13.0, -9.0, -9.0, 5.0, -13.0, 9.0, -9.0, -5.0, -5.0, 13.0, -9.0, 9.0, 5.0, 13.0, 9.0, 9.0, -5.0, 5.0, -13.0, -9.0, -9.0, 5.0, -13.0, 9.0, -9.0, -5.0, -5.0, -3.0]",1,[138],"['c', 'f']",0.33333333333333337,"[692, 917, 1097]",[6],"[0.5282408535858805, 0.4717591464141195]"
/Q?/P1:raise2/P2:raise2/P1:c/C:K,0,5,"[13.0, -9.0, 9.0, 5.0, 13.0, 9.0, 9.0, -5.0, 5.0, 0.0, -9.0, 0.0, 5.0, 0.0, 9.0, 0.0, -5.0, 0.0, -13.0, -9.0, -9.0, 5.0, -13.0, 9.0, -9.0, -5.0, -5.0]",1,[81],"['raise4', 'c']",0.13333333333333333,"[689, 914, 1094]",[20],"[0.0, 1.0]"
/Q?/P1:raise2/P2:raise2/P1:c/C:J,0,5,"[-13.0, -9.0, -9.0, 5.0, -13.0, 9.0, -9.0, -5.0, -5.0, 0.0, -9.0, 0.0, 5.0, 0.0, 9.0, 0.0, -5.0, 0.0, -13.0, -9.0, -9.0, 5.0, -13.0, 9.0, -9.0, -5.0, -5.0]",1,[81],"['raise4', 'c']",0.13333333333333333,"[659, 899, 1064]",[19],"[0.0, 1.0]"
/K?/P1:c/P2:raise2/P1:raise2/P2:c/C:J/P1:c/P2:raise4,6,8,"[-13.0, 9.0, -9.0, -5.0, 13.0, 9.0, 9.0, -5.0, 0.0, 9.0, 0.0, -5.0]",1,[111],"['raise4', 'c', 'f']",0.13333333333333333,"[1397, 1637, 1847]",[91],"[0.0, 1.0, 0.0]"
/K?/P1:raise2/P2:raise2/P1:c/C:K/P1:raise4/P2:raise4,10,7,"[13.0, -9.0, 13.0, -9.0]",1,[21],"['c', 'f']",0.06666666666666668,"[1322, 1562]",[71],"[1.0, 0.0]"
/Q?/P1:raise2/P2:raise2/P1:c/C:Q,0,5,"[13.0, -9.0, 9.0, 5.0, 13.0, 9.0, 9.0, -5.0, 5.0, 13.0, -9.0, 9.0, 5.0, 13.0, 9.0, 9.0, -5.0, 5.0]",1,[81],"['raise4', 'c']",0.06666666666666668,"[674, 1079]",[18],"[1.0, 0.0]"
/J?/P1:raise2/P2:raise2,7,3,"[0.0, -9.0, 0.0, 5.0, 0.0, 9.0, 0.0, -5.0, 0.0, 0.0, -9.0, 0.0, 5.0, 0.0, 9.0, 0.0, -5.0, 0.0, -3.0, 13.0, -9.0, 9.0, 5.0, 13.0, 9.0, 9.0, -5.0, 5.0, -13.0, -9.0, -9.0, 5.0, -13.0, 9.0, -9.0, -5.0, -5.0, -13.0, -9.0, -9.0, 5.0, -13.0, 9.0, -9.0, -5.0, -5.0, -3.0, 13.0, -9.0, 9.0, 5.0, 13.0, 9.0, 9.0, -5.0, 5.0, -13.0, -9.0, -9.0, 5.0, -13.0, 9.0, -9.0, -5.0, -5.0, -13.0, -9.0, -9.0, 5.0, -13.0, 9.0, -9.0, -5.0, -5.0, -3.0]",1,[33],"['c', 'f']",0.33333333333333337,"[32, 212, 452]",[7],"[1.0, 0.0]"
/K?/P1:c/P2:raise2/P1:raise2/P2:c/C:K/P1:raise4/P2:raise4,4,8,"[13.0, -9.0, 13.0, -9.0]",1,[112],"['c', 'f']",0.06666666666666668,"[1418, 1658]",[89],"[1.0, 0.0]"
/K?/P1:raise2/P2:c/C:J/P1:raise4/P2:raise4,13,6,"[-11.0, -7.0, 11.0, -7.0, 0.0, -7.0]",1,[47],"['c', 'f']",0.13333333333333333,"[1340, 1580, 1805]",[47],"[1.0, 0.0]"
/J?/P1:raise2/P2:raise2/P1:c/C:Q/P1:raise4/P2:raise4,10,7,"[0.0, -9.0, -13.0, -9.0, -13.0, -9.0]",1,[9],"['c', 'f']",0.13333333333333333,"[2, 182, 422]",[72],"[1.0, 0.0]"
/K?/P1:c/P2:c/C:J/P1:raise4/P2:raise4,9,6,"[-9.0, -5.0, 9.0, -5.0, 0.0, -5.0]",1,[11],"['c', 'f']",0.13333333333333333,"[1484, 1724, 1904]",[39],"[1.0, 0.0]"
/K?/P1:c/P2:c/C:J/P1:c/P2:raise4,2,6,"[-9.0, 5.0, -5.0, -1.0, 9.0, 5.0, 5.0, -1.0, 0.0, 5.0, 0.0, -1.0]",1,[11],"['raise4', 'c', 'f']",0.13333333333333333,"[1493, 1733, 1913]",[37],"[0.0, 0.04463567319577005, 0.95536432680423]"
/Q?/P1:c/P2:raise2/P1:c/C:Q,16,5,"[11.0, -7.0, 7.0, 3.0, 11.0, 7.0, 7.0, -3.0, 3.0, 11.0, -7.0, 7.0, 3.0, 11.0, 7.0, 7.0, -3.0, 3.0]",1,[53],"['raise4', 'c']",0.06666666666666668,"[818, 1223]",[23],"[1.0, 0.0]"
/Q?/P1:c/P2:raise2/P1:c/C:K,16,5,"[11.0, -7.0, 7.0, 3.0, 11.0, 7.0, 7.0, -3.0, 3.0, 0.0, -7.0, 0.0, 3.0, 0.0, 7.0, 0.0, -3.0, 0.0, -11.0, -7.0, -7.0, 3.0, -11.0, 7.0, -7.0, -3.0, -3.0]",1,[53],"['raise4', 'c']",0.13333333333333333,"[833, 1013, 1238]",[21],"[0.0, 1.0]"
/Q?/P1:c/P2:raise2/P1:c/C:J,16,5,"[-11.0, -7.0, -7.0, 3.0, -11.0, 7.0, -7.0, -3.0, -3.0, 0.0, -7.0, 0.0, 3.0, 0.0, 7.0, 0.0, -3.0, 0.0, -11.0, -7.0, -7.0, 3.0, -11.0, 7.0, -7.0, -3.0, -3.0]",1,[53],"['raise4', 'c']",0.13333333333333333,"[803, 998, 1208]",[22],"[0.0, 1.0]"
/J?/P1:raise2/P2:c/C:Q/P1:raise4/P2:raise4,13,6,"[0.0, -7.0, -11.0, -7.0, -11.0, -7.0]",1,[124],"['c', 'f']",0.13333333333333333,"[35, 230, 470]",[46],"[1.0, 0.0]"
/J?/P1:c/P2:c/C:J/P1:raise4/P2:raise4,9,6,"[9.0, -5.0, 9.0, -5.0]",1,[125],"['c', 'f']",0.06666666666666668,"[359, 599]",[44],"[1.0, 0.0]"
/Q?/P1:c/P2:raise2/P1:raise2/P2:c/C:J,17,6,"[-13.0, -9.0, -9.0, 5.0, -13.0, 9.0, -9.0, -5.0, -5.0, 0.0, -9.0, 0.0, 5.0, 0.0, 9.0, 0.0, -5.0, 0.0, -13.0, -9.0, -9.0, 5.0, -13.0, 9.0, -9.0, -5.0, -5.0]",1,[53],"['raise4', 'c']",0.13333333333333333,"[755, 965, 1160]",[48],"[0.0, 1.0]"
/Q?/P1:c/P2:raise2/P1:raise2/P2:c/C:K,17,6,"[13.0, -9.0, 9.0, 5.0, 13.0, 9.0, 9.0, -5.0, 5.0, 0.0, -9.0, 0.0, 5.0, 0.0, 9.0, 0.0, -5.0, 0.0, -13.0, -9.0, -9.0, 5.0, -13.0, 9.0, -9.0, -5.0, -5.0]",1,[53],"['raise4', 'c']",0.13333333333333333,"[785, 980, 1190]",[49],"[0.0, 1.0]"
/Q?/P1:c/P2:raise2/P1:raise2/P2:c/C:Q,17,6,"[13.0, -9.0, 9.0, 5.0, 13.0, 9.0, 9.0, -5.0, 5.0, 13.0, -9.0, 9.0, 5.0, 13.0, 9.0, 9.0, -5.0, 5.0]",1,[53],"['raise4', 'c']",0.06666666666666668,"[770, 1175]",[50],"[1.0, 0.0]"
/J?/P1:c/P2:c/C:K/P1:raise4/P2:raise4,9,6,"[0.0, -5.0, -9.0, -5.0, -9.0, -5.0]",1,[63],"['c', 'f']",0.13333333333333333,"[149, 389, 629]",[38],"[1.0, 0.0]"
/J?/P1:raise2/P2:raise2/P1:c/C:K/P1:raise4/P2:raise4,10,7,"[0.0, -9.0, -13.0, -9.0, -13.0, -9.0]",1,[1],"['c', 'f']",0.13333333333333333,"[17, 197, 437]",[72],"[1.0, 0.0]"
/Q?/P1:c/P2:c/C:J/P1:c/P2:raise4,2,6,"[-9.0, 5.0, -5.0, -1.0, 0.0, 5.0, 0.0, -1.0, -9.0, 5.0, -5.0, -1.0]",1,[26],"['raise4', 'c', 'f']",0.13333333333333333,"[848, 1028, 1253]",[37],"[0.0, 0.04463567319577005, 0.95536432680423]"
/J?/P1:raise2/P2:raise2/P1:c/C:K/P1:c/P2:raise4,5,7,"[0.0, 9.0, 0.0, -5.0, -13.0, 9.0, -9.0, -5.0, -13.0, 9.0, -9.0, -5.0]",1,[1],"['raise4', 'c', 'f']",0.13333333333333333,"[26, 206, 446]",[66],"[0.0, 1.0, 0.0]"
/J?/P1:c/P2:raise2/P1:raise2/P2:c/C:K,17,6,"[0.0, -9.0, 0.0, 5.0, 0.0, 9.0, 0.0, -5.0, 0.0, -13.0, -9.0, -9.0, 5.0, -13.0, 9.0, -9.0, -5.0, -5.0, -13.0, -9.0, -9.0, 5.0, -13.0, 9.0, -9.0, -5.0, -5.0]",1,[141],"['raise4', 'c']",0.13333333333333333,"[95, 305, 545]",[49],"[0.0, 1.0]"
/J?/P1:c/P2:raise2/P1:raise2/P2:c/C:J,17,6,"[13.0, -9.0, 9.0, 5.0, 13.0, 9.0, 9.0, -5.0, 5.0, 13.0, -9.0, 9.0, 5.0, 13.0, 9.0, 9.0, -5.0, 5.0]",1,[141],"['raise4', 'c']",0.06666666666666668,"[275, 515]",[50],"[1.0, 0.0]"
/J?/P1:c/P2:raise2/P1:raise2/P2:c/C:Q,17,6,"[0.0, -9.0, 0.0, 5.0, 0.0, 9.0, 0.0, -5.0, 0.0, -13.0, -9.0, -9.0, 5.0, -13.0, 9.0, -9.0, -5.0, -5.0, -13.0, -9.0, -9.0, 5.0, -13.0, 9.0, -9.0, -5.0, -5.0]",1,[141],"['raise4', 'c']",0.13333333333333333,"[80, 290, 530]",[49],"[0.0, 1.0]"
/J?/P1:c/P2:c/C:Q/P1:raise4/P2:raise4,9,6,"[0.0, -5.0, -9.0, -5.0, -9.0, -5.0]",1,[131],"['c', 'f']",0.13333333333333333,"[134, 374, 614]",[38],"[1.0, 0.0]"
/J?/P1:raise2/P2:c/C:J/P1:raise4/P2:raise4,13,6,"[11.0, -7.0, 11.0, -7.0]",1,[128],"['c', 'f']",0.06666666666666668,"[215, 455]",[43],"[1.0, 0.0]"
/J?/P1:raise2/P2:raise2/P1:c/C:Q/P1:c/P2:raise4,5,7,"[0.0, 9.0, 0.0, -5.0, -13.0, 9.0, -9.0, -5.0, -13.0, 9.0, -9.0, -5.0]",1,[9],"['raise4', 'c', 'f']",0.13333333333333333,"[11, 191, 431]",[66],"[0.0, 1.0, 0.0]"
/K?/P1:c/P2:raise2/P1:raise2/P2:c/C:J,17,6,"[-13.0, -9.0, -9.0, 5.0, -13.0, 9.0, -9.0, -5.0, -5.0, 13.0, -9.0, 9.0, 5.0, 13.0, 9.0, 9.0, -5.0, 5.0, 0.0, -9.0, 0.0, 5.0, 0.0, 9.0, 0.0, -5.0, 0.0]",1,[72],"['raise4', 'c']",0.13333333333333333,"[1400, 1640, 1850]",[48],"[0.0, 1.0]"
/K?/P1:c/P2:raise2/P1:raise2/P2:c/C:K,17,6,"[13.0, -9.0, 9.0, 5.0, 13.0, 9.0, 9.0, -5.0, 5.0, 13.0, -9.0, 9.0, 5.0, 13.0, 9.0, 9.0, -5.0, 5.0]",1,[72],"['raise4', 'c']",0.06666666666666668,"[1430, 1670]",[50],"[1.0, 0.0]"
/J?/P1:c/P2:raise2/P1:c/C:Q,16,5,"[0.0, -7.0, 0.0, 3.0, 0.0, 7.0, 0.0, -3.0, 0.0, -11.0, -7.0, -7.0, 3.0, -11.0, 7.0, -7.0, -3.0, -3.0, -11.0, -7.0, -7.0, 3.0, -11.0, 7.0, -7.0, -3.0, -3.0]",1,[141],"['raise4', 'c']",0.13333333333333333,"[113, 338, 578]",[21],"[0.0, 1.0]"
/K?/P1:raise2/P2:c/C:K,14,4,"[11.0, -7.0, 7.0, 3.0, 11.0, 7.0, 7.0, -3.0, 3.0, 11.0, -7.0, 7.0, 3.0, 11.0, 7.0, 7.0, -3.0, 3.0]",1,[45],"['raise4', 'c']",0.06666666666666668,"[1382, 1622]",[15],"[1.0, 0.0]"
/Q?/P1:raise2/P2:raise2/P1:c/C:J/P1:raise4/P2:raise4,10,7,"[-13.0, -9.0, 0.0, -9.0, -13.0, -9.0]",1,[83],"['c', 'f']",0.13333333333333333,"[647, 887, 1052]",[73],"[1.0, 0.0]"
/Q?/P1:raise2/P2:c/C:J/P1:c/P2:raise4,11,6,"[-11.0, 7.0, -7.0, -3.0, 0.0, 7.0, 0.0, -3.0, -11.0, 7.0, -7.0, -3.0]",1,[52],"['raise4', 'c', 'f']",0.13333333333333333,"[704, 929, 1109]",[40],"[0.0, 1.0, 0.0]"
/Q?/P1:c/P2:raise2/P1:raise2/P2:c/C:Q/P1:c/P2:raise4,6,8,"[13.0, 9.0, 9.0, -5.0, 13.0, 9.0, 9.0, -5.0]",1,[100],"['raise4', 'c', 'f']",0.06666666666666668,"[767, 1172]",[92],"[0.0, 1.0, 0.0]"
/J?/P1:c/P2:raise2/P1:c/C:J,16,5,"[11.0, -7.0, 7.0, 3.0, 11.0, 7.0, 7.0, -3.0, 3.0, 11.0, -7.0, 7.0, 3.0, 11.0, 7.0, 7.0, -3.0, 3.0]",1,[141],"['raise4', 'c']",0.06666666666666668,"[323, 563]",[23],"[1.0, 0.0]"
/J?/P1:c/P2:raise2/P1:c/C:K,16,5,"[0.0, -7.0, 0.0, 3.0, 0.0, 7.0, 0.0, -3.0, 0.0, -11.0, -7.0, -7.0, 3.0, -11.0, 7.0, -7.0, -3.0, -3.0, -11.0, -7.0, -7.0, 3.0, -11.0, 7.0, -7.0, -3.0, -3.0]",1,[141],"['raise4', 'c']",0.13333333333333333,"[128, 353, 593]",[21],"[0.0, 1.0]"
/K?/P1:c/P2:raise2/P1:raise2/P2:c/C:Q,17,6,"[13.0, -9.0, 9.0, 5.0, 13.0, 9.0, 9.0, -5.0, 5.0, -13.0, -9.0, -9.0, 5.0, -13.0, 9.0, -9.0, -5.0, -5.0, 0.0, -9.0, 0.0, 5.0, 0.0, 9.0, 0.0, -5.0, 0.0]",1,[72],"['raise4', 'c']",0.13333333333333333,"[1415, 1655, 1865]",[49],"[0.0, 1.0]"
/K?/P1:c/P2:raise2/P1:c/C:K,16,5,"[11.0, -7.0, 7.0, 3.0, 11.0, 7.0, 7.0, -3.0, 3.0, 11.0, -7.0, 7.0, 3.0, 11.0, 7.0, 7.0, -3.0, 3.0]",1,[72],"['raise4', 'c']",0.06666666666666668,"[1478, 1718]",[23],"[1.0, 0.0]"
/K?/P1:c/P2:raise2/P1:c/C:J,16,5,"[-11.0, -7.0, -7.0, 3.0, -11.0, 7.0, -7.0, -3.0, -3.0, 11.0, -7.0, 7.0, 3.0, 11.0, 7.0, 7.0, -3.0, 3.0, 0.0, -7.0, 0.0, 3.0, 0.0, 7.0, 0.0, -3.0, 0.0]",1,[72],"['raise4', 'c']",0.13333333333333333,"[1448, 1688, 1883]",[22],"[0.0, 1.0]"
/J?/P1:raise2/P2:c/C:K/P1:c/P2:raise4,11,6,"[0.0, 7.0, 0.0, -3.0, -11.0, 7.0, -7.0, -3.0, -11.0, 7.0, -7.0, -3.0]",1,[129],"['raise4', 'c', 'f']",0.13333333333333333,"[59, 254, 494]",[41],"[0.0, 1.0, 0.0]"
/J?/P1:raise2/P2:c/C:Q,14,4,"[0.0, -7.0, 0.0, 3.0, 0.0, 7.0, 0.0, -3.0, 0.0, -11.0, -7.0, -7.0, 3.0, -11.0, 7.0, -7.0, -3.0, -3.0, -11.0, -7.0, -7.0, 3.0, -11.0, 7.0, -7.0, -3.0, -3.0]",1,[33],"['raise4', 'c']",0.13333333333333333,"[47, 242, 482]",[13],"[0.0, 1.0]"
/J?/P1:c/P2:c/C:J,1,4,"[9.0, -5.0, 5.0, 1.0, 9.0, 5.0, 5.0, -1.0, 1.0, 9.0, -5.0, 5.0, 1.0, 9.0, 5.0, 5.0, -1.0, 1.0]",1,[33],"['raise4', 'c']",0.06666666666666668,"[371, 611]",[12],"[1.0, 0.0]"
/Q?/P1:c/P2:raise2/P1:c/C:K/P1:raise4/P2:raise4,8,7,"[11.0, -7.0, 0.0, -7.0, -11.0, -7.0]",1,[94],"['c', 'f']",0.13333333333333333,"[821, 1001, 1226]",[69],"[1.0, 0.0]"
/Q?/P1:c/P2:raise2/P1:c/C:Q/P1:c/P2:raise4,3,7,"[11.0, 7.0, 7.0, -3.0, 11.0, 7.0, 7.0, -3.0]",1,[93],"['raise4', 'c', 'f']",0.06666666666666668,"[815, 1220]",[74],"[0.0, 1.0, 0.0]"
/J?/P1:raise2/P2:c/C:J,14,4,"[11.0, -7.0, 7.0, 3.0, 11.0, 7.0, 7.0, -3.0, 3.0, 11.0, -7.0, 7.0, 3.0, 11.0, 7.0, 7.0, -3.0, 3.0]",1,[33],"['raise4', 'c']",0.06666666666666668,"[227, 467]",[15],"[1.0, 0.0]"
/J?/P1:raise2/P2:c/C:K,14,4,"[0.0, -7.0, 0.0, 3.0, 0.0, 7.0, 0.0, -3.0, 0.0, -11.0, -7.0, -7.0, 3.0, -11.0, 7.0, -7.0, -3.0, -3.0, -11.0, -7.0, -7.0, 3.0, -11.0, 7.0, -7.0, -3.0, -3.0]",1,[33],"['raise4', 'c']",0.13333333333333333,"[62, 257, 497]",[13],"[0.0, 1.0]"
/J?/P1:c/P2:raise2/P1:c/C:J/P1:raise4/P2:raise4,8,7,"[11.0, -7.0, 11.0, -7.0]",1,[118],"['c', 'f']",0.06666666666666668,"[311, 551]",[68],"[1.0, 0.0]"
/J?/P1:c/P2:c/C:Q,1,4,"[0.0, -5.0, 0.0, 1.0, 0.0, 5.0, 0.0, -1.0, 0.0, -9.0, -5.0, -5.0, 1.0, -9.0, 5.0, -5.0, -1.0, -1.0, -9.0, -5.0, -5.0, 1.0, -9.0, 5.0, -5.0, -1.0, -1.0]",1,[33],"['raise4', 'c']",0.13333333333333333,"[146, 386, 626]",[10],"[0.0, 1.0]"
/K?/P1:c/P2:raise2/P1:c/C:J/P1:c/P2:raise4,3,7,"[-11.0, 7.0, -7.0, -3.0, 11.0, 7.0, 7.0, -3.0, 0.0, 7.0, 0.0, -3.0]",1,[122],"['raise4', 'c', 'f']",0.13333333333333333,"[1445, 1685, 1880]",[63],"[0.0, 1.0, 0.0]"
/Q?/P1:raise2/P2:c/C:J/P1:raise4/P2:raise4,13,6,"[-11.0, -7.0, 0.0, -7.0, -11.0, -7.0]",1,[52],"['c', 'f']",0.13333333333333333,"[695, 920, 1100]",[47],"[1.0, 0.0]"
/Q?/P1:c/P2:raise2/P1:raise2/P2:c/C:J/P1:raise4/P2:raise4,4,8,"[-13.0, -9.0, 0.0, -9.0, -13.0, -9.0]",1,[98],"['c', 'f']",0.13333333333333333,"[743, 953, 1148]",[88],"[1.0, 0.0]"
/Q?/P1:raise2/P2:c/C:Q/P1:raise4/P2:raise4,13,6,"[11.0, -7.0, 11.0, -7.0]",1,[57],"['c', 'f']",0.06666666666666668,"[710, 1115]",[43],"[1.0, 0.0]"
/K?/P1:c/P2:raise2/P1:raise2/P2:c/C:Q/P1:raise4/P2:raise4,4,8,"[13.0, -9.0, -13.0, -9.0, 0.0, -9.0]",1,[120],"['c', 'f']",0.13333333333333333,"[1403, 1643, 1853]",[87],"[1.0, 0.0]"
/Q?/P1:c/P2:c/C:J/P1:raise4/P2:raise4,9,6,"[-9.0, -5.0, 0.0, -5.0, -9.0, -5.0]",1,[26],"['c', 'f']",0.13333333333333333,"[839, 1019, 1244]",[39],"[1.0, 0.0]"
/Q?,12,1,"[-13.0, -9.0, -9.0, 5.0, -13.0, 9.0, -9.0, -5.0, -5.0, 13.0, -9.0, 9.0, 5.0, 13.0, 9.0, 9.0, -5.0, 5.0, 13.0, -9.0, 9.0, 5.0, 13.0, 9.0, 9.0, -5.0, 5.0, -3.0, -11.0, -7.0, -7.0, 3.0, -11.0, 7.0, -7.0, -3.0, -3.0, 11.0, -7.0, 7.0, 3.0, 11.0, 7.0, 7.0, -3.0, 3.0, 11.0, -7.0, 7.0, 3.0, 11.0, 7.0, 7.0, -3.0, 3.0, 1.0, -13.0, -9.0, -9.0, 5.0, -13.0, 9.0, -9.0, -5.0, -5.0, 13.0, -9.0, 9.0, 5.0, 13.0, 9.0, 9.0, -5.0, 5.0, 13.0, -9.0, 9.0, 5.0, 13.0, 9.0, 9.0, -5.0, 5.0, 3.0, -11.0, -7.0, -7.0, 3.0, -11.0, 7.0, -7.0, -3.0, -3.0, 11.0, -7.0, 7.0, 3.0, 11.0, 7.0, 7.0, -3.0, 3.0, 11.0, -7.0, 7.0, 3.0, 11.0, 7.0, 7.0, -3.0, 3.0, -1.0, -9.0, -5.0, -5.0, 1.0, -9.0, 5.0, -5.0, -1.0, -1.0, 9.0, -5.0, 5.0, 1.0, 9.0, 5.0, 5.0, -1.0, 1.0, 9.0, -5.0, 5.0, 1.0, 9.0, 5.0, 5.0, -1.0, 1.0, 0.0, -9.0, 0.0, 5.0, 0.0, 9.0, 0.0, -5.0, 0.0, 0.0, -9.0, 0.0, 5.0, 0.0, 9.0, 0.0, -5.0, 0.0, -3.0, 0.0, -7.0, 0.0, 3.0, 0.0, 7.0, 0.0, -3.0, 0.0, 0.0, -7.0, 0.0, 3.0, 0.0, 7.0, 0.0, -3.0, 0.0, 1.0, 0.0, -9.0, 0.0, 5.0, 0.0, 9.0, 0.0, -5.0, 0.0, 0.0, -9.0, 0.0, 5.0, 0.0, 9.0, 0.0, -5.0, 0.0, 3.0, 0.0, -7.0, 0.0, 3.0, 0.0, 7.0, 0.0, -3.0, 0.0, 0.0, -7.0, 0.0, 3.0, 0.0, 7.0, 0.0, -3.0, 0.0, -1.0, 0.0, -5.0, 0.0, 1.0, 0.0, 5.0, 0.0, -1.0, 0.0, 0.0, -5.0, 0.0, 1.0, 0.0, 5.0, 0.0, -1.0, 0.0, -13.0, -9.0, -9.0, 5.0, -13.0, 9.0, -9.0, -5.0, -5.0, 13.0, -9.0, 9.0, 5.0, 13.0, 9.0, 9.0, -5.0, 5.0, -13.0, -9.0, -9.0, 5.0, -13.0, 9.0, -9.0, -5.0, -5.0, -3.0, -11.0, -7.0, -7.0, 3.0, -11.0, 7.0, -7.0, -3.0, -3.0, 11.0, -7.0, 7.0, 3.0, 11.0, 7.0, 7.0, -3.0, 3.0, -11.0, -7.0, -7.0, 3.0, -11.0, 7.0, -7.0, -3.0, -3.0, 1.0, -13.0, -9.0, -9.0, 5.0, -13.0, 9.0, -9.0, -5.0, -5.0, 13.0, -9.0, 9.0, 5.0, 13.0, 9.0, 9.0, -5.0, 5.0, -13.0, -9.0, -9.0, 5.0, -13.0, 9.0, -9.0, -5.0, -5.0, 3.0, -11.0, -7.0, -7.0, 3.0, -11.0, 7.0, -7.0, -3.0, -3.0, 11.0, -7.0, 7.0, 3.0, 11.0, 7.0, 7.0, -3.0, 3.0, -11.0, -7.0, -7.0, 3.0, -11.0, 7.0, -7.0, -3.0, -3.0, -1.0, -9.0, -5.0, -5.0, 1.0, -9.0, 5.0, -5.0, -1.0, -1.0, 9.0, -5.0, 5.0, 1.0, 9.0, 5.0, 5.0, -1.0, 1.0, -9.0, -5.0, -5.0, 1.0, -9.0, 5.0, -5.0, -1.0, -1.0]",1,[],"['raise2', 'c']",0.33333333333333337,"[884, 1049, 1289]",[0],"[0.5, 0.5]"
/J?/P1:c/P2:raise2/P1:c/C:J/P1:c/P2:raise4,3,7,"[11.0, 7.0, 7.0, -3.0, 11.0, 7.0, 7.0, -3.0]",1,[118],"['raise4', 'c', 'f']",0.06666666666666668,"[320, 560]",[74],"[0.0, 1.0, 0.0]"
/K?/P1:raise2/P2:raise2/P1:c/C:J/P1:c/P2:raise4,5,7,"[-13.0, 9.0, -9.0, -5.0, 13.0, 9.0, 9.0, -5.0, 0.0, 9.0, 0.0, -5.0]",1,[22],"['raise4', 'c', 'f']",0.13333333333333333,"[1301, 1541, 1781]",[67],"[0.0, 1.0, 0.0]"
/J?/P1:c/P2:raise2,15,3,"[0.0, -9.0, 0.0, 5.0, 0.0, 9.0, 0.0, -5.0, 0.0, 0.0, -9.0, 0.0, 5.0, 0.0, 9.0, 0.0, -5.0, 0.0, 3.0, 0.0, -7.0, 0.0, 3.0, 0.0, 7.0, 0.0, -3.0, 0.0, 0.0, -7.0, 0.0, 3.0, 0.0, 7.0, 0.0, -3.0, 0.0, -1.0, 13.0, -9.0, 9.0, 5.0, 13.0, 9.0, 9.0, -5.0, 5.0, -13.0, -9.0, -9.0, 5.0, -13.0, 9.0, -9.0, -5.0, -5.0, -13.0, -9.0, -9.0, 5.0, -13.0, 9.0, -9.0, -5.0, -5.0, 3.0, 11.0, -7.0, 7.0, 3.0, 11.0, 7.0, 7.0, -3.0, 3.0, -11.0, -7.0, -7.0, 3.0, -11.0, 7.0, -7.0, -3.0, -3.0, -11.0, -7.0, -7.0, 3.0, -11.0, 7.0, -7.0, -3.0, -3.0, -1.0, 13.0, -9.0, 9.0, 5.0, 13.0, 9.0, 9.0, -5.0, 5.0, -13.0, -9.0, -9.0, 5.0, -13.0, 9.0, -9.0, -5.0, -5.0, -13.0, -9.0, -9.0, 5.0, -13.0, 9.0, -9.0, -5.0, -5.0, 3.0, 11.0, -7.0, 7.0, 3.0, 11.0, 7.0, 7.0, -3.0, 3.0, -11.0, -7.0, -7.0, 3.0, -11.0, 7.0, -7.0, -3.0, -3.0, -11.0, -7.0, -7.0, 3.0, -11.0, 7.0, -7.0, -3.0, -3.0, -1.0]",1,[33],"['raise2', 'c', 'f']",0.33333333333333337,"[131, 356, 596]",[9],"[0.0, 1.0, 0.0]"
/K?/P1:c/P2:raise2/P1:c/C:J/P1:raise4/P2:raise4,8,7,"[-11.0, -7.0, 11.0, -7.0, 0.0, -7.0]",1,[122],"['c', 'f']",0.13333333333333333,"[1436, 1676, 1871]",[70],"[1.0, 0.0]"
/K?/P1:raise2/P2:c/C:Q/P1:raise4/P2:raise4,13,6,"[11.0, -7.0, -11.0, -7.0, 0.0, -7.0]",1,[39],"['c', 'f']",0.13333333333333333,"[1355, 1595, 1820]",[46],"[1.0, 0.0]"
/?Q/P1:c/P2:raise2/P1:c/C:Q/P1:c/P2:raise4/P1:raise4,18,8,"[-11.0, 7.0, -11.0, 7.0]",2,[276],"['c', 'f']",0.06666666666666668,"[332, 1697]",[93],"[1.0, 0.0]"
/?J/P1:raise2/P2:c/C:K/P1:c/P2:raise4/P1:raise4,19,7,"[0.0, 7.0, 11.0, 7.0, 11.0, 7.0]",2,[182],"['c', 'f']",0.13333333333333333,"[56, 731, 1376]",[75],"[1.0, 0.0]"
/?J/P1:c/P2:raise2/P1:c/C:Q/P1:raise4,20,6,"[0.0, -7.0, 0.0, 3.0, 11.0, -7.0, 7.0, 3.0, 11.0, -7.0, 7.0, 3.0]",2,[187],"['raise4', 'c', 'f']",0.13333333333333333,"[104, 809, 1454]",[51],"[0.0, 1.0, 0.0]"
/?J/P1:raise2/P2:c/C:Q/P1:c/P2:raise4/P1:raise4,19,7,"[0.0, 7.0, 11.0, 7.0, 11.0, 7.0]",2,[283],"['c', 'f']",0.13333333333333333,"[41, 716, 1361]",[75],"[1.0, 0.0]"
/?Q/P1:raise2/P2:raise2/P1:c/C:Q/P1:raise4,21,6,"[-13.0, -9.0, -9.0, 5.0, -13.0, -9.0, -9.0, 5.0]",2,[249],"['raise4', 'c', 'f']",0.06666666666666668,"[185, 1550]",[53],"[0.0, 1.0, 0.0]"
/?J/P1:c/P2:raise2/P1:c/C:J/P1:c,22,6,"[-11.0, 7.0, -7.0, -3.0, -3.0, -11.0, 7.0, -7.0, -3.0, -3.0]",2,[187],"['raise4', 'c']",0.06666666666666668,"[802, 1447]",[54],"[1.0, 0.0]"
/?Q/P1:raise2/P2:raise2/P1:c/C:K/P1:c/P2:raise4/P1:raise4,23,8,"[-13.0, 9.0, 0.0, 9.0, 13.0, 9.0]",2,[272],"['c', 'f']",0.13333333333333333,"[203, 908, 1568]",[95],"[1.0, 0.0]"
/?Q/P1:c/P2:raise2/P1:raise2/P2:c/C:K/P1:c/P2:raise4/P1:raise4,24,9,"[-13.0, 9.0, 0.0, 9.0, 13.0, 9.0]",2,[238],"['c', 'f']",0.13333333333333333,"[299, 974, 1664]",[99],"[1.0, 0.0]"
/?J/P1:c/P2:raise2/P1:raise2/P2:c/C:J/P1:c/P2:raise4/P1:raise4,24,9,"[-13.0, 9.0, -13.0, 9.0]",2,[191],"['c', 'f']",0.06666666666666668,"[749, 1394]",[101],"[1.0, 0.0]"
/?Q/P1:raise2/P2:raise2/P1:c/C:J/P1:c/P2:raise4/P1:raise4,23,8,"[13.0, 9.0, 0.0, 9.0, 13.0, 9.0]",2,[271],"['c', 'f']",0.13333333333333333,"[173, 893, 1538]",[94],"[1.0, 0.0]"
/?Q/P1:c/P2:raise2/P1:raise2/P2:c/C:J/P1:raise4,25,7,"[13.0, -9.0, 9.0, 5.0, 0.0, -9.0, 0.0, 5.0, 13.0, -9.0, 9.0, 5.0]",2,[235],"['raise4', 'c', 'f']",0.13333333333333333,"[266, 956, 1631]",[77],"[0.0, 1.0, 0.0]"
/?K/P1:c/P2:raise2/P1:c/C:K/P1:c,22,6,"[-11.0, 7.0, -7.0, -3.0, -3.0, -11.0, 7.0, -7.0, -3.0, -3.0]",2,[277],"['raise4', 'c']",0.06666666666666668,"[592, 1237]",[54],"[1.0, 0.0]"
/?K/P1:c/P2:raise2/P1:raise2/P2:c/C:Q/P1:c/P2:raise4/P1:raise4,24,9,"[-13.0, 9.0, 13.0, 9.0, 0.0, 9.0]",2,[221],"['c', 'f']",0.13333333333333333,"[524, 1169, 1859]",[99],"[1.0, 0.0]"
/?J/P1:raise2/P2:c/C:J/P1:c,26,5,"[-11.0, 7.0, -7.0, -3.0, -3.0, -11.0, 7.0, -7.0, -3.0, -3.0]",2,[162],"['raise4', 'c']",0.06666666666666668,"[706, 1351]",[24],"[1.0, 0.0]"
/?K/P1:raise2/P2:c/C:K/P1:c/P2:raise4/P1:raise4,19,7,"[-11.0, 7.0, -11.0, 7.0]",2,[220],"['c', 'f']",0.06666666666666668,"[491, 1136]",[79],"[1.0, 0.0]"
/?J/P1:c/P2:raise2/P1:raise2/P2:c/C:K/P1:raise4,25,7,"[0.0, -9.0, 0.0, 5.0, 13.0, -9.0, 9.0, 5.0, 13.0, -9.0, 9.0, 5.0]",2,[161],"['raise4', 'c', 'f']",0.13333333333333333,"[86, 776, 1421]",[78],"[0.0, 1.0, 0.0]"
/?J/P1:c/P2:raise2/P1:raise2/P2:c/C:Q/P1:raise4,25,7,"[0.0, -9.0, 0.0, 5.0, 13.0, -9.0, 9.0, 5.0, 13.0, -9.0, 9.0, 5.0]",2,[161],"['raise4', 'c', 'f']",0.13333333333333333,"[71, 761, 1406]",[78],"[0.0, 1.0, 0.0]"
/?J/P1:c/P2:raise2/P1:raise2,27,4,"[0.0, -9.0, 0.0, 5.0, 0.0, 9.0, 0.0, -5.0, 0.0, 0.0, -9.0, 0.0, 5.0, 0.0, 9.0, 0.0, -5.0, 0.0, 3.0, -13.0, -9.0, -9.0, 5.0, -13.0, 9.0, -9.0, -5.0, -5.0, 13.0, -9.0, 9.0, 5.0, 13.0, 9.0, 9.0, -5.0, 5.0, 13.0, -9.0, 9.0, 5.0, 13.0, 9.0, 9.0, -5.0, 5.0, 3.0, -13.0, -9.0, -9.0, 5.0, -13.0, 9.0, -9.0, -5.0, -5.0, 13.0, -9.0, 9.0, 5.0, 13.0, 9.0, 9.0, -5.0, 5.0, 13.0, -9.0, 9.0, 5.0, 13.0, 9.0, 9.0, -5.0, 5.0, 3.0]",2,[187],"['c', 'f']",0.33333333333333337,"[98, 788, 1433]",[17],"[1.0, 0.0]"
/?J/P1:raise2,28,2,"[0.0, -9.0, 0.0, 5.0, 0.0, 9.0, 0.0, -5.0, 0.0, 0.0, -9.0, 0.0, 5.0, 0.0, 9.0, 0.0, -5.0, 0.0, -3.0, 0.0, -7.0, 0.0, 3.0, 0.0, 7.0, 0.0, -3.0, 0.0, 0.0, -7.0, 0.0, 3.0, 0.0, 7.0, 0.0, -3.0, 0.0, 1.0, -13.0, -9.0, -9.0, 5.0, -13.0, 9.0, -9.0, -5.0, -5.0, 13.0, -9.0, 9.0, 5.0, 13.0, 9.0, 9.0, -5.0, 5.0, 13.0, -9.0, 9.0, 5.0, 13.0, 9.0, 9.0, -5.0, 5.0, -3.0, -11.0, -7.0, -7.0, 3.0, -11.0, 7.0, -7.0, -3.0, -3.0, 11.0, -7.0, 7.0, 3.0, 11.0, 7.0, 7.0, -3.0, 3.0, 11.0, -7.0, 7.0, 3.0, 11.0, 7.0, 7.0, -3.0, 3.0, 1.0, -13.0, -9.0, -9.0, 5.0, -13.0, 9.0, -9.0, -5.0, -5.0, 13.0, -9.0, 9.0, 5.0, 13.0, 9.0, 9.0, -5.0, 5.0, 13.0, -9.0, 9.0, 5.0, 13.0, 9.0, 9.0, -5.0, 5.0, -3.0, -11.0, -7.0, -7.0, 3.0, -11.0, 7.0, -7.0, -3.0, -3.0, 11.0, -7.0, 7.0, 3.0, 11.0, 7.0, 7.0, -3.0, 3.0, 11.0, -7.0, 7.0, 3.0, 11.0, 7.0, 7.0, -3.0, 3.0, 1.0]",2,[],"['raise2', 'c', 'f']",0.33333333333333337,"[65, 740, 1385]",[3],"[0.5771353260515535, 0.42286467394844657, 0.0]"
/?J/P1:c/P2:raise2/P1:c/C:Q/P1:c,22,6,"[0.0, 7.0, 0.0, -3.0, 0.0, 11.0, 7.0, 7.0, -3.0, 3.0, 11.0, 7.0, 7.0, -3.0, 3.0]",2,[187],"['raise4', 'c']",0.13333333333333333,"[112, 817, 1462]",[56],"[0.0, 1.0]"
/?J/P1:c/P2:raise2/P1:raise2/P2:c/C:J/P1:raise4,25,7,"[-13.0, -9.0, -9.0, 5.0, -13.0, -9.0, -9.0, 5.0]",2,[161],"['raise4', 'c', 'f']",0.06666666666666668,"[746, 1391]",[80],"[0.0, 1.0, 0.0]"
/?Q/P1:c/P2:c/C:J/P1:c,29,5,"[9.0, 5.0, 5.0, -1.0, 1.0, 0.0, 5.0, 0.0, -1.0, 0.0, 9.0, 5.0, 5.0, -1.0, 1.0]",2,[234],"['raise4', 'c']",0.13333333333333333,"[370, 1030, 1735]",[25],"[0.0, 1.0]"
/?K/P1:c/P2:raise2/P1:c/C:Q/P1:raise4,20,6,"[-11.0, -7.0, -7.0, 3.0, 11.0, -7.0, 7.0, 3.0, 0.0, -7.0, 0.0, 3.0]",2,[277],"['raise4', 'c', 'f']",0.13333333333333333,"[569, 1214, 1889]",[51],"[0.0, 1.0, 0.0]"
/?Q/P1:raise2/P2:raise2/P1:c/C:Q/P1:c/P2:raise4/P1:raise4,23,8,"[-13.0, 9.0, -13.0, 9.0]",2,[173],"['c', 'f']",0.06666666666666668,"[188, 1553]",[96],"[1.0, 0.0]"
/?K/P1:raise2/P2:raise2/P1:c/C:Q/P1:raise4,21,6,"[-13.0, -9.0, -9.0, 5.0, 13.0, -9.0, 9.0, 5.0, 0.0, -9.0, 0.0, 5.0]",2,[193],"['raise4', 'c', 'f']",0.13333333333333333,"[425, 1070, 1790]",[57],"[0.0, 1.0, 0.0]"
/?K/P1:c/P2:raise2/P1:raise2,27,4,"[13.0, -9.0, 9.0, 5.0, 13.0, 9.0, 9.0, -5.0, 5.0, -13.0, -9.0, -9.0, 5.0, -13.0, 9.0, -9.0, -5.0, -5.0, -13.0, -9.0, -9.0, 5.0, -13.0, 9.0, -9.0, -5.0, -5.0, 3.0, -13.0, -9.0, -9.0, 5.0, -13.0, 9.0, -9.0, -5.0, -5.0, 13.0, -9.0, 9.0, 5.0, 13.0, 9.0, 9.0, -5.0, 5.0, -13.0, -9.0, -9.0, 5.0, -13.0, 9.0, -9.0, -5.0, -5.0, 3.0, 0.0, -9.0, 0.0, 5.0, 0.0, 9.0, 0.0, -5.0, 0.0, 0.0, -9.0, 0.0, 5.0, 0.0, 9.0, 0.0, -5.0, 0.0, 3.0]",2,[277],"['c', 'f']",0.3333333333333333,"[548, 1193, 1868]",[16],"[1.0, 0.0]"
/?K/P1:raise2/P2:c/C:K/P1:raise4,30,5,"[-11.0, -7.0, -7.0, 3.0, -11.0, -7.0, -7.0, 3.0]",2,[193],"['raise4', 'c', 'f']",0.06666666666666668,"[488, 1133]",[27],"[0.0, 1.0, 0.0]"
/?K/P1:c/P2:c/C:K/P1:c/P2:raise4/P1:raise4,31,7,"[-9.0, 5.0, -9.0, 5.0]",2,[185],"['c', 'f']",0.06666666666666668,"[635, 1280]",[81],"[1.0, 0.0]"
/?K/P1:raise2/P2:raise2/P1:c/C:Q/P1:c,32,6,"[-13.0, 9.0, -9.0, -5.0, -5.0, 13.0, 9.0, 9.0, -5.0, 5.0, 0.0, 9.0, 0.0, -5.0, 0.0]",2,[193],"['raise4', 'c']",0.13333333333333333,"[433, 1078, 1798]",[59],"[0.0, 1.0]"
/?Q/P1:raise2/P2:raise2/P1:c/C:Q/P1:c,32,6,"[-13.0, 9.0, -9.0, -5.0, -5.0, -13.0, 9.0, -9.0, -5.0, -5.0]",2,[249],"['raise4', 'c']",0.06666666666666668,"[193, 1558]",[61],"[0.0, 1.0]"
/?J/P1:raise2/P2:c/C:J/P1:raise4,30,5,"[-11.0, -7.0, -7.0, 3.0, -11.0, -7.0, -7.0, 3.0]",2,[162],"['raise4', 'c', 'f']",0.06666666666666668,"[698, 1343]",[27],"[0.0, 1.0, 0.0]"
/?J/P1:raise2/P2:raise2/P1:c/C:J/P1:raise4,21,6,"[-13.0, -9.0, -9.0, 5.0, -13.0, -9.0, -9.0, 5.0]",2,[162],"['raise4', 'c', 'f']",0.06666666666666668,"[650, 1295]",[53],"[0.0, 1.0, 0.0]"
/?J/P1:c/P2:raise2/P1:c/C:K/P1:raise4,20,6,"[0.0, -7.0, 0.0, 3.0, 11.0, -7.0, 7.0, 3.0, 11.0, -7.0, 7.0, 3.0]",2,[187],"['raise4', 'c', 'f']",0.13333333333333333,"[119, 824, 1469]",[51],"[0.0, 1.0, 0.0]"
/?Q/P1:c/P2:raise2/P1:c/C:K/P1:raise4,20,6,"[-11.0, -7.0, -7.0, 3.0, 0.0, -7.0, 0.0, 3.0, 11.0, -7.0, 7.0, 3.0]",2,[234],"['raise4', 'c', 'f']",0.13333333333333333,"[344, 1004, 1709]",[51],"[0.0, 1.0, 0.0]"
/?K/P1:c/P2:raise2/P1:c/C:Q/P1:c,22,6,"[-11.0, 7.0, -7.0, -3.0, -3.0, 11.0, 7.0, 7.0, -3.0, 3.0, 0.0, 7.0, 0.0, -3.0, 0.0]",2,[277],"['raise4', 'c']",0.13333333333333333,"[577, 1222, 1897]",[56],"[0.0, 1.0]"
/?K/P1:c/P2:raise2/P1:raise2/P2:c/C:Q/P1:raise4,25,7,"[-13.0, -9.0, -9.0, 5.0, 13.0, -9.0, 9.0, 5.0, 0.0, -9.0, 0.0, 5.0]",2,[169],"['raise4', 'c', 'f']",0.13333333333333333,"[521, 1166, 1856]",[78],"[0.0, 1.0, 0.0]"
/?Q/P1:c/P2:raise2/P1:c/C:J/P1:raise4,20,6,"[11.0, -7.0, 7.0, 3.0, 0.0, -7.0, 0.0, 3.0, 11.0, -7.0, 7.0, 3.0]",2,[234],"['raise4', 'c', 'f']",0.13333333333333333,"[314, 989, 1679]",[52],"[0.0, 1.0, 0.0]"
/?Q/P1:c/P2:c/C:J/P1:c/P2:raise4/P1:raise4,31,7,"[9.0, 5.0, 0.0, 5.0, 9.0, 5.0]",2,[165],"['c', 'f']",0.13333333333333333,"[365, 1025, 1730]",[82],"[1.0, 0.0]"
/?J/P1:raise2/P2:c/C:K/P1:c,26,5,"[0.0, 7.0, 0.0, -3.0, 0.0, 11.0, 7.0, 7.0, -3.0, 3.0, 11.0, 7.0, 7.0, -3.0, 3.0]",2,[162],"['raise4', 'c']",0.13333333333333333,"[61, 736, 1381]",[29],"[0.0, 1.0]"
/?Q/P1:raise2/P2:raise2/P1:c/C:K/P1:raise4,21,6,"[-13.0, -9.0, -9.0, 5.0, 0.0, -9.0, 0.0, 5.0, 13.0, -9.0, 9.0, 5.0]",2,[249],"['raise4', 'c', 'f']",0.13333333333333333,"[200, 905, 1565]",[57],"[0.0, 1.0, 0.0]"
/?K/P1:raise2/P2:raise2/P1:c/C:K/P1:c,32,6,"[-13.0, 9.0, -9.0, -5.0, -5.0, -13.0, 9.0, -9.0, -5.0, -5.0]",2,[193],"['raise4', 'c']",0.06666666666666668,"[448, 1093]",[61],"[0.0, 1.0]"
/?K/P1:c/P2:c/C:K/P1:c,29,5,"[-9.0, 5.0, -5.0, -1.0, -1.0, -9.0, 5.0, -5.0, -1.0, -1.0]",2,[277],"['raise4', 'c']",0.06666666666666668,"[640, 1285]",[30],"[1.0, 0.0]"
/?Q/P1:c/P2:raise2/P1:c/C:K/P1:c,22,6,"[-11.0, 7.0, -7.0, -3.0, -3.0, 0.0, 7.0, 0.0, -3.0, 0.0, 11.0, 7.0, 7.0, -3.0, 3.0]",2,[234],"['raise4', 'c']",0.13333333333333333,"[352, 1012, 1717]",[56],"[0.0, 1.0]"
/?J/P1:c,33,2,"[0.0, -9.0, 0.0, 5.0, 0.0, 9.0, 0.0, -5.0, 0.0, 0.0, -9.0, 0.0, 5.0, 0.0, 9.0, 0.0, -5.0, 0.0, 3.0, 0.0, -7.0, 0.0, 3.0, 0.0, 7.0, 0.0, -3.0, 0.0, 0.0, -7.0, 0.0, 3.0, 0.0, 7.0, 0.0, -3.0, 0.0, -1.0, 0.0, -5.0, 0.0, 1.0, 0.0, 5.0, 0.0, -1.0, 0.0, 0.0, -5.0, 0.0, 1.0, 0.0, 5.0, 0.0, -1.0, 0.0, -13.0, -9.0, -9.0, 5.0, -13.0, 9.0, -9.0, -5.0, -5.0, 13.0, -9.0, 9.0, 5.0, 13.0, 9.0, 9.0, -5.0, 5.0, 13.0, -9.0, 9.0, 5.0, 13.0, 9.0, 9.0, -5.0, 5.0, 3.0, -11.0, -7.0, -7.0, 3.0, -11.0, 7.0, -7.0, -3.0, -3.0, 11.0, -7.0, 7.0, 3.0, 11.0, 7.0, 7.0, -3.0, 3.0, 11.0, -7.0, 7.0, 3.0, 11.0, 7.0, 7.0, -3.0, 3.0, -1.0, -9.0, -5.0, -5.0, 1.0, -9.0, 5.0, -5.0, -1.0, -1.0, 9.0, -5.0, 5.0, 1.0, 9.0, 5.0, 5.0, -1.0, 1.0, 9.0, -5.0, 5.0, 1.0, 9.0, 5.0, 5.0, -1.0, 1.0, -13.0, -9.0, -9.0, 5.0, -13.0, 9.0, -9.0, -5.0, -5.0, 13.0, -9.0, 9.0, 5.0, 13.0, 9.0, 9.0, -5.0, 5.0, 13.0, -9.0, 9.0, 5.0, 13.0, 9.0, 9.0, -5.0, 5.0, 3.0, -11.0, -7.0, -7.0, 3.0, -11.0, 7.0, -7.0, -3.0, -3.0, 11.0, -7.0, 7.0, 3.0, 11.0, 7.0, 7.0, -3.0, 3.0, 11.0, -7.0, 7.0, 3.0, 11.0, 7.0, 7.0, -3.0, 3.0, -1.0, -9.0, -5.0, -5.0, 1.0, -9.0, 5.0, -5.0, -1.0, -1.0, 9.0, -5.0, 5.0, 1.0, 9.0, 5.0, 5.0, -1.0, 1.0, 9.0, -5.0, 5.0, 1.0, 9.0, 5.0, 5.0, -1.0, 1.0]",2,[],"['raise2', 'c']",0.33333333333333337,"[163, 883, 1528]",[5],"[0.6823410711092068, 0.3176589288907931]"
/?J/P1:c/P2:c/C:J/P1:c/P2:raise4/P1:raise4,31,7,"[-9.0, 5.0, -9.0, 5.0]",2,[228],"['c', 'f']",0.06666666666666668,"[845, 1490]",[81],"[1.0, 0.0]"
/?J/P1:c/P2:raise2/P1:c/C:K/P1:c,22,6,"[0.0, 7.0, 0.0, -3.0, 0.0, 11.0, 7.0, 7.0, -3.0, 3.0, 11.0, 7.0, 7.0, -3.0, 3.0]",2,[187],"['raise4', 'c']",0.13333333333333333,"[127, 832, 1477]",[56],"[0.0, 1.0]"
/?K/P1:c/P2:c/C:Q/P1:raise4,34,5,"[-9.0, -5.0, -5.0, 1.0, 9.0, -5.0, 5.0, 1.0, 0.0, -5.0, 0.0, 1.0]",2,[277],"['raise4', 'c', 'f']",0.13333333333333333,"[617, 1262, 1922]",[31],"[0.0, 0.2901567260962303, 0.7098432739037697]"
/?J/P1:c/P2:raise2/P1:raise2/P2:c/C:J/P1:c,35,7,"[-13.0, 9.0, -9.0, -5.0, -5.0, -13.0, 9.0, -9.0, -5.0, -5.0]",2,[161],"['raise4', 'c']",0.06666666666666668,"[754, 1399]",[84],"[0.8320170721554913, 0.16798292784450874]"
/?K/P1:c/P2:raise2/P1:c/C:J/P1:raise4,20,6,"[11.0, -7.0, 7.0, 3.0, -11.0, -7.0, -7.0, 3.0, 0.0, -7.0, 0.0, 3.0]",2,[277],"['raise4', 'c', 'f']",0.13333333333333333,"[554, 1199, 1874]",[52],"[0.0, 1.0, 0.0]"
/?K/P1:raise2,28,2,"[13.0, -9.0, 9.0, 5.0, 13.0, 9.0, 9.0, -5.0, 5.0, -13.0, -9.0, -9.0, 5.0, -13.0, 9.0, -9.0, -5.0, -5.0, -13.0, -9.0, -9.0, 5.0, -13.0, 9.0, -9.0, -5.0, -5.0, -3.0, 11.0, -7.0, 7.0, 3.0, 11.0, 7.0, 7.0, -3.0, 3.0, -11.0, -7.0, -7.0, 3.0, -11.0, 7.0, -7.0, -3.0, -3.0, -11.0, -7.0, -7.0, 3.0, -11.0, 7.0, -7.0, -3.0, -3.0, 1.0, -13.0, -9.0, -9.0, 5.0, -13.0, 9.0, -9.0, -5.0, -5.0, 13.0, -9.0, 9.0, 5.0, 13.0, 9.0, 9.0, -5.0, 5.0, -13.0, -9.0, -9.0, 5.0, -13.0, 9.0, -9.0, -5.0, -5.0, -3.0, -11.0, -7.0, -7.0, 3.0, -11.0, 7.0, -7.0, -3.0, -3.0, 11.0, -7.0, 7.0, 3.0, 11.0, 7.0, 7.0, -3.0, 3.0, -11.0, -7.0, -7.0, 3.0, -11.0, 7.0, -7.0, -3.0, -3.0, 1.0, 0.0, -9.0, 0.0, 5.0, 0.0, 9.0, 0.0, -5.0, 0.0, 0.0, -9.0, 0.0, 5.0, 0.0, 9.0, 0.0, -5.0, 0.0, -3.0, 0.0, -7.0, 0.0, 3.0, 0.0, 7.0, 0.0, -3.0, 0.0, 0.0, -7.0, 0.0, 3.0, 0.0, 7.0, 0.0, -3.0, 0.0, 1.0]",2,[],"['raise2', 'c', 'f']",0.3333333333333333,"[500, 1145, 1835]",[2],"[0.5771353260515534, 0.4228646739484467, 0.0]"
/?K/P1:c/P2:raise2/P1:c/C:K/P1:raise4,20,6,"[-11.0, -7.0, -7.0, 3.0, -11.0, -7.0, -7.0, 3.0]",2,[277],"['raise4', 'c', 'f']",0.06666666666666668,"[584, 1229]",[62],"[0.0, 1.0, 0.0]"
/?Q/P1:raise2/P2:raise2/P1:c/C:J/P1:raise4,21,6,"[13.0, -9.0, 9.0, 5.0, 0.0, -9.0, 0.0, 5.0, 13.0, -9.0, 9.0, 5.0]",2,[249],"['raise4', 'c', 'f']",0.13333333333333333,"[170, 890, 1535]",[58],"[0.0, 1.0, 0.0]"
/?J/P1:raise2/P2:raise2/P1:c/C:Q/P1:c,32,6,"[0.0, 9.0, 0.0, -5.0, 0.0, 13.0, 9.0, 9.0, -5.0, 5.0, 13.0, 9.0, 9.0, -5.0, 5.0]",2,[162],"['raise4', 'c']",0.13333333333333333,"[13, 673, 1318]",[59],"[0.0, 1.0]"
/?Q/P1:c/P2:raise2/P1:c/C:K/P1:c/P2:raise4/P1:raise4,18,8,"[-11.0, 7.0, 0.0, 7.0, 11.0, 7.0]",2,[186],"['c', 'f']",0.13333333333333333,"[347, 1007, 1712]",[98],"[1.0, 0.0]"
/?J/P1:c/P2:raise2/P1:c/C:J/P1:raise4,20,6,"[-11.0, -7.0, -7.0, 3.0, -11.0, -7.0, -7.0, 3.0]",2,[187],"['raise4', 'c', 'f']",0.06666666666666668,"[794, 1439]",[62],"[0.0, 1.0, 0.0]"
/?J/P1:c/P2:raise2/P1:raise2/P2:c/C:K/P1:c,35,7,"[0.0, 9.0, 0.0, -5.0, 0.0, 13.0, 9.0, 9.0, -5.0, 5.0, 13.0, 9.0, 9.0, -5.0, 5.0]",2,[161],"['raise4', 'c']",0.13333333333333333,"[94, 784, 1429]",[86],"[0.0, 1.0]"
/?K/P1:c/P2:raise2/P1:c/C:J/P1:c,22,6,"[11.0, 7.0, 7.0, -3.0, 3.0, -11.0, 7.0, -7.0, -3.0, -3.0, 0.0, 7.0, 0.0, -3.0, 0.0]",2,[277],"['raise4', 'c']",0.13333333333333333,"[562, 1207, 1882]",[55],"[0.0, 1.0]"
/?J/P1:c/P2:raise2/P1:c/C:J/P1:c/P2:raise4/P1:raise4,18,8,"[-11.0, 7.0, -11.0, 7.0]",2,[149],"['c', 'f']",0.06666666666666668,"[797, 1442]",[93],"[1.0, 0.0]"
/?J/P1:c/P2:c/C:Q/P1:raise4,34,5,"[0.0, -5.0, 0.0, 1.0, 9.0, -5.0, 5.0, 1.0, 9.0, -5.0, 5.0, 1.0]",2,[187],"['raise4', 'c', 'f']",0.13333333333333333,"[137, 857, 1502]",[31],"[0.0, 0.2901567260962303, 0.7098432739037697]"
/?K/P1:c/P2:raise2/P1:raise2/P2:c/C:K/P1:c/P2:raise4/P1:raise4,24,9,"[-13.0, 9.0, -13.0, 9.0]",2,[210],"['c', 'f']",0.06666666666666668,"[539, 1184]",[101],"[1.0, 0.0]"
/?Q/P1:c/P2:raise2/P1:raise2/P2:c/C:J/P1:c,35,7,"[13.0, 9.0, 9.0, -5.0, 5.0, 0.0, 9.0, 0.0, -5.0, 0.0, 13.0, 9.0, 9.0, -5.0, 5.0]",2,[235],"['raise4', 'c']",0.13333333333333333,"[274, 964, 1639]",[85],"[0.0, 1.0]"
/?K/P1:c/P2:raise2/P1:raise2/P2:c/C:J/P1:raise4,25,7,"[13.0, -9.0, 9.0, 5.0, -13.0, -9.0, -9.0, 5.0, 0.0, -9.0, 0.0, 5.0]",2,[169],"['raise4', 'c', 'f']",0.13333333333333333,"[506, 1151, 1841]",[77],"[0.0, 1.0, 0.0]"
/?K/P1:raise2/P2:raise2/P1:c/C:Q/P1:c/P2:raise4/P1:raise4,23,8,"[-13.0, 9.0, 13.0, 9.0, 0.0, 9.0]",2,[172],"['c', 'f']",0.13333333333333333,"[428, 1073, 1793]",[95],"[1.0, 0.0]"
/?Q/P1:c/P2:raise2/P1:c/C:J/P1:c/P2:raise4/P1:raise4,18,8,"[11.0, 7.0, 0.0, 7.0, 11.0, 7.0]",2,[226],"['c', 'f']",0.13333333333333333,"[317, 992, 1682]",[97],"[1.0, 0.0]"
/?J/P1:raise2/P2:c/C:Q/P1:raise4,30,5,"[0.0, -7.0, 0.0, 3.0, 11.0, -7.0, 7.0, 3.0, 11.0, -7.0, 7.0, 3.0]",2,[162],"['raise4', 'c', 'f']",0.13333333333333333,"[38, 713, 1358]",[34],"[0.0, 1.0, 0.0]"
/?K/P1:raise2/P2:raise2/P1:c/C:J/P1:c/P2:raise4/P1:raise4,23,8,"[13.0, 9.0, -13.0, 9.0, 0.0, 9.0]",2,[218],"['c', 'f']",0.13333333333333333,"[413, 1058, 1778]",[94],"[1.0, 0.0]"
/?K/P1:c/P2:raise2/P1:raise2/P2:c/C:K/P1:c,35,7,"[-13.0, 9.0, -9.0, -5.0, -5.0, -13.0, 9.0, -9.0, -5.0, -5.0]",2,[169],"['raise4', 'c']",0.06666666666666668,"[544, 1189]",[84],"[0.8320170721554913, 0.16798292784450874]"
/?J/P1:raise2/P2:raise2/P1:c/C:J/P1:c,32,6,"[-13.0, 9.0, -9.0, -5.0, -5.0, -13.0, 9.0, -9.0, -5.0, -5.0]",2,[162],"['raise4', 'c']",0.06666666666666668,"[658, 1303]",[61],"[0.0, 1.0]"
/?Q/P1:c/P2:c/C:Q/P1:c,29,5,"[-9.0, 5.0, -5.0, -1.0, -1.0, -9.0, 5.0, -5.0, -1.0, -1.0]",2,[234],"['raise4', 'c']",0.06666666666666668,"[385, 1750]",[30],"[1.0, 0.0]"
/?J/P1:c/P2:c/C:K/P1:raise4,34,5,"[0.0, -5.0, 0.0, 1.0, 9.0, -5.0, 5.0, 1.0, 9.0, -5.0, 5.0, 1.0]",2,[187],"['raise4', 'c', 'f']",0.13333333333333333,"[152, 872, 1517]",[31],"[0.0, 0.2901567260962303, 0.7098432739037697]"
/?J/P1:raise2/P2:c/C:J/P1:c/P2:raise4/P1:raise4,19,7,"[-11.0, 7.0, -11.0, 7.0]",2,[157],"['c', 'f']",0.06666666666666668,"[701, 1346]",[79],"[1.0, 0.0]"
/?J/P1:c/P2:c/C:J/P1:raise4,34,5,"[-9.0, -5.0, -5.0, 1.0, -9.0, -5.0, -5.0, 1.0]",2,[187],"['raise4', 'c', 'f']",0.06666666666666668,"[842, 1487]",[35],"[0.37398788619906675, 0.6260121138009332, 0.0]"
/?K/P1:c/P2:c/C:Q/P1:c,29,5,"[-9.0, 5.0, -5.0, -1.0, -1.0, 9.0, 5.0, 5.0, -1.0, 1.0, 0.0, 5.0, 0.0, -1.0, 0.0]",2,[277],"['raise4', 'c']",0.13333333333333333,"[625, 1270, 1930]",[26],"[0.0, 1.0]"
/?Q/P1:c/P2:c/C:Q/P1:raise4,34,5,"[-9.0, -5.0, -5.0, 1.0, -9.0, -5.0, -5.0, 1.0]",2,[234],"['raise4', 'c', 'f']",0.06666666666666668,"[377, 1742]",[35],"[0.37398788619906675, 0.6260121138009332, 0.0]"
/?K/P1:raise2/P2:raise2/P1:c/C:J/P1:c,32,6,"[13.0, 9.0, 9.0, -5.0, 5.0, -13.0, 9.0, -9.0, -5.0, -5.0, 0.0, 9.0, 0.0, -5.0, 0.0]",2,[193],"['raise4', 'c']",0.13333333333333333,"[418, 1063, 1783]",[60],"[0.0, 1.0]"
/?Q/P1:c/P2:c/C:K/P1:raise4,34,5,"[-9.0, -5.0, -5.0, 1.0, 0.0, -5.0, 0.0, 1.0, 9.0, -5.0, 5.0, 1.0]",2,[234],"['raise4', 'c', 'f']",0.13333333333333333,"[392, 1037, 1757]",[31],"[0.0, 0.2901567260962303, 0.7098432739037697]"
/?K/P1:raise2/P2:c/C:K/P1:c,26,5,"[-11.0, 7.0, -7.0, -3.0, -3.0, -11.0, 7.0, -7.0, -3.0, -3.0]",2,[193],"['raise4', 'c']",0.06666666666666668,"[496, 1141]",[24],"[1.0, 0.0]"
/?K/P1:c/P2:raise2/P1:raise2/P2:c/C:Q/P1:c,35,7,"[-13.0, 9.0, -9.0, -5.0, -5.0, 13.0, 9.0, 9.0, -5.0, 5.0, 0.0, 9.0, 0.0, -5.0, 0.0]",2,[169],"['raise4', 'c']",0.13333333333333333,"[529, 1174, 1864]",[86],"[0.0, 1.0]"
/?J/P1:raise2/P2:raise2/P1:c/C:Q/P1:c/P2:raise4/P1:raise4,23,8,"[0.0, 9.0, 13.0, 9.0, 13.0, 9.0]",2,[196],"['c', 'f']",0.13333333333333333,"[8, 668, 1313]",[95],"[1.0, 0.0]"
/?J/P1:c/P2:raise2/P1:raise2/P2:c/C:Q/P1:c/P2:raise4/P1:raise4,24,9,"[0.0, 9.0, 13.0, 9.0, 13.0, 9.0]",2,[255],"['c', 'f']",0.13333333333333333,"[74, 764, 1409]",[99],"[1.0, 0.0]"
/?K/P1:c/P2:c/C:J/P1:c/P2:raise4/P1:raise4,31,7,"[9.0, 5.0, -9.0, 5.0, 0.0, 5.0]",2,[254],"['c', 'f']",0.13333333333333333,"[605, 1250, 1910]",[82],"[1.0, 0.0]"
/?Q/P1:c/P2:raise2/P1:raise2/P2:c/C:Q/P1:raise4,25,7,"[-13.0, -9.0, -9.0, 5.0, -13.0, -9.0, -9.0, 5.0]",2,[235],"['raise4', 'c', 'f']",0.06666666666666668,"[281, 1646]",[80],"[0.0, 1.0, 0.0]"
/?Q/P1:c/P2:raise2/P1:c/C:J/P1:c,22,6,"[11.0, 7.0, 7.0, -3.0, 3.0, 0.0, 7.0, 0.0, -3.0, 0.0, 11.0, 7.0, 7.0, -3.0, 3.0]",2,[234],"['raise4', 'c']",0.13333333333333333,"[322, 997, 1687]",[55],"[0.0, 1.0]"
/?K/P1:c/P2:raise2/P1:c/C:Q/P1:c/P2:raise4/P1:raise4,18,8,"[-11.0, 7.0, 11.0, 7.0, 0.0, 7.0]",2,[178],"['c', 'f']",0.13333333333333333,"[572, 1217, 1892]",[98],"[1.0, 0.0]"
/?J/P1:c/P2:c/C:J/P1:c,29,5,"[-9.0, 5.0, -5.0, -1.0, -1.0, -9.0, 5.0, -5.0, -1.0, -1.0]",2,[187],"['raise4', 'c']",0.06666666666666668,"[850, 1495]",[30],"[1.0, 0.0]"
/?J/P1:raise2/P2:raise2/P1:c/C:K/P1:c,32,6,"[0.0, 9.0, 0.0, -5.0, 0.0, 13.0, 9.0, 9.0, -5.0, 5.0, 13.0, 9.0, 9.0, -5.0, 5.0]",2,[162],"['raise4', 'c']",0.13333333333333333,"[28, 688, 1333]",[59],"[0.0, 1.0]"
/?J/P1:c/P2:c/C:Q/P1:c/P2:raise4/P1:raise4,31,7,"[0.0, 5.0, 9.0, 5.0, 9.0, 5.0]",2,[274],"['c', 'f']",0.13333333333333333,"[140, 860, 1505]",[83],"[1.0, 0.0]"
/?K/P1:raise2/P2:raise2/P1:c/C:K/P1:c/P2:raise4/P1:raise4,23,8,"[-13.0, 9.0, -13.0, 9.0]",2,[184],"['c', 'f']",0.06666666666666668,"[443, 1088]",[96],"[1.0, 0.0]"
/?K/P1:c/P2:raise2/P1:raise2/P2:c/C:K/P1:raise4,25,7,"[-13.0, -9.0, -9.0, 5.0, -13.0, -9.0, -9.0, 5.0]",2,[169],"['raise4', 'c', 'f']",0.06666666666666668,"[536, 1181]",[80],"[0.0, 1.0, 0.0]"
/?Q/P1:c/P2:raise2/P1:raise2/P2:c/C:K/P1:raise4,25,7,"[-13.0, -9.0, -9.0, 5.0, 0.0, -9.0, 0.0, 5.0, 13.0, -9.0, 9.0, 5.0]",2,[235],"['raise4', 'c', 'f']",0.13333333333333333,"[296, 971, 1661]",[78],"[0.0, 1.0, 0.0]"
/?Q/P1:c,33,2,"[13.0, -9.0, 9.0, 5.0, 13.0, 9.0, 9.0, -5.0, 5.0, -13.0, -9.0, -9.0, 5.0, -13.0, 9.0, -9.0, -5.0, -5.0, -13.0, -9.0, -9.0, 5.0, -13.0, 9.0, -9.0, -5.0, -5.0, 3.0, 11.0, -7.0, 7.0, 3.0, 11.0, 7.0, 7.0, -3.0, 3.0, -11.0, -7.0, -7.0, 3.0, -11.0, 7.0, -7.0, -3.0, -3.0, -11.0, -7.0, -7.0, 3.0, -11.0, 7.0, -7.0, -3.0, -3.0, -1.0, 9.0, -5.0, 5.0, 1.0, 9.0, 5.0, 5.0, -1.0, 1.0, -9.0, -5.0, -5.0, 1.0, -9.0, 5.0, -5.0, -1.0, -1.0, -9.0, -5.0, -5.0, 1.0, -9.0, 5.0, -5.0, -1.0, -1.0, 0.0, -9.0, 0.0, 5.0, 0.0, 9.0, 0.0, -5.0, 0.0, 0.0, -9.0, 0.0, 5.0, 0.0, 9.0, 0.0, -5.0, 0.0, 3.0, 0.0, -7.0, 0.0, 3.0, 0.0, 7.0, 0.0, -3.0, 0.0, 0.0, -7.0, 0.0, 3.0, 0.0, 7.0, 0.0, -3.0, 0.0, -1.0, 0.0, -5.0, 0.0, 1.0, 0.0, 5.0, 0.0, -1.0, 0.0, 0.0, -5.0, 0.0, 1.0, 0.0, 5.0, 0.0, -1.0, 0.0, 13.0, -9.0, 9.0, 5.0, 13.0, 9.0, 9.0, -5.0, 5.0, -13.0, -9.0, -9.0, 5.0, -13.0, 9.0, -9.0, -5.0, -5.0, 13.0, -9.0, 9.0, 5.0, 13.0, 9.0, 9.0, -5.0, 5.0, 3.0, 11.0, -7.0, 7.0, 3.0, 11.0, 7.0, 7.0, -3.0, 3.0, -11.0, -7.0, -7.0, 3.0, -11.0, 7.0, -7.0, -3.0, -3.0, 11.0, -7.0, 7.0, 3.0, 11.0, 7.0, 7.0, -3.0, 3.0, -1.0, 9.0, -5.0, 5.0, 1.0, 9.0, 5.0, 5.0, -1.0, 1.0, -9.0, -5.0, -5.0, 1.0, -9.0, 5.0, -5.0, -1.0, -1.0, 9.0, -5.0, 5.0, 1.0, 9.0, 5.0, 5.0, -1.0, 1.0]",2,[],"['raise2', 'c']",0.33333333333333337,"[403, 1048, 1768]",[4],"[0.682341071109207, 0.31765892889079306]"
/?Q/P1:c/P2:raise2/P1:raise2,27,4,"[13.0, -9.0, 9.0, 5.0, 13.0, 9.0, 9.0, -5.0, 5.0, -13.0, -9.0, -9.0, 5.0, -13.0, 9.0, -9.0, -5.0, -5.0, -13.0, -9.0, -9.0, 5.0, -13.0, 9.0, -9.0, -5.0, -5.0, 3.0, 0.0, -9.0, 0.0, 5.0, 0.0, 9.0, 0.0, -5.0, 0.0, 0.0, -9.0, 0.0, 5.0, 0.0, 9.0, 0.0, -5.0, 0.0, 3.0, 13.0, -9.0, 9.0, 5.0, 13.0, 9.0, 9.0, -5.0, 5.0, -13.0, -9.0, -9.0, 5.0, -13.0, 9.0, -9.0, -5.0, -5.0, 13.0, -9.0, 9.0, 5.0, 13.0, 9.0, 9.0, -5.0, 5.0, 3.0]",2,[234],"['c', 'f']",0.33333333333333337,"[308, 983, 1673]",[16],"[1.0, 0.0]"
/?J/P1:c/P2:raise2/P1:raise2/P2:c/C:K/P1:c/P2:raise4/P1:raise4,24,9,"[0.0, 9.0, 13.0, 9.0, 13.0, 9.0]",2,[199],"['c', 'f']",0.13333333333333333,"[89, 779, 1424]",[99],"[1.0, 0.0]"
/?K/P1:raise2/P2:c/C:Q/P1:c/P2:raise4/P1:raise4,19,7,"[-11.0, 7.0, 11.0, 7.0, 0.0, 7.0]",2,[245],"['c', 'f']",0.13333333333333333,"[476, 1121, 1826]",[75],"[1.0, 0.0]"
/?Q/P1:c/P2:raise2/P1:raise2/P2:c/C:K/P1:c,35,7,"[-13.0, 9.0, -9.0, -5.0, -5.0, 0.0, 9.0, 0.0, -5.0, 0.0, 13.0, 9.0, 9.0, -5.0, 5.0]",2,[235],"['raise4', 'c']",0.13333333333333333,"[304, 979, 1669]",[86],"[0.0, 1.0]"
/?Q/P1:raise2/P2:c/C:Q/P1:raise4,30,5,"[-11.0, -7.0, -7.0, 3.0, -11.0, -7.0, -7.0, 3.0]",2,[249],"['raise4', 'c', 'f']",0.06666666666666668,"[233, 1598]",[27],"[0.0, 1.0, 0.0]"
/?Q/P1:raise2/P2:c/C:Q/P1:c/P2:raise4/P1:raise4,19,7,"[-11.0, 7.0, -11.0, 7.0]",2,[269],"['c', 'f']",0.06666666666666668,"[236, 1601]",[79],"[1.0, 0.0]"
/?Q/P1:c/P2:raise2/P1:raise2/P2:c/C:Q/P1:c,35,7,"[-13.0, 9.0, -9.0, -5.0, -5.0, -13.0, 9.0, -9.0, -5.0, -5.0]",2,[235],"['raise4', 'c']",0.06666666666666668,"[289, 1654]",[84],"[0.8320170721554913, 0.16798292784450874]"
/?J/P1:c/P2:c/C:K/P1:c,29,5,"[0.0, 5.0, 0.0, -1.0, 0.0, 9.0, 5.0, 5.0, -1.0, 1.0, 9.0, 5.0, 5.0, -1.0, 1.0]",2,[187],"['raise4', 'c']",0.13333333333333333,"[160, 880, 1525]",[26],"[0.0, 1.0]"
/?Q/P1:c/P2:c/C:K/P1:c,29,5,"[-9.0, 5.0, -5.0, -1.0, -1.0, 0.0, 5.0, 0.0, -1.0, 0.0, 9.0, 5.0, 5.0, -1.0, 1.0]",2,[234],"['raise4', 'c']",0.13333333333333333,"[400, 1045, 1765]",[26],"[0.0, 1.0]"
/?J/P1:raise2/P2:c/C:K/P1:raise4,30,5,"[0.0, -7.0, 0.0, 3.0, 11.0, -7.0, 7.0, 3.0, 11.0, -7.0, 7.0, 3.0]",2,[162],"['raise4', 'c', 'f']",0.13333333333333333,"[53, 728, 1373]",[34],"[0.0, 1.0, 0.0]"
/?K/P1:raise2/P2:c/C:Q/P1:c,26,5,"[-11.0, 7.0, -7.0, -3.0, -3.0, 11.0, 7.0, 7.0, -3.0, 3.0, 0.0, 7.0, 0.0, -3.0, 0.0]",2,[193],"['raise4', 'c']",0.13333333333333333,"[481, 1126, 1831]",[29],"[0.0, 1.0]"
/?K/P1:c/P2:c/C:Q/P1:c/P2:raise4/P1:raise4,31,7,"[-9.0, 5.0, 9.0, 5.0, 0.0, 5.0]",2,[216],"['c', 'f']",0.13333333333333333,"[620, 1265, 1925]",[83],"[1.0, 0.0]"
/?K/P1:raise2/P2:c/C:J/P1:c/P2:raise4/P1:raise4,19,7,"[11.0, 7.0, -11.0, 7.0, 0.0, 7.0]",2,[252],"['c', 'f']",0.13333333333333333,"[461, 1106, 1811]",[76],"[1.0, 0.0]"
/?K/P1:c/P2:raise2/P1:raise2/P2:c/C:J/P1:c,35,7,"[13.0, 9.0, 9.0, -5.0, 5.0, -13.0, 9.0, -9.0, -5.0, -5.0, 0.0, 9.0, 0.0, -5.0, 0.0]",2,[169],"['raise4', 'c']",0.13333333333333333,"[514, 1159, 1849]",[85],"[0.0, 1.0]"
/?Q/P1:raise2,28,2,"[13.0, -9.0, 9.0, 5.0, 13.0, 9.0, 9.0, -5.0, 5.0, -13.0, -9.0, -9.0, 5.0, -13.0, 9.0, -9.0, -5.0, -5.0, -13.0, -9.0, -9.0, 5.0, -13.0, 9.0, -9.0, -5.0, -5.0, -3.0, 11.0, -7.0, 7.0, 3.0, 11.0, 7.0, 7.0, -3.0, 3.0, -11.0, -7.0, -7.0, 3.0, -11.0, 7.0, -7.0, -3.0, -3.0, -11.0, -7.0, -7.0, 3.0, -11.0, 7.0, -7.0, -3.0, -3.0, 1.0, 0.0, -9.0, 0.0, 5.0, 0.0, 9.0, 0.0, -5.0, 0.0, 0.0, -9.0, 0.0, 5.0, 0.0, 9.0, 0.0, -5.0, 0.0, -3.0, 0.0, -7.0, 0.0, 3.0, 0.0, 7.0, 0.0, -3.0, 0.0, 0.0, -7.0, 0.0, 3.0, 0.0, 7.0, 0.0, -3.0, 0.0, 1.0, 13.0, -9.0, 9.0, 5.0, 13.0, 9.0, 9.0, -5.0, 5.0, -13.0, -9.0, -9.0, 5.0, -13.0, 9.0, -9.0, -5.0, -5.0, 13.0, -9.0, 9.0, 5.0, 13.0, 9.0, 9.0, -5.0, 5.0, -3.0, 11.0, -7.0, 7.0, 3.0, 11.0, 7.0, 7.0, -3.0, 3.0, -11.0, -7.0, -7.0, 3.0, -11.0, 7.0, -7.0, -3.0, -3.0, 11.0, -7.0, 7.0, 3.0, 11.0, 7.0, 7.0, -3.0, 3.0, 1.0]",2,[],"['raise2', 'c', 'f']",0.33333333333333337,"[260, 950, 1625]",[2],"[0.5771353260515534, 0.4228646739484467, 0.0]"
/?K/P1:raise2/P2:raise2/P1:c/C:K/P1:raise4,21,6,"[-13.0, -9.0, -9.0, 5.0, -13.0, -9.0, -9.0, 5.0]",2,[193],"['raise4', 'c', 'f']",0.06666666666666668,"[440, 1085]",[53],"[0.0, 1.0, 0.0]"
/?J/P1:raise2/P2:raise2/P1:c/C:J/P1:c/P2:raise4/P1:raise4,23,8,"[-13.0, 9.0, -13.0, 9.0]",2,[211],"['c', 'f']",0.06666666666666668,"[653, 1298]",[96],"[1.0, 0.0]"
/?K/P1:raise2/P2:c/C:J/P1:c,26,5,"[11.0, 7.0, 7.0, -3.0, 3.0, -11.0, 7.0, -7.0, -3.0, -3.0, 0.0, 7.0, 0.0, -3.0, 0.0]",2,[193],"['raise4', 'c']",0.13333333333333333,"[466, 1111, 1816]",[28],"[0.0, 1.0]"
/?Q/P1:raise2/P2:c/C:J/P1:c/P2:raise4/P1:raise4,19,7,"[11.0, 7.0, 0.0, 7.0, 11.0, 7.0]",2,[270],"['c', 'f']",0.13333333333333333,"[221, 926, 1586]",[76],"[1.0, 0.0]"
/?K/P1:c/P2:c/C:J/P1:c,29,5,"[9.0, 5.0, 5.0, -1.0, 1.0, -9.0, 5.0, -5.0, -1.0, -1.0, 0.0, 5.0, 0.0, -1.0, 0.0]",2,[277],"['raise4', 'c']",0.13333333333333333,"[610, 1255, 1915]",[25],"[0.0, 1.0]"
/?J/P1:c/P2:raise2/P1:raise2/P2:c/C:Q/P1:c,35,7,"[0.0, 9.0, 0.0, -5.0, 0.0, 13.0, 9.0, 9.0, -5.0, 5.0, 13.0, 9.0, 9.0, -5.0, 5.0]",2,[161],"['raise4', 'c']",0.13333333333333333,"[79, 769, 1414]",[86],"[0.0, 1.0]"
/?Q/P1:c/P2:c/C:J/P1:raise4,34,5,"[9.0, -5.0, 5.0, 1.0, 0.0, -5.0, 0.0, 1.0, 9.0, -5.0, 5.0, 1.0]",2,[234],"['raise4', 'c', 'f']",0.13333333333333333,"[362, 1022, 1727]",[32],"[0.0, 0.3525761143462146, 0.6474238856537853]"
/?K/P1:raise2/P2:c/C:J/P1:raise4,30,5,"[11.0, -7.0, 7.0, 3.0, -11.0, -7.0, -7.0, 3.0, 0.0, -7.0, 0.0, 3.0]",2,[193],"['raise4', 'c', 'f']",0.13333333333333333,"[458, 1103, 1808]",[33],"[0.0, 1.0, 0.0]"
/?J/P1:raise2/P2:raise2/P1:c/C:K/P1:raise4,21,6,"[0.0, -9.0, 0.0, 5.0, 13.0, -9.0, 9.0, 5.0, 13.0, -9.0, 9.0, 5.0]",2,[162],"['raise4', 'c', 'f']",0.13333333333333333,"[20, 680, 1325]",[57],"[0.0, 1.0, 0.0]"
/?J/P1:raise2/P2:raise2/P1:c/C:Q/P1:raise4,21,6,"[0.0, -9.0, 0.0, 5.0, 13.0, -9.0, 9.0, 5.0, 13.0, -9.0, 9.0, 5.0]",2,[162],"['raise4', 'c', 'f']",0.13333333333333333,"[5, 665, 1310]",[57],"[0.0, 1.0, 0.0]"
/?K/P1:c/P2:c/C:K/P1:raise4,34,5,"[-9.0, -5.0, -5.0, 1.0, -9.0, -5.0, -5.0, 1.0]",2,[277],"['raise4', 'c', 'f']",0.06666666666666668,"[632, 1277]",[35],"[0.37398788619906675, 0.6260121138009332, 0.0]"
/?Q/P1:c/P2:raise2/P1:raise2/P2:c/C:Q/P1:c/P2:raise4/P1:raise4,24,9,"[-13.0, 9.0, -13.0, 9.0]",2,[241],"['c', 'f']",0.06666666666666668,"[284, 1649]",[101],"[1.0, 0.0]"
/?J/P1:c/P2:raise2/P1:c/C:K/P1:c/P2:raise4/P1:raise4,18,8,"[0.0, 7.0, 11.0, 7.0, 11.0, 7.0]",2,[189],"['c', 'f']",0.13333333333333333,"[122, 827, 1472]",[98],"[1.0, 0.0]"
/?Q/P1:raise2/P2:c/C:K/P1:c/P2:raise4/P1:raise4,19,7,"[-11.0, 7.0, 0.0, 7.0, 11.0, 7.0]",2,[264],"['c', 'f']",0.13333333333333333,"[251, 941, 1616]",[75],"[1.0, 0.0]"
/?Q/P1:raise2/P2:c/C:K/P1:c,26,5,"[-11.0, 7.0, -7.0, -3.0, -3.0, 0.0, 7.0, 0.0, -3.0, 0.0, 11.0, 7.0, 7.0, -3.0, 3.0]",2,[249],"['raise4', 'c']",0.13333333333333333,"[256, 946, 1621]",[29],"[0.0, 1.0]"
/?K/P1:raise2/P2:c/C:Q/P1:raise4,30,5,"[-11.0, -7.0, -7.0, 3.0, 11.0, -7.0, 7.0, 3.0, 0.0, -7.0, 0.0, 3.0]",2,[193],"['raise4', 'c', 'f']",0.13333333333333333,"[473, 1118, 1823]",[34],"[0.0, 1.0, 0.0]"
/?Q/P1:c/P2:c/C:Q/P1:c/P2:raise4/P1:raise4,31,7,"[-9.0, 5.0, -9.0, 5.0]",2,[212],"['c', 'f']",0.06666666666666668,"[380, 1745]",[81],"[1.0, 0.0]"
/?J/P1:c/P2:c/C:K/P1:c/P2:raise4/P1:raise4,31,7,"[0.0, 5.0, 9.0, 5.0, 9.0, 5.0]",2,[242],"['c', 'f']",0.13333333333333333,"[155, 875, 1520]",[83],"[1.0, 0.0]"
/?K/P1:c/P2:c/C:J/P1:raise4,34,5,"[9.0, -5.0, 5.0, 1.0, -9.0, -5.0, -5.0, 1.0, 0.0, -5.0, 0.0, 1.0]",2,[277],"['raise4', 'c', 'f']",0.13333333333333333,"[602, 1247, 1907]",[32],"[0.0, 0.3525761143462146, 0.6474238856537853]"
/?Q/P1:raise2/P2:c/C:Q/P1:c,26,5,"[-11.0, 7.0, -7.0, -3.0, -3.0, -11.0, 7.0, -7.0, -3.0, -3.0]",2,[249],"['raise4', 'c']",0.06666666666666668,"[241, 1606]",[24],"[1.0, 0.0]"
/?Q/P1:raise2/P2:c/C:J/P1:c,26,5,"[11.0, 7.0, 7.0, -3.0, 3.0, 0.0, 7.0, 0.0, -3.0, 0.0, 11.0, 7.0, 7.0, -3.0, 3.0]",2,[249],"['raise4', 'c']",0.13333333333333333,"[226, 931, 1591]",[28],"[0.0, 1.0]"
/?Q/P1:raise2/P2:raise2/P1:c/C:J/P1:c,32,6,"[13.0, 9.0, 9.0, -5.0, 5.0, 0.0, 9.0, 0.0, -5.0, 0.0, 13.0, 9.0, 9.0, -5.0, 5.0]",2,[249],"['raise4', 'c']",0.13333333333333333,"[178, 898, 1543]",[60],"[0.0, 1.0]"
/?Q/P1:raise2/P2:raise2/P1:c/C:K/P1:c,32,6,"[-13.0, 9.0, -9.0, -5.0, -5.0, 0.0, 9.0, 0.0, -5.0, 0.0, 13.0, 9.0, 9.0, -5.0, 5.0]",2,[249],"['raise4', 'c']",0.13333333333333333,"[208, 913, 1573]",[59],"[0.0, 1.0]"
/?K/P1:c/P2:raise2/P1:c/C:K/P1:c/P2:raise4/P1:raise4,18,8,"[-11.0, 7.0, -11.0, 7.0]",2,[155],"['c', 'f']",0.06666666666666668,"[587, 1232]",[93],"[1.0, 0.0]"
/?J/P1:c/P2:c/C:Q/P1:c,29,5,"[0.0, 5.0, 0.0, -1.0, 0.0, 9.0, 5.0, 5.0, -1.0, 1.0, 9.0, 5.0, 5.0, -1.0, 1.0]",2,[187],"['raise4', 'c']",0.13333333333333333,"[145, 865, 1510]",[26],"[0.0, 1.0]"
/?Q/P1:c/P2:raise2/P1:c/C:Q/P1:raise4,20,6,"[-11.0, -7.0, -7.0, 3.0, -11.0, -7.0, -7.0, 3.0]",2,[234],"['raise4', 'c', 'f']",0.06666666666666668,"[329, 1694]",[62],"[0.0, 1.0, 0.0]"
/?Q/P1:c/P2:raise2/P1:c/C:Q/P1:c,22,6,"[-11.0, 7.0, -7.0, -3.0, -3.0, -11.0, 7.0, -7.0, -3.0, -3.0]",2,[234],"['raise4', 'c']",0.06666666666666668,"[337, 1702]",[54],"[1.0, 0.0]"
/?K/P1:c,33,2,"[13.0, -9.0, 9.0, 5.0, 13.0, 9.0, 9.0, -5.0, 5.0, -13.0, -9.0, -9.0, 5.0, -13.0, 9.0, -9.0, -5.0, -5.0, -13.0, -9.0, -9.0, 5.0, -13.0, 9.0, -9.0, -5.0, -5.0, 3.0, 11.0, -7.0, 7.0, 3.0, 11.0, 7.0, 7.0, -3.0, 3.0, -11.0, -7.0, -7.0, 3.0, -11.0, 7.0, -7.0, -3.0, -3.0, -11.0, -7.0, -7.0, 3.0, -11.0, 7.0, -7.0, -3.0, -3.0, -1.0, 9.0, -5.0, 5.0, 1.0, 9.0, 5.0, 5.0, -1.0, 1.0, -9.0, -5.0, -5.0, 1.0, -9.0, 5.0, -5.0, -1.0, -1.0, -9.0, -5.0, -5.0, 1.0, -9.0, 5.0, -5.0, -1.0, -1.0, -13.0, -9.0, -9.0, 5.0, -13.0, 9.0, -9.0, -5.0, -5.0, 13.0, -9.0, 9.0, 5.0, 13.0, 9.0, 9.0, -5.0, 5.0, -13.0, -9.0, -9.0, 5.0, -13.0, 9.0, -9.0, -5.0, -5.0, 3.0, -11.0, -7.0, -7.0, 3.0, -11.0, 7.0, -7.0, -3.0, -3.0, 11.0, -7.0, 7.0, 3.0, 11.0, 7.0, 7.0, -3.0, 3.0, -11.0, -7.0, -7.0, 3.0, -11.0, 7.0, -7.0, -3.0, -3.0, -1.0, -9.0, -5.0, -5.0, 1.0, -9.0, 5.0, -5.0, -1.0, -1.0, 9.0, -5.0, 5.0, 1.0, 9.0, 5.0, 5.0, -1.0, 1.0, -9.0, -5.0, -5.0, 1.0, -9.0, 5.0, -5.0, -1.0, -1.0, 0.0, -9.0, 0.0, 5.0, 0.0, 9.0, 0.0, -5.0, 0.0, 0.0, -9.0, 0.0, 5.0, 0.0, 9.0, 0.0, -5.0, 0.0, 3.0, 0.0, -7.0, 0.0, 3.0, 0.0, 7.0, 0.0, -3.0, 0.0, 0.0, -7.0, 0.0, 3.0, 0.0, 7.0, 0.0, -3.0, 0.0, -1.0, 0.0, -5.0, 0.0, 1.0, 0.0, 5.0, 0.0, -1.0, 0.0, 0.0, -5.0, 0.0, 1.0, 0.0, 5.0, 0.0, -1.0, 0.0]",2,[],"['raise2', 'c']",0.3333333333333333,"[643, 1288, 1933]",[4],"[0.682341071109207, 0.31765892889079306]"
/?Q/P1:raise2/P2:c/C:K/P1:raise4,30,5,"[-11.0, -7.0, -7.0, 3.0, 0.0, -7.0, 0.0, 3.0, 11.0, -7.0, 7.0, 3.0]",2,[249],"['raise4', 'c', 'f']",0.13333333333333333,"[248, 938, 1613]",[34],"[0.0, 1.0, 0.0]"
/?Q/P1:c/P2:c/C:K/P1:c/P2:raise4/P1:raise4,31,7,"[-9.0, 5.0, 0.0, 5.0, 9.0, 5.0]",2,[243],"['c', 'f']",0.13333333333333333,"[395, 1040, 1760]",[83],"[1.0, 0.0]"
/?Q/P1:raise2/P2:c/C:J/P1:raise4,30,5,"[11.0, -7.0, 7.0, 3.0, 0.0, -7.0, 0.0, 3.0, 11.0, -7.0, 7.0, 3.0]",2,[249],"['raise4', 'c', 'f']",0.13333333333333333,"[218, 923, 1583]",[33],"[0.0, 1.0, 0.0]"
/?Q/P1:c/P2:raise2/P1:raise2/P2:c/C:J/P1:c/P2:raise4/P1:raise4,24,9,"[13.0, 9.0, 0.0, 9.0, 13.0, 9.0]",2,[204],"['c', 'f']",0.13333333333333333,"[269, 959, 1634]",[100],"[1.0, 0.0]"
/?J/P1:c/P2:raise2/P1:c/C:Q/P1:c/P2:raise4/P1:raise4,18,8,"[0.0, 7.0, 11.0, 7.0, 11.0, 7.0]",2,[163],"['c', 'f']",0.13333333333333333,"[107, 812, 1457]",[98],"[1.0, 0.0]"
/?J/P1:raise2/P2:c/C:Q/P1:c,26,5,"[0.0, 7.0, 0.0, -3.0, 0.0, 11.0, 7.0, 7.0, -3.0, 3.0, 11.0, 7.0, 7.0, -3.0, 3.0]",2,[162],"['raise4', 'c']",0.13333333333333333,"[46, 721, 1366]",[29],"[0.0, 1.0]"
/?K/P1:c/P2:raise2/P1:raise2/P2:c/C:J/P1:c/P2:raise4/P1:raise4,24,9,"[13.0, 9.0, -13.0, 9.0, 0.0, 9.0]",2,[248],"['c', 'f']",0.13333333333333333,"[509, 1154, 1844]",[100],"[1.0, 0.0]"
/?K/P1:raise2/P2:raise2/P1:c/C:J/P1:raise4,21,6,"[13.0, -9.0, 9.0, 5.0, -13.0, -9.0, -9.0, 5.0, 0.0, -9.0, 0.0, 5.0]",2,[193],"['raise4', 'c', 'f']",0.13333333333333333,"[410, 1055, 1775]",[58],"[0.0, 1.0, 0.0]"
/?J/P1:raise2/P2:raise2/P1:c/C:K/P1:c/P2:raise4/P1:raise4,23,8,"[0.0, 9.0, 13.0, 9.0, 13.0, 9.0]",2,[229],"['c', 'f']",0.13333333333333333,"[23, 683, 1328]",[95],"[1.0, 0.0]"
/?K/P1:c/P2:raise2/P1:c/C:J/P1:c/P2:raise4/P1:raise4,18,8,"[11.0, 7.0, -11.0, 7.0, 0.0, 7.0]",2,[200],"['c', 'f']",0.13333333333333333,"[557, 1202, 1877]",[97],"[1.0, 0.0]"
