MapPh1,Map,History_Structure,Depth,Payoff,Player,Actions,Probability,Real_Parents,History,All_Histories,Index_Members,Direct_Sons,Nature_Weight,Payoff_P1,Dads,Actions_Prob
"[1, 2]","[45, 138]",12,1,"[-13.0, -9.0, -9.0, 5.0, -13.0, 9.0, -9.0, -5.0, -5.0, 13.0, -9.0, 9.0, 5.0, 13.0, 9.0, 9.0, -5.0, 5.0, 13.0, -9.0, 9.0, 5.0, 13.0, 9.0, 9.0, -5.0, 5.0, -3.0, -11.0, -7.0, -7.0, 3.0, -11.0, 7.0, -7.0, -3.0, -3.0, 11.0, -7.0, 7.0, 3.0, 11.0, 7.0, 7.0, -3.0, 3.0, 11.0, -7.0, 7.0, 3.0, 11.0, 7.0, 7.0, -3.0, 3.0, 1.0, -13.0, -9.0, -9.0, 5.0, -13.0, 9.0, -9.0, -5.0, -5.0, 13.0, -9.0, 9.0, 5.0, 13.0, 9.0, 9.0, -5.0, 5.0, 13.0, -9.0, 9.0, 5.0, 13.0, 9.0, 9.0, -5.0, 5.0, 3.0, -11.0, -7.0, -7.0, 3.0, -11.0, 7.0, -7.0, -3.0, -3.0, 11.0, -7.0, 7.0, 3.0, 11.0, 7.0, 7.0, -3.0, 3.0, 11.0, -7.0, 7.0, 3.0, 11.0, 7.0, 7.0, -3.0, 3.0, -1.0, -9.0, -5.0, -5.0, 1.0, -9.0, 5.0, -5.0, -1.0, -1.0, 9.0, -5.0, 5.0, 1.0, 9.0, 5.0, 5.0, -1.0, 1.0, 9.0, -5.0, 5.0, 1.0, 9.0, 5.0, 5.0, -1.0, 1.0, 6.5, -9.0, 4.5, 5.0, 6.5, 9.0, 4.5, -5.0, 2.5, -6.5, -9.0, -4.5, 5.0, -6.5, 9.0, -4.5, -5.0, -2.5, 5.0, -4.5, 1.0, 2.5, 8.0, 4.5, 8.0, -2.5, 1.0, -1.5, 5.5, -7.0, 3.5, 3.0, 5.5, 7.0, 3.5, -3.0, 1.5, -5.0, -3.5, -8.0, 1.5, -3.0, 3.5, 1.0, -1.5, -4.0, 5.5, -3.5, -1.0, 1.5, 8.0, 3.5, 8.0, -1.5, -1.0, 0.5, 8.0, -4.5, 1.0, 2.5, 8.0, 4.5, 8.0, -2.5, 1.0, -6.5, -4.5, -8.0, 2.5, -5.0, 4.5, -1.0, -2.5, -4.0, 6.5, -5.0, 4.5, 0.0, 6.5, 5.0, 4.5, 0.0, 2.5, 1.0, 5.5, -3.5, 1.0, 1.5, 6.0, 3.5, 6.0, -1.5, 1.0, -5.5, -10.0, -8.0, -3.0, -3.0, -3.0, 1.0, -6.0, -4.0, 3.0, 3.0, -1.0, 6.0, 8.0, 10.0, 8.0, 3.0, -1.0, 2.0, -2.0, -7.0, -2.0, 3.0, -2.0, 7.0, -2.0, -3.0, -2.0, -6.0, -8.0, -6.0, -3.0, -3.0, -3.0, 1.0, -4.0, -2.0, 3.0, 3.0, -1.0, 4.0, 6.0, 8.0, 6.0, 3.0, -1.0, 1.5, -10.0, -3.5, -1.0, 1.5, -1.0, 3.5, -6.0, -1.5, -1.5, -4.0, -6.5, -2.0, -4.5, 7.0, -6.5, 2.0, -4.5, -4.0, -2.5, 3.0, -4.5, 6.0, 2.5, 10.0, 4.5, 3.0, -2.5, 2.5, -10.0, -4.5, -3.0, 2.5, -3.0, 4.5, -6.0, -2.5, -2.0, 1.5, -10.0, -3.5, -1.0, 1.5, -1.0, 3.5, -6.0, -1.5, -1.5, 1.0, -3.5, 6.0, 1.5, 10.0, 3.5, 1.0, -1.5, 3.0, -5.5, -7.0, -3.5, 3.0, -5.5, 7.0, -3.5, -3.0, -1.5, -0.5, -8.0, -2.5, -1.0, 0.5, -1.0, 2.5, -4.0, -0.5, -1.0, 4.5, -5.0, 2.5, 1.0, 4.5, 5.0, 2.5, -1.0, 0.5, -4.5, -5.0, -2.5, 1.0, -4.5, 5.0, -2.5, -1.0, -0.5]",1,"['raise2', 'c']",0.6666666666666667,[],/K?,"['/K?', '/Q?']","[1529, 1769, 1934, 884, 1049, 1289]","[[3, 2], [5, 4]]","[[0.39999999999999997, 0.6], [0.39999999999999997, 0.6]]","[-1000, -1000]",[],"[0.5, 0.5]"
[0],[33],12,1,"[0.0, -9.0, 0.0, 5.0, 0.0, 9.0, 0.0, -5.0, 0.0, 0.0, -9.0, 0.0, 5.0, 0.0, 9.0, 0.0, -5.0, 0.0, -3.0, 0.0, -7.0, 0.0, 3.0, 0.0, 7.0, 0.0, -3.0, 0.0, 0.0, -7.0, 0.0, 3.0, 0.0, 7.0, 0.0, -3.0, 0.0, 1.0, 0.0, -9.0, 0.0, 5.0, 0.0, 9.0, 0.0, -5.0, 0.0, 0.0, -9.0, 0.0, 5.0, 0.0, 9.0, 0.0, -5.0, 0.0, 3.0, 0.0, -7.0, 0.0, 3.0, 0.0, 7.0, 0.0, -3.0, 0.0, 0.0, -7.0, 0.0, 3.0, 0.0, 7.0, 0.0, -3.0, 0.0, -1.0, 0.0, -5.0, 0.0, 1.0, 0.0, 5.0, 0.0, -1.0, 0.0, 0.0, -5.0, 0.0, 1.0, 0.0, 5.0, 0.0, -1.0, 0.0, 13.0, -9.0, 9.0, 5.0, 13.0, 9.0, 9.0, -5.0, 5.0, -13.0, -9.0, -9.0, 5.0, -13.0, 9.0, -9.0, -5.0, -5.0, -13.0, -9.0, -9.0, 5.0, -13.0, 9.0, -9.0, -5.0, -5.0, -3.0, 11.0, -7.0, 7.0, 3.0, 11.0, 7.0, 7.0, -3.0, 3.0, -11.0, -7.0, -7.0, 3.0, -11.0, 7.0, -7.0, -3.0, -3.0, -11.0, -7.0, -7.0, 3.0, -11.0, 7.0, -7.0, -3.0, -3.0, 1.0, 13.0, -9.0, 9.0, 5.0, 13.0, 9.0, 9.0, -5.0, 5.0, -13.0, -9.0, -9.0, 5.0, -13.0, 9.0, -9.0, -5.0, -5.0, -13.0, -9.0, -9.0, 5.0, -13.0, 9.0, -9.0, -5.0, -5.0, 3.0, 11.0, -7.0, 7.0, 3.0, 11.0, 7.0, 7.0, -3.0, 3.0, -11.0, -7.0, -7.0, 3.0, -11.0, 7.0, -7.0, -3.0, -3.0, -11.0, -7.0, -7.0, 3.0, -11.0, 7.0, -7.0, -3.0, -3.0, -1.0, 9.0, -5.0, 5.0, 1.0, 9.0, 5.0, 5.0, -1.0, 1.0, -9.0, -5.0, -5.0, 1.0, -9.0, 5.0, -5.0, -1.0, -1.0, -9.0, -5.0, -5.0, 1.0, -9.0, 5.0, -5.0, -1.0, -1.0, 13.0, -9.0, 9.0, 5.0, 13.0, 9.0, 9.0, -5.0, 5.0, -13.0, -9.0, -9.0, 5.0, -13.0, 9.0, -9.0, -5.0, -5.0, -13.0, -9.0, -9.0, 5.0, -13.0, 9.0, -9.0, -5.0, -5.0, -3.0, 11.0, -7.0, 7.0, 3.0, 11.0, 7.0, 7.0, -3.0, 3.0, -11.0, -7.0, -7.0, 3.0, -11.0, 7.0, -7.0, -3.0, -3.0, -11.0, -7.0, -7.0, 3.0, -11.0, 7.0, -7.0, -3.0, -3.0, 1.0, 13.0, -9.0, 9.0, 5.0, 13.0, 9.0, 9.0, -5.0, 5.0, -13.0, -9.0, -9.0, 5.0, -13.0, 9.0, -9.0, -5.0, -5.0, -13.0, -9.0, -9.0, 5.0, -13.0, 9.0, -9.0, -5.0, -5.0, 3.0, 11.0, -7.0, 7.0, 3.0, 11.0, 7.0, 7.0, -3.0, 3.0, -11.0, -7.0, -7.0, 3.0, -11.0, 7.0, -7.0, -3.0, -3.0, -11.0, -7.0, -7.0, 3.0, -11.0, 7.0, -7.0, -3.0, -3.0, -1.0, 9.0, -5.0, 5.0, 1.0, 9.0, 5.0, 5.0, -1.0, 1.0, -9.0, -5.0, -5.0, 1.0, -9.0, 5.0, -5.0, -1.0, -1.0, -9.0, -5.0, -5.0, 1.0, -9.0, 5.0, -5.0, -1.0, -1.0]",1,"['raise2', 'c']",0.33333333333333337,[],/J?,['/J?'],"[164, 404, 644]","[[3, 2], [5, 4]]","[[0.2, 0.8], [0.2, 0.8]]","[-1000, -1000]",[],"[0.5, 0.5]"
"[5, 7]","[193, 249]",28,2,"[13.0, -9.0, 9.0, 5.0, 13.0, 9.0, 9.0, -5.0, 5.0, -13.0, -9.0, -9.0, 5.0, -13.0, 9.0, -9.0, -5.0, -5.0, -13.0, -9.0, -9.0, 5.0, -13.0, 9.0, -9.0, -5.0, -5.0, -3.0, 11.0, -7.0, 7.0, 3.0, 11.0, 7.0, 7.0, -3.0, 3.0, -11.0, -7.0, -7.0, 3.0, -11.0, 7.0, -7.0, -3.0, -3.0, -11.0, -7.0, -7.0, 3.0, -11.0, 7.0, -7.0, -3.0, -3.0, 1.0, -6.5, -9.0, -4.5, 5.0, -6.5, 9.0, -4.5, -5.0, -2.5, 6.5, -9.0, 4.5, 5.0, 6.5, 9.0, 4.5, -5.0, 2.5, -8.0, -4.5, -8.0, 2.5, -5.0, 4.5, -1.0, -2.5, -4.0, -1.5, -5.5, -7.0, -3.5, 3.0, -5.5, 7.0, -3.5, -3.0, -1.5, 6.0, 3.0, -1.0, 6.0, 8.0, 10.0, 8.0, 3.0, -1.0, -3.0, -10.0, -8.0, -3.0, -3.0, -3.0, 1.0, -6.0, -4.0, -2.0, 6.5, -9.0, 4.5, 5.0, 6.5, 9.0, 4.5, -5.0, 2.5, -1.5, 1.0, -3.5, 6.0, 1.5, 10.0, 3.5, 1.0, -1.5, 0.0, -5.5, -7.0, -3.5, 3.0, -5.5, 7.0, -3.5, -3.0, -1.5, 5.5, -7.0, 3.5, 3.0, 5.5, 7.0, 3.5, -3.0, 1.5, 1.0]",2,"['raise2', 'c', 'f']",0.6666666666666667,[],/?K/P1:raise2,"['/?K/P1:raise2', '/?Q/P1:raise2']","[500, 1145, 1835, 260, 950, 1625]","[[7, 6], [17, 16, 15, 14], []]","[[0.39999999999999997, 0.6], [0.19999999999999998, 0.3, 0.3, 0.19999999999999998], [0.2, 0.2, 0.1, 0.2, 0.1, 0.2]]","[-1000, -1000, 1.0]","[0, 1]","[0.0, 1.0, 0.0]"
[3],[162],28,2,"[0.0, -9.0, 0.0, 5.0, 0.0, 9.0, 0.0, -5.0, 0.0, 0.0, -9.0, 0.0, 5.0, 0.0, 9.0, 0.0, -5.0, 0.0, -3.0, 0.0, -7.0, 0.0, 3.0, 0.0, 7.0, 0.0, -3.0, 0.0, 0.0, -7.0, 0.0, 3.0, 0.0, 7.0, 0.0, -3.0, 0.0, 1.0, -13.0, -9.0, -9.0, 5.0, -13.0, 9.0, -9.0, -5.0, -5.0, 13.0, -9.0, 9.0, 5.0, 13.0, 9.0, 9.0, -5.0, 5.0, 13.0, -9.0, 9.0, 5.0, 13.0, 9.0, 9.0, -5.0, 5.0, -3.0, -11.0, -7.0, -7.0, 3.0, -11.0, 7.0, -7.0, -3.0, -3.0, 11.0, -7.0, 7.0, 3.0, 11.0, 7.0, 7.0, -3.0, 3.0, 11.0, -7.0, 7.0, 3.0, 11.0, 7.0, 7.0, -3.0, 3.0, 1.0, -13.0, -9.0, -9.0, 5.0, -13.0, 9.0, -9.0, -5.0, -5.0, 13.0, -9.0, 9.0, 5.0, 13.0, 9.0, 9.0, -5.0, 5.0, 13.0, -9.0, 9.0, 5.0, 13.0, 9.0, 9.0, -5.0, 5.0, -3.0, -11.0, -7.0, -7.0, 3.0, -11.0, 7.0, -7.0, -3.0, -3.0, 11.0, -7.0, 7.0, 3.0, 11.0, 7.0, 7.0, -3.0, 3.0, 11.0, -7.0, 7.0, 3.0, 11.0, 7.0, 7.0, -3.0, 3.0, 1.0]",2,"['raise2', 'c', 'f']",0.33333333333333337,[],/?J/P1:raise2,['/?J/P1:raise2'],"[65, 740, 1385]","[[7, 6], [16, 15, 17, 14], []]","[[0.2, 0.8], [0.19999999999999998, 0.19999999999999998, 0.19999999999999998, 0.39999999999999997], [0.19999999999999998, 0.39999999999999997, 0.39999999999999997]]","[-1000, -1000, 1.0]","[0, 1]","[0.0, 1.0, 0.0]"
"[6, 8]","[234, 277]",33,2,"[13.0, -9.0, 9.0, 5.0, 13.0, 9.0, 9.0, -5.0, 5.0, -13.0, -9.0, -9.0, 5.0, -13.0, 9.0, -9.0, -5.0, -5.0, -13.0, -9.0, -9.0, 5.0, -13.0, 9.0, -9.0, -5.0, -5.0, 3.0, 11.0, -7.0, 7.0, 3.0, 11.0, 7.0, 7.0, -3.0, 3.0, -11.0, -7.0, -7.0, 3.0, -11.0, 7.0, -7.0, -3.0, -3.0, -11.0, -7.0, -7.0, 3.0, -11.0, 7.0, -7.0, -3.0, -3.0, -1.0, 9.0, -5.0, 5.0, 1.0, 9.0, 5.0, 5.0, -1.0, 1.0, -9.0, -5.0, -5.0, 1.0, -9.0, 5.0, -5.0, -1.0, -1.0, -9.0, -5.0, -5.0, 1.0, -9.0, 5.0, -5.0, -1.0, -1.0, -6.5, -9.0, -4.5, 5.0, -6.5, 9.0, -4.5, -5.0, -2.5, 6.5, -9.0, 4.5, 5.0, 6.5, 9.0, 4.5, -5.0, 2.5, -5.0, -4.5, -8.0, 2.5, -5.0, 4.5, -1.0, -2.5, -4.0, 1.5, -5.5, -7.0, -3.5, 3.0, -5.5, 7.0, -3.5, -3.0, -1.5, 5.0, -3.5, 1.0, 1.5, 6.0, 3.5, 6.0, -1.5, 1.0, -5.5, -3.5, -6.0, 1.5, -5.0, 3.5, -1.0, -1.5, -2.0, -0.5, 2.0, -7.0, 2.0, 3.0, 2.0, 7.0, 2.0, -3.0, 2.0, -2.0, -7.0, -2.0, 3.0, -2.0, 7.0, -2.0, -3.0, -2.0, 2.0, -7.0, 2.0, 3.0, 2.0, 7.0, 2.0, -3.0, 2.0, 1.5, 1.0, -3.5, 6.0, 1.5, 10.0, 3.5, 1.0, -1.5, 1.5, -10.0, -3.5, -1.0, 1.5, -1.0, 3.5, -6.0, -1.5, 0.0, 5.5, -7.0, 3.5, 3.0, 5.5, 7.0, 3.5, -3.0, 1.5, -0.5, 1.0, -2.5, 4.0, 0.5, 8.0, 2.5, 1.0, -0.5, 0.0, -4.5, -5.0, -2.5, 1.0, -4.5, 5.0, -2.5, -1.0, -0.5, 4.5, -5.0, 2.5, 1.0, 4.5, 5.0, 2.5, -1.0, 0.5]",2,"['raise2', 'c']",0.6666666666666667,[],/?Q/P1:c,"['/?Q/P1:c', '/?K/P1:c']","[403, 1048, 1768, 643, 1288, 1933]","[[9, 8], [13, 12, 11, 10]]","[[0.39999999999999997, 0.6], [0.19999999999999998, 0.3, 0.3, 0.19999999999999998]]","[-1000, -1000]","[0, 1]","[0.0, 1.0]"
[4],[187],33,2,"[0.0, -9.0, 0.0, 5.0, 0.0, 9.0, 0.0, -5.0, 0.0, 0.0, -9.0, 0.0, 5.0, 0.0, 9.0, 0.0, -5.0, 0.0, 3.0, 0.0, -7.0, 0.0, 3.0, 0.0, 7.0, 0.0, -3.0, 0.0, 0.0, -7.0, 0.0, 3.0, 0.0, 7.0, 0.0, -3.0, 0.0, -1.0, 0.0, -5.0, 0.0, 1.0, 0.0, 5.0, 0.0, -1.0, 0.0, 0.0, -5.0, 0.0, 1.0, 0.0, 5.0, 0.0, -1.0, 0.0, -13.0, -9.0, -9.0, 5.0, -13.0, 9.0, -9.0, -5.0, -5.0, 13.0, -9.0, 9.0, 5.0, 13.0, 9.0, 9.0, -5.0, 5.0, 13.0, -9.0, 9.0, 5.0, 13.0, 9.0, 9.0, -5.0, 5.0, 3.0, -11.0, -7.0, -7.0, 3.0, -11.0, 7.0, -7.0, -3.0, -3.0, 11.0, -7.0, 7.0, 3.0, 11.0, 7.0, 7.0, -3.0, 3.0, 11.0, -7.0, 7.0, 3.0, 11.0, 7.0, 7.0, -3.0, 3.0, -1.0, -9.0, -5.0, -5.0, 1.0, -9.0, 5.0, -5.0, -1.0, -1.0, 9.0, -5.0, 5.0, 1.0, 9.0, 5.0, 5.0, -1.0, 1.0, 9.0, -5.0, 5.0, 1.0, 9.0, 5.0, 5.0, -1.0, 1.0, -13.0, -9.0, -9.0, 5.0, -13.0, 9.0, -9.0, -5.0, -5.0, 13.0, -9.0, 9.0, 5.0, 13.0, 9.0, 9.0, -5.0, 5.0, 13.0, -9.0, 9.0, 5.0, 13.0, 9.0, 9.0, -5.0, 5.0, 3.0, -11.0, -7.0, -7.0, 3.0, -11.0, 7.0, -7.0, -3.0, -3.0, 11.0, -7.0, 7.0, 3.0, 11.0, 7.0, 7.0, -3.0, 3.0, 11.0, -7.0, 7.0, 3.0, 11.0, 7.0, 7.0, -3.0, 3.0, -1.0, -9.0, -5.0, -5.0, 1.0, -9.0, 5.0, -5.0, -1.0, -1.0, 9.0, -5.0, 5.0, 1.0, 9.0, 5.0, 5.0, -1.0, 1.0, 9.0, -5.0, 5.0, 1.0, 9.0, 5.0, 5.0, -1.0, 1.0]",2,"['raise2', 'c']",0.33333333333333337,[],/?J/P1:c,['/?J/P1:c'],"[163, 883, 1528]","[[9, 8], [12, 11, 13, 10]]","[[0.2, 0.8], [0.19999999999999998, 0.19999999999999998, 0.19999999999999998, 0.39999999999999997]]","[-1000, -1000]","[0, 1]","[0.0, 1.0]"
"[12, 9]","[81, 12]",7,3,"[-13.0, -9.0, -9.0, 5.0, -13.0, 9.0, -9.0, -5.0, -5.0, 13.0, -9.0, 9.0, 5.0, 13.0, 9.0, 9.0, -5.0, 5.0, 13.0, -9.0, 9.0, 5.0, 13.0, 9.0, 9.0, -5.0, 5.0, -3.0, 6.5, -9.0, 4.5, 5.0, 6.5, 9.0, 4.5, -5.0, 2.5, -6.5, -9.0, -4.5, 5.0, -6.5, 9.0, -4.5, -5.0, -2.5, 5.0, -11.0, 0.0, -2.0, 9.0, -2.0, 9.0, -7.0, 0.0, -4.0, 6.5, -9.0, 4.5, 5.0, 6.5, 9.0, 4.5, -5.0, 2.5, -6.5, -9.0, -4.5, 5.0, -6.5, 9.0, -4.5, -5.0, -2.5, -3.0]",1,"['c', 'f']",0.6666666666666667,[0],/Q?/P1:raise2/P2:raise2,"['/Q?/P1:raise2/P2:raise2', '/K?/P1:raise2/P2:raise2']","[692, 917, 1097, 1337, 1577, 1802]","[[21, 20, 22, 23], []]","[[0.4, 0.2, 0.2, 0.2], [0.2, 0.1, 0.2, 0.2, 0.2, 0.1]]","[-1000, -3.000000000000001]","[2, 3]","[1.0, 0.0]"
[13],[87],7,3,"[0.0, -9.0, 0.0, 5.0, 0.0, 9.0, 0.0, -5.0, 0.0, 0.0, -9.0, 0.0, 5.0, 0.0, 9.0, 0.0, -5.0, 0.0, -3.0, 13.0, -9.0, 9.0, 5.0, 13.0, 9.0, 9.0, -5.0, 5.0, -13.0, -9.0, -9.0, 5.0, -13.0, 9.0, -9.0, -5.0, -5.0, -13.0, -9.0, -9.0, 5.0, -13.0, 9.0, -9.0, -5.0, -5.0, -3.0, 13.0, -9.0, 9.0, 5.0, 13.0, 9.0, 9.0, -5.0, 5.0, -13.0, -9.0, -9.0, 5.0, -13.0, 9.0, -9.0, -5.0, -5.0, -13.0, -9.0, -9.0, 5.0, -13.0, 9.0, -9.0, -5.0, -5.0, -3.0]",1,"['c', 'f']",0.33333333333333337,[1],/J?/P1:raise2/P2:raise2,['/J?/P1:raise2/P2:raise2'],"[32, 212, 452]","[[22, 20], []]","[[0.8, 0.2], [0.19999999999999998, 0.39999999999999997, 0.39999999999999997]]","[-1000, -3.0]","[2, 3]","[1.0, 0.0]"
"[11, 10]","[72, 53]",15,3,"[-13.0, -9.0, -9.0, 5.0, -13.0, 9.0, -9.0, -5.0, -5.0, 13.0, -9.0, 9.0, 5.0, 13.0, 9.0, 9.0, -5.0, 5.0, 13.0, -9.0, 9.0, 5.0, 13.0, 9.0, 9.0, -5.0, 5.0, 3.0, -11.0, -7.0, -7.0, 3.0, -11.0, 7.0, -7.0, -3.0, -3.0, 11.0, -7.0, 7.0, 3.0, 11.0, 7.0, 7.0, -3.0, 3.0, 11.0, -7.0, 7.0, 3.0, 11.0, 7.0, 7.0, -3.0, 3.0, -1.0, 6.5, -9.0, 4.5, 5.0, 6.5, 9.0, 4.5, -5.0, 2.5, -6.5, -9.0, -4.5, 5.0, -6.5, 9.0, -4.5, -5.0, -2.5, 8.0, -4.5, 1.0, 2.5, 8.0, 4.5, 8.0, -2.5, 1.0, 1.5, 5.5, -7.0, 3.5, 3.0, 5.5, 7.0, 3.5, -3.0, 1.5, -6.0, -10.0, -8.0, -3.0, -3.0, -3.0, 1.0, -6.0, -4.0, 3.0, 3.0, -1.0, 6.0, 8.0, 10.0, 8.0, 3.0, -1.0, 2.0, -6.5, -9.0, -4.5, 5.0, -6.5, 9.0, -4.5, -5.0, -2.5, 1.5, -10.0, -3.5, -1.0, 1.5, -1.0, 3.5, -6.0, -1.5, 0.0, 5.5, -7.0, 3.5, 3.0, 5.5, 7.0, 3.5, -3.0, 1.5, -5.5, -7.0, -3.5, 3.0, -5.5, 7.0, -3.5, -3.0, -1.5, -1.0]",1,"['raise2', 'c', 'f']",0.6666666666666667,[0],/K?/P1:c/P2:raise2,"['/K?/P1:c/P2:raise2', '/Q?/P1:c/P2:raise2']","[1481, 1721, 1901, 836, 1016, 1241]","[[19, 18], [26, 24, 27, 25], []]","[[0.39999999999999997, 0.6], [0.2, 0.4, 0.2, 0.2], [0.2, 0.2, 0.1, 0.2, 0.1, 0.2]]","[-1000, -1000, -1.0]","[4, 5]","[0.9183421684288042, 0.08165783157119583, 0.0]"
[14],[141],15,3,"[0.0, -9.0, 0.0, 5.0, 0.0, 9.0, 0.0, -5.0, 0.0, 0.0, -9.0, 0.0, 5.0, 0.0, 9.0, 0.0, -5.0, 0.0, 3.0, 0.0, -7.0, 0.0, 3.0, 0.0, 7.0, 0.0, -3.0, 0.0, 0.0, -7.0, 0.0, 3.0, 0.0, 7.0, 0.0, -3.0, 0.0, -1.0, 13.0, -9.0, 9.0, 5.0, 13.0, 9.0, 9.0, -5.0, 5.0, -13.0, -9.0, -9.0, 5.0, -13.0, 9.0, -9.0, -5.0, -5.0, -13.0, -9.0, -9.0, 5.0, -13.0, 9.0, -9.0, -5.0, -5.0, 3.0, 11.0, -7.0, 7.0, 3.0, 11.0, 7.0, 7.0, -3.0, 3.0, -11.0, -7.0, -7.0, 3.0, -11.0, 7.0, -7.0, -3.0, -3.0, -11.0, -7.0, -7.0, 3.0, -11.0, 7.0, -7.0, -3.0, -3.0, -1.0, 13.0, -9.0, 9.0, 5.0, 13.0, 9.0, 9.0, -5.0, 5.0, -13.0, -9.0, -9.0, 5.0, -13.0, 9.0, -9.0, -5.0, -5.0, -13.0, -9.0, -9.0, 5.0, -13.0, 9.0, -9.0, -5.0, -5.0, 3.0, 11.0, -7.0, 7.0, 3.0, 11.0, 7.0, 7.0, -3.0, 3.0, -11.0, -7.0, -7.0, 3.0, -11.0, 7.0, -7.0, -3.0, -3.0, -11.0, -7.0, -7.0, 3.0, -11.0, 7.0, -7.0, -3.0, -3.0, -1.0]",1,"['raise2', 'c', 'f']",0.33333333333333337,[1],/J?/P1:c/P2:raise2,['/J?/P1:c/P2:raise2'],"[131, 356, 596]","[[19, 18], [24, 27], []]","[[0.2, 0.8], [0.8, 0.2], [0.19999999999999998, 0.39999999999999997, 0.39999999999999997]]","[-1000, -1000, -1.0]","[4, 5]","[0.32067440828488236, 0.6793255917151175, 0.0]"
"[18, 15]","[25, 2]",1,3,"[9.0, -5.0, 5.0, 1.0, 9.0, 5.0, 5.0, -1.0, 1.0, -4.5, -5.0, -2.5, 1.0, -4.5, 5.0, -2.5, -1.0, -0.5, -4.5, -5.0, -2.5, 1.0, -4.5, 5.0, -2.5, -1.0, -0.5]",1,"['raise4', 'c']",0.26666666666666666,[0],/Q?/P1:c/P2:c/C:K,"['/Q?/P1:c/P2:c/C:K', '/K?/P1:c/P2:c/C:Q']","[881, 1046, 1286, 1511, 1751, 1931]","[[37, 43], [29, 30, 36]]","[[0.75, 0.25], [0.5, 0.25, 0.25]]","[-1000, -1000]","[4, 5]","[0.5, 0.5]"
"[17, 19]","[11, 26]",1,3,"[-9.0, -5.0, -5.0, 1.0, -9.0, 5.0, -5.0, -1.0, -1.0, 4.5, -5.0, 2.5, 1.0, 4.5, 5.0, 2.5, -1.0, 0.5, -4.5, -5.0, -2.5, 1.0, -4.5, 5.0, -2.5, -1.0, -0.5]",1,"['raise4', 'c']",0.26666666666666666,[0],/K?/P1:c/P2:c/C:J,"['/K?/P1:c/P2:c/C:J', '/Q?/P1:c/P2:c/C:J']","[1496, 1736, 1916, 851, 1031, 1256]","[[43, 38, 39], [36, 29, 31]]","[[0.24999999999999994, 0.37499999999999994, 0.37499999999999994], [0.24999999999999994, 0.37499999999999994, 0.37499999999999994]]","[-1000, -1000]","[4, 5]","[0.5, 0.5]"
[25],"[131, 63]",1,3,"[0.0, -5.0, 0.0, 1.0, 0.0, 5.0, 0.0, -1.0, 0.0, -9.0, -5.0, -5.0, 1.0, -9.0, 5.0, -5.0, -1.0, -1.0, -9.0, -5.0, -5.0, 1.0, -9.0, 5.0, -5.0, -1.0, -1.0]",1,"['raise4', 'c']",0.26666666666666666,[1],/J?/P1:c/P2:c/C:Q,"['/J?/P1:c/P2:c/C:Q', '/J?/P1:c/P2:c/C:K']","[146, 386, 626, 161, 401, 641]","[[37, 43], [29, 36, 30]]","[[0.75, 0.25], [0.25, 0.25, 0.5]]","[-1000, -1000]","[4, 5]","[0.5, 0.5]"
[16],"[23, 125, 10]",1,3,"[9.0, -5.0, 5.0, 1.0, 9.0, 5.0, 5.0, -1.0, 1.0, 9.0, -5.0, 5.0, 1.0, 9.0, 5.0, 5.0, -1.0, 1.0]",1,"['raise4', 'c']",0.20000000000000004,"[1, 0]",/Q?/P1:c/P2:c/C:Q,"['/Q?/P1:c/P2:c/C:Q', '/J?/P1:c/P2:c/C:J', '/K?/P1:c/P2:c/C:K']","[866, 1271, 371, 611, 1526, 1766]","[[37, 38, 39], [29, 30, 31]]","[[0.6666666666666667, 0.16666666666666669, 0.16666666666666669], [0.5, 0.3333333333333333, 0.16666666666666666]]","[-1000, -1000]","[4, 5]","[1.0, 0.0]"
"[22, 20]","[51, 39]",14,3,"[11.0, -7.0, 7.0, 3.0, 11.0, 7.0, 7.0, -3.0, 3.0, -5.5, -7.0, -3.5, 3.0, -5.5, 7.0, -3.5, -3.0, -1.5, -5.5, -7.0, -3.5, 3.0, -5.5, 7.0, -3.5, -3.0, -1.5]",1,"['raise4', 'c']",0.26666666666666666,[0],/Q?/P1:raise2/P2:c/C:K,"['/Q?/P1:raise2/P2:c/C:K', '/K?/P1:raise2/P2:c/C:Q']","[737, 947, 1142, 1367, 1607, 1832]","[[41, 32, 42], [33, 28]]","[[0.6250000000000001, 0.25, 0.125], [0.75, 0.25]]","[-1000, -1000]","[2, 3]","[0.5, 0.5]"
"[21, 23]","[47, 52]",14,3,"[-11.0, -7.0, -7.0, 3.0, -11.0, 7.0, -7.0, -3.0, -3.0, 5.5, -7.0, 3.5, 3.0, 5.5, 7.0, 3.5, -3.0, 1.5, -5.5, -7.0, -3.5, 3.0, -5.5, 7.0, -3.5, -3.0, -1.5]",1,"['raise4', 'c']",0.26666666666666666,[0],/K?/P1:raise2/P2:c/C:J,"['/K?/P1:raise2/P2:c/C:J', '/Q?/P1:raise2/P2:c/C:J']","[1352, 1592, 1817, 707, 932, 1112]","[[32, 40], [28, 35, 34]]","[[0.25, 0.75], [0.24999999999999994, 0.37499999999999994, 0.37499999999999994]]","[-1000, -1000]","[2, 3]","[0.5, 0.5]"
[26],"[129, 124]",14,3,"[0.0, -7.0, 0.0, 3.0, 0.0, 7.0, 0.0, -3.0, 0.0, -11.0, -7.0, -7.0, 3.0, -11.0, 7.0, -7.0, -3.0, -3.0, -11.0, -7.0, -7.0, 3.0, -11.0, 7.0, -7.0, -3.0, -3.0]",1,"['raise4', 'c']",0.26666666666666666,[1],/J?/P1:raise2/P2:c/C:K,"['/J?/P1:raise2/P2:c/C:K', '/J?/P1:raise2/P2:c/C:Q']","[62, 257, 497, 47, 242, 482]","[[41, 32, 42], [33, 28]]","[[0.5, 0.25, 0.25], [0.75, 0.25]]","[-1000, -1000]","[2, 3]","[0.5, 0.5]"
[24],"[114, 128, 57]",14,3,"[11.0, -7.0, 7.0, 3.0, 11.0, 7.0, 7.0, -3.0, 3.0, 11.0, -7.0, 7.0, 3.0, 11.0, 7.0, 7.0, -3.0, 3.0]",1,"['raise4', 'c']",0.20000000000000004,"[1, 0]",/K?/P1:raise2/P2:c/C:K,"['/K?/P1:raise2/P2:c/C:K', '/J?/P1:raise2/P2:c/C:J', '/Q?/P1:raise2/P2:c/C:Q']","[1382, 1622, 227, 467, 722, 1127]","[[41, 40, 42], [33, 35, 34]]","[[0.5, 0.3333333333333333, 0.16666666666666666], [0.6666666666666667, 0.16666666666666669, 0.16666666666666669]]","[-1000, -1000]","[2, 3]","[0.5613887631418721, 0.4386112368581279]"
"[28, 29]","[169, 235]",27,4,"[13.0, -9.0, 9.0, 5.0, 13.0, 9.0, 9.0, -5.0, 5.0, -13.0, -9.0, -9.0, 5.0, -13.0, 9.0, -9.0, -5.0, -5.0, -13.0, -9.0, -9.0, 5.0, -13.0, 9.0, -9.0, -5.0, -5.0, 3.0, -6.5, -9.0, -4.5, 5.0, -6.5, 9.0, -4.5, -5.0, -2.5, 6.5, -9.0, 4.5, 5.0, 6.5, 9.0, 4.5, -5.0, 2.5, -5.0, 2.0, -9.0, 7.0, -4.0, 11.0, 0.0, 2.0, -5.0, 4.0, -6.5, -9.0, -4.5, 5.0, -6.5, 9.0, -4.5, -5.0, -2.5, 6.5, -9.0, 4.5, 5.0, 6.5, 9.0, 4.5, -5.0, 2.5, 3.0]",2,"['c', 'f']",0.6666666666666667,[4],/?K/P1:c/P2:raise2/P1:raise2,"['/?K/P1:c/P2:raise2/P1:raise2', '/?Q/P1:c/P2:raise2/P1:raise2']","[548, 1193, 1868, 308, 983, 1673]","[[63, 61, 60, 62], []]","[[0.19999999999999998, 0.39999999999999997, 0.3, 0.09999999999999999], [0.2, 0.2, 0.1, 0.2, 0.1, 0.2]]","[-1000, 3.0000000000000004]","[8, 9]","[1.0, 0.0]"
[27],[161],27,4,"[0.0, -9.0, 0.0, 5.0, 0.0, 9.0, 0.0, -5.0, 0.0, 0.0, -9.0, 0.0, 5.0, 0.0, 9.0, 0.0, -5.0, 0.0, 3.0, -13.0, -9.0, -9.0, 5.0, -13.0, 9.0, -9.0, -5.0, -5.0, 13.0, -9.0, 9.0, 5.0, 13.0, 9.0, 9.0, -5.0, 5.0, 13.0, -9.0, 9.0, 5.0, 13.0, 9.0, 9.0, -5.0, 5.0, 3.0, -13.0, -9.0, -9.0, 5.0, -13.0, 9.0, -9.0, -5.0, -5.0, 13.0, -9.0, 9.0, 5.0, 13.0, 9.0, 9.0, -5.0, 5.0, 13.0, -9.0, 9.0, 5.0, 13.0, 9.0, 9.0, -5.0, 5.0, 3.0]",2,"['c', 'f']",0.33333333333333337,[5],/?J/P1:c/P2:raise2/P1:raise2,['/?J/P1:c/P2:raise2/P1:raise2'],"[98, 788, 1433]","[[61, 60, 63, 62], []]","[[0.4, 0.2, 0.2, 0.2], [0.19999999999999998, 0.39999999999999997, 0.39999999999999997]]","[-1000, 3.0]","[8, 9]","[1.0, 0.0]"
[30],"[21, 86, 0]",0,4,"[13.0, -9.0, 9.0, 5.0, 13.0, 9.0, 9.0, -5.0, 5.0, 13.0, -9.0, 9.0, 5.0, 13.0, 9.0, 9.0, -5.0, 5.0]",1,"['raise4', 'c']",0.20000000000000004,"[6, 7]",/K?/P1:raise2/P2:raise2/P1:c/C:K,"['/K?/P1:raise2/P2:raise2/P1:c/C:K', '/Q?/P1:raise2/P2:raise2/P1:c/C:Q', '/J?/P1:raise2/P2:raise2/P1:c/C:J']","[1334, 1574, 674, 1079, 179, 419]","[[72, 73, 74], [75, 77, 76]]","[[0.6666666666666667, 0.16666666666666669, 0.16666666666666669], [0.5, 0.16666666666666666, 0.3333333333333333]]","[-1000, -1000]","[6, 7]","[1.0, 0.0]"
"[32, 36]","[22, 83]",0,4,"[-13.0, -9.0, -9.0, 5.0, -13.0, 9.0, -9.0, -5.0, -5.0, 6.5, -9.0, 4.5, 5.0, 6.5, 9.0, 4.5, -5.0, 2.5, -6.5, -9.0, -4.5, 5.0, -6.5, 9.0, -4.5, -5.0, -2.5]",1,"['raise4', 'c']",0.26666666666666666,[6],/K?/P1:raise2/P2:raise2/P1:c/C:J,"['/K?/P1:raise2/P2:raise2/P1:c/C:J', '/Q?/P1:raise2/P2:raise2/P1:c/C:J']","[1304, 1544, 1784, 659, 899, 1064]","[[67, 73, 74], [78, 76]]","[[0.24999999999999994, 0.37499999999999994, 0.37499999999999994], [0.25, 0.75]]","[-1000, -1000]",[6],"[0.5, 0.5]"
"[35, 31]","[82, 9, 1]",0,4,"[6.5, -9.0, 4.5, 5.0, 6.5, 9.0, 4.5, -5.0, 2.5, -6.5, -9.0, -4.5, 5.0, -6.5, 9.0, -4.5, -5.0, -2.5, -13.0, -9.0, -9.0, 5.0, -13.0, 9.0, -9.0, -5.0, -5.0]",1,"['raise4', 'c']",0.4,"[6, 7]",/Q?/P1:raise2/P2:raise2/P1:c/C:K,"['/Q?/P1:raise2/P2:raise2/P1:c/C:K', '/J?/P1:raise2/P2:raise2/P1:c/C:Q', '/J?/P1:raise2/P2:raise2/P1:c/C:K']","[689, 914, 1094, 14, 194, 434, 29, 209, 449]","[[72, 67], [75, 77, 78]]","[[0.7499999999999999, 0.25], [0.5, 0.25, 0.25]]","[-1000, -1000]","[6, 7]","[0.5, 0.5]"
[33],[27],0,4,"[13.0, -9.0, 9.0, 5.0, 13.0, 9.0, 9.0, -5.0, 5.0, -13.0, -9.0, -9.0, 5.0, -13.0, 9.0, -9.0, -5.0, -5.0, 0.0, -9.0, 0.0, 5.0, 0.0, 9.0, 0.0, -5.0, 0.0]",1,"['raise4', 'c']",0.13333333333333333,[6],/K?/P1:raise2/P2:raise2/P1:c/C:Q,['/K?/P1:raise2/P2:raise2/P1:c/C:Q'],"[1319, 1559, 1799]","[[72, 67], [75, 78]]","[[0.75, 0.25], [0.75, 0.25]]","[-1000, -1000]",[6],"[0.5, 0.5]"
"[38, 40, 34]","[94, 119, 113, 74]",16,4,"[7.333333333333333, -7.0, 4.666666666666667, 3.0, 7.333333333333333, 7.0, 4.666666666666667, -3.0, 2.0, -7.333333333333333, -7.0, -4.666666666666667, 3.0, -7.333333333333333, 7.0, -4.666666666666667, -3.0, -2.0, -7.333333333333333, -7.0, -4.666666666666667, 3.0, -7.333333333333333, 7.0, -4.666666666666667, -3.0, -2.0]",1,"['raise4', 'c']",0.5333333333333333,"[8, 9]",/Q?/P1:c/P2:raise2/P1:c/C:K,"['/Q?/P1:c/P2:raise2/P1:c/C:K', '/J?/P1:c/P2:raise2/P1:c/C:K', '/J?/P1:c/P2:raise2/P1:c/C:Q', '/K?/P1:c/P2:raise2/P1:c/C:Q']","[833, 1013, 1238, 128, 353, 593, 113, 338, 578, 1463, 1703, 1898]","[[64, 79], [69, 68]]","[[0.75, 0.25], [0.75, 0.25]]","[-1000, -1000]","[8, 9]","[0.5, 0.5]"
[39],[95],16,4,"[-11.0, -7.0, -7.0, 3.0, -11.0, 7.0, -7.0, -3.0, -3.0, 0.0, -7.0, 0.0, 3.0, 0.0, 7.0, 0.0, -3.0, 0.0, -11.0, -7.0, -7.0, 3.0, -11.0, 7.0, -7.0, -3.0, -3.0]",1,"['raise4', 'c']",0.13333333333333333,[8],/Q?/P1:c/P2:raise2/P1:c/C:J,['/Q?/P1:c/P2:raise2/P1:c/C:J'],"[803, 998, 1208]","[[79, 65, 66], [68, 71, 70]]","[[0.25, 0.25, 0.5], [0.25, 0.25, 0.5]]","[-1000, -1000]",[8],"[0.5, 0.5]"
[41],[122],16,4,"[-11.0, -7.0, -7.0, 3.0, -11.0, 7.0, -7.0, -3.0, -3.0, 11.0, -7.0, 7.0, 3.0, 11.0, 7.0, 7.0, -3.0, 3.0, 0.0, -7.0, 0.0, 3.0, 0.0, 7.0, 0.0, -3.0, 0.0]",1,"['raise4', 'c']",0.13333333333333333,[8],/K?/P1:c/P2:raise2/P1:c/C:J,['/K?/P1:c/P2:raise2/P1:c/C:J'],"[1448, 1688, 1883]","[[79, 65, 66], [68, 71, 70]]","[[0.25, 0.5, 0.25], [0.25, 0.5, 0.25]]","[-1000, -1000]",[8],"[0.5, 0.5]"
[37],"[118, 121, 93]",16,4,"[11.0, -7.0, 7.0, 3.0, 11.0, 7.0, 7.0, -3.0, 3.0, 11.0, -7.0, 7.0, 3.0, 11.0, 7.0, 7.0, -3.0, 3.0]",1,"['raise4', 'c']",0.20000000000000004,"[8, 9]",/J?/P1:c/P2:raise2/P1:c/C:J,"['/J?/P1:c/P2:raise2/P1:c/C:J', '/K?/P1:c/P2:raise2/P1:c/C:K', '/Q?/P1:c/P2:raise2/P1:c/C:Q']","[323, 563, 1478, 1718, 818, 1223]","[[65, 66, 64], [71, 70, 69]]","[[0.16666666666666666, 0.16666666666666666, 0.6666666666666666], [0.16666666666666666, 0.16666666666666666, 0.6666666666666666]]","[-1000, -1000]","[8, 9]","[0.6945544554455445, 0.3054455445544555]"
[42],"[220, 269, 157]",26,4,"[-11.0, 7.0, -7.0, -3.0, -3.0, -11.0, 7.0, -7.0, -3.0, -3.0]",2,"['raise4', 'c']",0.20000000000000004,"[3, 2]",/?K/P1:raise2/P2:c/C:K/P1:c,"['/?K/P1:raise2/P2:c/C:K/P1:c', '/?Q/P1:raise2/P2:c/C:Q/P1:c', '/?J/P1:raise2/P2:c/C:J/P1:c']","[496, 1141, 241, 1606, 706, 1351]","[[50, 52, 51], []]","[[0.6666666666666667, 0.16666666666666669, 0.16666666666666669], [0.16666666666666669, 0.16666666666666669, 0.16666666666666669, 0.16666666666666669, 0.16666666666666669, 0.16666666666666669]]","[-1000, -3.0]","[14, 15, 16]","[0.49343409937210003, 0.5065659006279]"
"[53, 43]","[274, 242, 165]",29,4,"[4.5, 5.0, 2.5, -1.0, 0.5, 4.5, 5.0, 2.5, -1.0, 0.5, 9.0, 5.0, 5.0, -1.0, 1.0]",2,"['raise4', 'c']",0.4,"[5, 4]",/?J/P1:c/P2:c/C:Q/P1:c,"['/?J/P1:c/P2:c/C:Q/P1:c', '/?J/P1:c/P2:c/C:K/P1:c', '/?Q/P1:c/P2:c/C:J/P1:c']","[145, 865, 1510, 160, 880, 1525, 370, 1030, 1735]","[[44, 53, 46, 45], []]","[[0.5, 0.25, 0.08333333333333333, 0.16666666666666666], [0.08333333333333334, 0.08333333333333334, 0.16666666666666669, 0.08333333333333334, 0.16666666666666669, 0.08333333333333334, 0.08333333333333334, 0.08333333333333334, 0.16666666666666669]]","[-1000, 0.75]","[10, 11, 12, 13]","[0.5, 0.5]"
"[51, 54]","[216, 243]",29,4,"[-9.0, 5.0, -5.0, -1.0, -1.0, 4.5, 5.0, 2.5, -1.0, 0.5, 4.5, 5.0, 2.5, -1.0, 0.5]",2,"['raise4', 'c']",0.26666666666666666,[4],/?K/P1:c/P2:c/C:Q/P1:c,"['/?K/P1:c/P2:c/C:Q/P1:c', '/?Q/P1:c/P2:c/C:K/P1:c']","[625, 1270, 1930, 400, 1045, 1765]","[[44, 53], []]","[[0.75, 0.25], [0.25, 0.125, 0.125, 0.25, 0.125, 0.125]]","[-1000, -0.25]","[10, 12, 13]","[0.0, 1.0]"
[57],[254],29,4,"[9.0, 5.0, 5.0, -1.0, 1.0, -9.0, 5.0, -5.0, -1.0, -1.0, 0.0, 5.0, 0.0, -1.0, 0.0]",2,"['raise4', 'c']",0.13333333333333333,[4],/?K/P1:c/P2:c/C:J/P1:c,['/?K/P1:c/P2:c/C:J/P1:c'],"[610, 1255, 1915]","[[53, 46, 45], []]","[[0.25, 0.5, 0.25], [0.25, 0.5, 0.25]]","[-1000, -0.25]","[11, 13]","[0.0, 1.0]"
[44],"[174, 239, 170]",30,4,"[-11.0, -7.0, -7.0, 3.0, -11.0, -7.0, -7.0, 3.0]",2,"['raise4', 'c', 'f']",0.20000000000000004,"[3, 2]",/?J/P1:raise2/P2:c/C:J/P1:raise4,"['/?J/P1:raise2/P2:c/C:J/P1:raise4', '/?Q/P1:raise2/P2:c/C:Q/P1:raise4', '/?K/P1:raise2/P2:c/C:K/P1:raise4']","[698, 1343, 233, 1598, 488, 1133]","[[58, 57, 59], [], []]","[[0.3333333333333333, 0.5, 0.16666666666666666], [0.16666666666666669, 0.16666666666666669, 0.16666666666666669, 0.16666666666666669, 0.16666666666666669, 0.16666666666666669], [0.16666666666666669, 0.16666666666666669, 0.16666666666666669, 0.16666666666666669, 0.16666666666666669, 0.16666666666666669]]","[-1000, -7.000000000000001, 3.0]","[14, 15, 16]","[0.0, 1.0, 0.0]"
"[55, 60, 45]","[245, 264, 283, 182]",26,4,"[-7.333333333333333, 7.0, -4.666666666666667, -3.0, -2.0, 7.333333333333333, 7.0, 4.666666666666667, -3.0, 2.0, 7.333333333333333, 7.0, 4.666666666666667, -3.0, 2.0]",2,"['raise4', 'c']",0.5333333333333333,"[2, 3]",/?K/P1:raise2/P2:c/C:Q/P1:c,"['/?K/P1:raise2/P2:c/C:Q/P1:c', '/?Q/P1:raise2/P2:c/C:K/P1:c', '/?J/P1:raise2/P2:c/C:Q/P1:c', '/?J/P1:raise2/P2:c/C:K/P1:c']","[481, 1126, 1831, 256, 946, 1621, 46, 721, 1366, 61, 736, 1381]","[[50, 56], []]","[[0.75, 0.25], [0.125, 0.0625, 0.0625, 0.125, 0.0625, 0.0625, 0.0625, 0.0625, 0.125, 0.0625, 0.125, 0.0625]]","[-1000, 0.75]","[14, 16, 17]","[0.5, 0.5]"
[56],[252],26,4,"[11.0, 7.0, 7.0, -3.0, 3.0, -11.0, 7.0, -7.0, -3.0, -3.0, 0.0, 7.0, 0.0, -3.0, 0.0]",2,"['raise4', 'c']",0.13333333333333333,[2],/?K/P1:raise2/P2:c/C:J/P1:c,['/?K/P1:raise2/P2:c/C:J/P1:c'],"[466, 1111, 1816]","[[56, 52, 51], []]","[[0.25, 0.5, 0.25], [0.25, 0.5, 0.25]]","[-1000, -0.75]","[15, 17]","[0.0, 1.0]"
[63],[270],26,4,"[11.0, 7.0, 7.0, -3.0, 3.0, 0.0, 7.0, 0.0, -3.0, 0.0, 11.0, 7.0, 7.0, -3.0, 3.0]",2,"['raise4', 'c']",0.13333333333333333,[2],/?Q/P1:raise2/P2:c/C:J/P1:c,['/?Q/P1:raise2/P2:c/C:J/P1:c'],"[226, 931, 1591]","[[56, 52, 51], []]","[[0.25, 0.25, 0.5], [0.25, 0.25, 0.5]]","[-1000, 2.25]","[15, 17]","[0.5, 0.5]"
[46],"[212, 228, 185]",29,4,"[-9.0, 5.0, -5.0, -1.0, -1.0, -9.0, 5.0, -5.0, -1.0, -1.0]",2,"['raise4', 'c']",0.20000000000000004,"[5, 4]",/?Q/P1:c/P2:c/C:Q/P1:c,"['/?Q/P1:c/P2:c/C:Q/P1:c', '/?J/P1:c/P2:c/C:J/P1:c', '/?K/P1:c/P2:c/C:K/P1:c']","[385, 1750, 850, 1495, 640, 1285]","[[44, 46, 45], []]","[[0.6666666666666667, 0.16666666666666669, 0.16666666666666669], [0.16666666666666669, 0.16666666666666669, 0.16666666666666669, 0.16666666666666669, 0.16666666666666669, 0.16666666666666669]]","[-1000, -1.0000000000000002]","[10, 11, 12]","[0.0, 1.0]"
"[48, 52, 47]","[213, 202, 219, 190]",34,4,"[-6.0, -5.0, -3.3333333333333335, 1.0, 6.0, -5.0, 3.3333333333333335, 1.0, 6.0, -5.0, 3.3333333333333335, 1.0]",2,"['raise4', 'c', 'f']",0.5333333333333333,"[5, 4]",/?J/P1:c/P2:c/C:K/P1:raise4,"['/?J/P1:c/P2:c/C:K/P1:raise4', '/?J/P1:c/P2:c/C:Q/P1:raise4', '/?Q/P1:c/P2:c/C:K/P1:raise4', '/?K/P1:c/P2:c/C:Q/P1:raise4']","[152, 872, 1517, 137, 857, 1502, 392, 1037, 1757, 617, 1262, 1922]","[[47, 55], [], []]","[[0.75, 0.25], [0.0625, 0.125, 0.0625, 0.0625, 0.0625, 0.125, 0.125, 0.0625, 0.0625, 0.125, 0.0625, 0.0625], [0.0625, 0.125, 0.0625, 0.0625, 0.0625, 0.125, 0.125, 0.0625, 0.0625, 0.125, 0.0625, 0.0625]]","[-1000, 1.25, 1.0]","[10, 12, 13]","[0.3333333333333333, 0.3333333333333333, 0.33333333333333337]"
[58],[256],34,4,"[9.0, -5.0, 5.0, 1.0, 0.0, -5.0, 0.0, 1.0, 9.0, -5.0, 5.0, 1.0]",2,"['raise4', 'c', 'f']",0.13333333333333333,[4],/?Q/P1:c/P2:c/C:J/P1:raise4,['/?Q/P1:c/P2:c/C:J/P1:raise4'],"[362, 1022, 1727]","[[55, 49, 48], [], []]","[[0.25, 0.25, 0.5], [0.25, 0.25, 0.5], [0.25, 0.25, 0.5]]","[-1000, 3.75, 1.0]","[11, 13]","[0.0, 0.0, 1.0]"
[62],[268],34,4,"[9.0, -5.0, 5.0, 1.0, -9.0, -5.0, -5.0, 1.0, 0.0, -5.0, 0.0, 1.0]",2,"['raise4', 'c', 'f']",0.13333333333333333,[4],/?K/P1:c/P2:c/C:J/P1:raise4,['/?K/P1:c/P2:c/C:J/P1:raise4'],"[602, 1247, 1907]","[[55, 49, 48], [], []]","[[0.25, 0.5, 0.25], [0.25, 0.5, 0.25], [0.25, 0.5, 0.25]]","[-1000, -1.25, 1.0]","[11, 13]","[0.0, 1.0, 0.0]"
"[59, 65]","[257, 280]",30,4,"[11.0, -7.0, 7.0, 3.0, -5.5, -7.0, -3.5, 3.0, 5.5, -7.0, 3.5, 3.0]",2,"['raise4', 'c', 'f']",0.26666666666666666,[2],/?K/P1:raise2/P2:c/C:J/P1:raise4,"['/?K/P1:raise2/P2:c/C:J/P1:raise4', '/?Q/P1:raise2/P2:c/C:J/P1:raise4']","[458, 1103, 1808, 218, 923, 1583]","[[54, 58], [], []]","[[0.25, 0.75], [0.125, 0.25, 0.125, 0.125, 0.125, 0.25], [0.125, 0.25, 0.125, 0.125, 0.125, 0.25]]","[-1000, 1.75, 3.0]","[15, 17]","[0.0, 1.0, 0.0]"
"[64, 49]","[278, 244, 208]",30,4,"[-5.5, -7.0, -3.5, 3.0, 5.5, -7.0, 3.5, 3.0, 11.0, -7.0, 7.0, 3.0]",2,"['raise4', 'c', 'f']",0.4,"[2, 3]",/?Q/P1:raise2/P2:c/C:K/P1:raise4,"['/?Q/P1:raise2/P2:c/C:K/P1:raise4', '/?J/P1:raise2/P2:c/C:K/P1:raise4', '/?J/P1:raise2/P2:c/C:Q/P1:raise4']","[248, 938, 1613, 53, 728, 1373, 38, 713, 1358]","[[57, 54, 59], [], []]","[[0.5833333333333333, 0.25, 0.16666666666666666], [0.16666666666666669, 0.08333333333333334, 0.08333333333333334, 0.08333333333333334, 0.16666666666666669, 0.08333333333333334, 0.08333333333333334, 0.08333333333333334, 0.16666666666666669], [0.16666666666666669, 0.08333333333333334, 0.08333333333333334, 0.08333333333333334, 0.16666666666666669, 0.08333333333333334, 0.08333333333333334, 0.08333333333333334, 0.16666666666666669]]","[-1000, 2.916666666666667, 3.0]","[14, 16, 17]","[0.3333333333333333, 0.3333333333333333, 0.33333333333333337]"
[61],[265],30,4,"[-11.0, -7.0, -7.0, 3.0, 11.0, -7.0, 7.0, 3.0, 0.0, -7.0, 0.0, 3.0]",2,"['raise4', 'c', 'f']",0.13333333333333333,[2],/?K/P1:raise2/P2:c/C:Q/P1:raise4,['/?K/P1:raise2/P2:c/C:Q/P1:raise4'],"[473, 1118, 1823]","[[57, 54, 59], [], []]","[[0.5, 0.25, 0.25], [0.5, 0.25, 0.25], [0.5, 0.25, 0.25]]","[-1000, -1.75, 3.0]","[14, 16, 17]","[0.0, 1.0, 0.0]"
[50],"[217, 260, 215]",34,4,"[-9.0, -5.0, -5.0, 1.0, -9.0, -5.0, -5.0, 1.0]",2,"['raise4', 'c', 'f']",0.20000000000000004,"[5, 4]",/?Q/P1:c/P2:c/C:Q/P1:raise4,"['/?Q/P1:c/P2:c/C:Q/P1:raise4', '/?K/P1:c/P2:c/C:K/P1:raise4', '/?J/P1:c/P2:c/C:J/P1:raise4']","[377, 1742, 632, 1277, 842, 1487]","[[47, 49, 48], [], []]","[[0.6666666666666667, 0.16666666666666669, 0.16666666666666669], [0.16666666666666669, 0.16666666666666669, 0.16666666666666669, 0.16666666666666669, 0.16666666666666669, 0.16666666666666669], [0.16666666666666669, 0.16666666666666669, 0.16666666666666669, 0.16666666666666669, 0.16666666666666669, 0.16666666666666669]]","[-1000, -5.000000000000002, 1.0000000000000002]","[10, 11, 12]","[0.4999999999999996, 0.5000000000000004, 0.0]"
"[67, 71, 66]","[49, 14, 36, 3]",2,5,"[6.0, 5.0, 3.3333333333333335, -1.0, -6.0, 5.0, -3.3333333333333335, -1.0, -6.0, 5.0, -3.3333333333333335, -1.0]",1,"['raise4', 'c', 'f']",0.5333333333333333,"[12, 10]",/J?/P1:c/P2:c/C:Q/P1:c/P2:raise4,"['/J?/P1:c/P2:c/C:Q/P1:c/P2:raise4', '/J?/P1:c/P2:c/C:K/P1:c/P2:raise4', '/Q?/P1:c/P2:c/C:K/P1:c/P2:raise4', '/K?/P1:c/P2:c/C:Q/P1:c/P2:raise4']","[143, 383, 623, 158, 398, 638, 878, 1043, 1283, 1508, 1748, 1928]","[[107, 104, 105], [], []]","[[0.375, 0.25, 0.375], [0.0625, 0.0625, 0.125, 0.0625, 0.125, 0.0625, 0.125, 0.0625, 0.0625, 0.125, 0.0625, 0.0625], [0.0625, 0.0625, 0.125, 0.0625, 0.125, 0.0625, 0.125, 0.0625, 0.0625, 0.125, 0.0625, 0.0625]]","[-1000, -1.25, -1.0]","[29, 30, 36]","[0.0, 0.0, 1.0]"
[83],[92],2,5,"[-9.0, 5.0, -5.0, -1.0, 9.0, 5.0, 5.0, -1.0, 0.0, 5.0, 0.0, -1.0]",1,"['raise4', 'c', 'f']",0.13333333333333333,[11],/K?/P1:c/P2:c/C:J/P1:c/P2:raise4,['/K?/P1:c/P2:c/C:J/P1:c/P2:raise4'],"[1493, 1733, 1913]","[[104, 106], [], []]","[[0.25, 0.75], [0.25, 0.5, 0.25], [0.25, 0.5, 0.25]]","[-1000, 1.25, -1.0]","[29, 31, 36]","[0.0, 1.0, 0.0]"
[88],[103],2,5,"[-9.0, 5.0, -5.0, -1.0, 0.0, 5.0, 0.0, -1.0, -9.0, 5.0, -5.0, -1.0]",1,"['raise4', 'c', 'f']",0.13333333333333333,[11],/Q?/P1:c/P2:c/C:J/P1:c/P2:raise4,['/Q?/P1:c/P2:c/C:J/P1:c/P2:raise4'],"[848, 1028, 1253]","[[104, 106], [], []]","[[0.25, 0.75], [0.25, 0.25, 0.5], [0.25, 0.25, 0.5]]","[-1000, -3.75, -1.0]","[29, 31, 36]","[0.0, 0.0, 1.0]"
"[76, 87, 68]","[55, 108, 101, 29]",9,5,"[6.0, -5.0, -6.0, -5.0, -6.0, -5.0]",1,"['c', 'f']",0.5333333333333333,"[10, 12]",/K?/P1:c/P2:c/C:Q/P1:raise4/P2:raise4,"['/K?/P1:c/P2:c/C:Q/P1:raise4/P2:raise4', '/J?/P1:c/P2:c/C:Q/P1:raise4/P2:raise4', '/J?/P1:c/P2:c/C:K/P1:raise4/P2:raise4', '/Q?/P1:c/P2:c/C:K/P1:raise4/P2:raise4']","[1499, 1739, 1919, 134, 374, 614, 149, 389, 629, 869, 1034, 1274]","[[], []]","[[0.125, 0.0625, 0.0625, 0.0625, 0.0625, 0.125, 0.0625, 0.125, 0.0625, 0.125, 0.0625, 0.0625], [0.125, 0.0625, 0.0625, 0.0625, 0.0625, 0.125, 0.0625, 0.125, 0.0625, 0.125, 0.0625, 0.0625]]","[-2.25, -5.0]","[37, 43]","[1.0, 0.0]"
[82],[91],9,5,"[-9.0, -5.0, 9.0, -5.0, 0.0, -5.0]",1,"['c', 'f']",0.13333333333333333,[11],/K?/P1:c/P2:c/C:J/P1:raise4/P2:raise4,['/K?/P1:c/P2:c/C:J/P1:raise4/P2:raise4'],"[1484, 1724, 1904]","[[], []]","[[0.25, 0.5, 0.25], [0.25, 0.5, 0.25]]","[2.25, -5.0]","[38, 39, 43]","[1.0, 0.0]"
[94],[137],9,5,"[-9.0, -5.0, 0.0, -5.0, -9.0, -5.0]",1,"['c', 'f']",0.13333333333333333,[11],/Q?/P1:c/P2:c/C:J/P1:raise4/P2:raise4,['/Q?/P1:c/P2:c/C:J/P1:raise4/P2:raise4'],"[839, 1019, 1244]","[[], []]","[[0.25, 0.25, 0.5], [0.25, 0.25, 0.5]]","[-6.75, -5.0]","[38, 39, 43]","[0.0, 1.0]"
"[75, 79, 69]","[54, 76, 123, 32]",11,5,"[7.333333333333333, 7.0, 4.666666666666667, -3.0, -7.333333333333333, 7.0, -4.666666666666667, -3.0, -7.333333333333333, 7.0, -4.666666666666667, -3.0]",1,"['raise4', 'c', 'f']",0.5333333333333333,"[14, 16]",/Q?/P1:raise2/P2:c/C:K/P1:c/P2:raise4,"['/Q?/P1:raise2/P2:c/C:K/P1:c/P2:raise4', '/K?/P1:raise2/P2:c/C:Q/P1:c/P2:raise4', '/J?/P1:raise2/P2:c/C:K/P1:c/P2:raise4', '/J?/P1:raise2/P2:c/C:Q/P1:c/P2:raise4']","[734, 944, 1139, 1364, 1604, 1829, 59, 254, 494, 44, 239, 479]","[[96, 102, 98], [], []]","[[0.5625, 0.25, 0.1875], [0.125, 0.0625, 0.0625, 0.125, 0.0625, 0.0625, 0.0625, 0.125, 0.0625, 0.0625, 0.0625, 0.125], [0.125, 0.0625, 0.0625, 0.125, 0.0625, 0.0625, 0.0625, 0.125, 0.0625, 0.0625, 0.0625, 0.125]]","[-1000, -1.75, -3.0]","[28, 33]","[0.0, 1.0, 0.0]"
[78],[65],11,5,"[-11.0, 7.0, -7.0, -3.0, 11.0, 7.0, 7.0, -3.0, 0.0, 7.0, 0.0, -3.0]",1,"['raise4', 'c', 'f']",0.13333333333333333,[15],/K?/P1:raise2/P2:c/C:J/P1:c/P2:raise4,['/K?/P1:raise2/P2:c/C:J/P1:c/P2:raise4'],"[1349, 1589, 1814]","[[102, 97], [], []]","[[0.25, 0.75], [0.25, 0.5, 0.25], [0.25, 0.5, 0.25]]","[-1000, 1.75, -3.0]","[28, 34, 35]","[0.0, 1.0, 0.0]"
[91],[116],11,5,"[-11.0, 7.0, -7.0, -3.0, 0.0, 7.0, 0.0, -3.0, -11.0, 7.0, -7.0, -3.0]",1,"['raise4', 'c', 'f']",0.13333333333333333,[15],/Q?/P1:raise2/P2:c/C:J/P1:c/P2:raise4,['/Q?/P1:raise2/P2:c/C:J/P1:c/P2:raise4'],"[704, 929, 1109]","[[102, 97], [], []]","[[0.25, 0.75], [0.25, 0.25, 0.5], [0.25, 0.25, 0.5]]","[-1000, -5.25, -3.0]","[28, 34, 35]","[0.3333333333333333, 0.3333333333333333, 0.33333333333333337]"
[70],"[42, 71, 34]",2,5,"[9.0, 5.0, 5.0, -1.0, 9.0, 5.0, 5.0, -1.0]",1,"['raise4', 'c', 'f']",0.20000000000000004,[13],/Q?/P1:c/P2:c/C:Q/P1:c/P2:raise4,"['/Q?/P1:c/P2:c/C:Q/P1:c/P2:raise4', '/K?/P1:c/P2:c/C:K/P1:c/P2:raise4', '/J?/P1:c/P2:c/C:J/P1:c/P2:raise4']","[863, 1268, 1523, 1763, 368, 608]","[[107, 105, 106], [], []]","[[0.3333333333333333, 0.3333333333333333, 0.3333333333333333], [0.16666666666666669, 0.16666666666666669, 0.16666666666666669, 0.16666666666666669, 0.16666666666666669, 0.16666666666666669], [0.16666666666666669, 0.16666666666666669, 0.16666666666666669, 0.16666666666666669, 0.16666666666666669, 0.16666666666666669]]","[-1000, 5.000000000000002, -1.0000000000000002]","[29, 30, 31]","[0.49999999999999967, 0.5000000000000002, 0.0]"
[72],"[109, 135, 38]",13,5,"[11.0, -7.0, 11.0, -7.0]",1,"['c', 'f']",0.20000000000000004,[17],/J?/P1:raise2/P2:c/C:J/P1:raise4/P2:raise4,"['/J?/P1:raise2/P2:c/C:J/P1:raise4/P2:raise4', '/Q?/P1:raise2/P2:c/C:Q/P1:raise4/P2:raise4', '/K?/P1:raise2/P2:c/C:K/P1:raise4/P2:raise4']","[215, 455, 710, 1115, 1370, 1610]","[[], []]","[[0.16666666666666669, 0.16666666666666669, 0.16666666666666669, 0.16666666666666669, 0.16666666666666669, 0.16666666666666669], [0.16666666666666669, 0.16666666666666669, 0.16666666666666669, 0.16666666666666669, 0.16666666666666669, 0.16666666666666669]]","[11.000000000000002, -7.000000000000001]","[40, 41, 42]","[1.0, 0.0]"
[73],"[73, 97, 40]",9,5,"[9.0, -5.0, 9.0, -5.0]",1,"['c', 'f']",0.20000000000000004,[13],/Q?/P1:c/P2:c/C:Q/P1:raise4/P2:raise4,"['/Q?/P1:c/P2:c/C:Q/P1:raise4/P2:raise4', '/J?/P1:c/P2:c/C:J/P1:raise4/P2:raise4', '/K?/P1:c/P2:c/C:K/P1:raise4/P2:raise4']","[854, 1259, 359, 599, 1514, 1754]","[[], []]","[[0.16666666666666669, 0.16666666666666669, 0.16666666666666669, 0.16666666666666669, 0.16666666666666669, 0.16666666666666669], [0.16666666666666669, 0.16666666666666669, 0.16666666666666669, 0.16666666666666669, 0.16666666666666669, 0.16666666666666669]]","[9.000000000000002, -5.000000000000002]","[37, 38, 39]","[1.0, 0.0]"
[74],"[50, 77, 48]",11,5,"[11.0, 7.0, 7.0, -3.0, 11.0, 7.0, 7.0, -3.0]",1,"['raise4', 'c', 'f']",0.20000000000000004,[17],/K?/P1:raise2/P2:c/C:K/P1:c/P2:raise4,"['/K?/P1:raise2/P2:c/C:K/P1:c/P2:raise4', '/Q?/P1:raise2/P2:c/C:Q/P1:c/P2:raise4', '/J?/P1:raise2/P2:c/C:J/P1:c/P2:raise4']","[1379, 1619, 719, 1124, 224, 464]","[[96, 98, 97], [], []]","[[0.5, 0.16666666666666666, 0.3333333333333333], [0.16666666666666669, 0.16666666666666669, 0.16666666666666669, 0.16666666666666669, 0.16666666666666669, 0.16666666666666669], [0.16666666666666669, 0.16666666666666669, 0.16666666666666669, 0.16666666666666669, 0.16666666666666669, 0.16666666666666669]]","[-1000, 7.000000000000001, -3.0]","[33, 34, 35]","[0.0, 1.0, 0.0]"
"[80, 77]","[96, 78, 64]",13,5,"[5.5, -7.0, -5.5, -7.0, -11.0, -7.0]",1,"['c', 'f']",0.4,"[16, 14]",/J?/P1:raise2/P2:c/C:Q/P1:raise4/P2:raise4,"['/J?/P1:raise2/P2:c/C:Q/P1:raise4/P2:raise4', '/J?/P1:raise2/P2:c/C:K/P1:raise4/P2:raise4', '/Q?/P1:raise2/P2:c/C:K/P1:raise4/P2:raise4']","[35, 230, 470, 50, 245, 485, 725, 935, 1130]","[[], []]","[[0.08333333333333334, 0.08333333333333334, 0.16666666666666669, 0.08333333333333334, 0.16666666666666669, 0.08333333333333334, 0.16666666666666669, 0.08333333333333334, 0.08333333333333334], [0.08333333333333334, 0.08333333333333334, 0.16666666666666669, 0.08333333333333334, 0.16666666666666669, 0.08333333333333334, 0.16666666666666669, 0.08333333333333334, 0.08333333333333334]]","[-4.583333333333334, -7.0]","[32, 41, 42]","[1.0, 0.0]"
"[81, 93]","[89, 133]",13,5,"[-11.0, -7.0, 5.5, -7.0, -5.5, -7.0]",1,"['c', 'f']",0.26666666666666666,[15],/K?/P1:raise2/P2:c/C:J/P1:raise4/P2:raise4,"['/K?/P1:raise2/P2:c/C:J/P1:raise4/P2:raise4', '/Q?/P1:raise2/P2:c/C:J/P1:raise4/P2:raise4']","[1340, 1580, 1805, 695, 920, 1100]","[[], []]","[[0.125, 0.25, 0.125, 0.125, 0.125, 0.25], [0.125, 0.25, 0.125, 0.125, 0.125, 0.25]]","[-2.75, -7.0]","[32, 40]","[1.0, 0.0]"
[95],[143],13,5,"[11.0, -7.0, -11.0, -7.0, 0.0, -7.0]",1,"['c', 'f']",0.13333333333333333,[14],/K?/P1:raise2/P2:c/C:Q/P1:raise4/P2:raise4,['/K?/P1:raise2/P2:c/C:Q/P1:raise4/P2:raise4'],"[1355, 1595, 1820]","[[], []]","[[0.5, 0.25, 0.25], [0.5, 0.25, 0.25]]","[2.75, -7.0]","[32, 41, 42]","[1.0, 0.0]"
"[90, 84]","[111, 98]",17,5,"[-13.0, -9.0, -9.0, 5.0, -13.0, 9.0, -9.0, -5.0, -5.0, 6.5, -9.0, 4.5, 5.0, 6.5, 9.0, 4.5, -5.0, 2.5, -6.5, -9.0, -4.5, 5.0, -6.5, 9.0, -4.5, -5.0, -2.5]",1,"['raise4', 'c']",0.26666666666666666,[8],/K?/P1:c/P2:raise2/P1:raise2/P2:c/C:J,"['/K?/P1:c/P2:raise2/P1:raise2/P2:c/C:J', '/Q?/P1:c/P2:raise2/P1:raise2/P2:c/C:J']","[1400, 1640, 1850, 755, 965, 1160]","[[103, 100], [108, 109]]","[[0.25, 0.75], [0.25, 0.75]]","[-1000, -1000]","[18, 19]","[0.5, 0.5]"
"[85, 89]","[99, 107, 105]",17,5,"[6.5, -9.0, 4.5, 5.0, 6.5, 9.0, 4.5, -5.0, 2.5, -6.5, -9.0, -4.5, 5.0, -6.5, 9.0, -4.5, -5.0, -2.5, -13.0, -9.0, -9.0, 5.0, -13.0, 9.0, -9.0, -5.0, -5.0]",1,"['raise4', 'c']",0.4,"[8, 9]",/Q?/P1:c/P2:raise2/P1:raise2/P2:c/C:K,"['/Q?/P1:c/P2:raise2/P1:raise2/P2:c/C:K', '/J?/P1:c/P2:raise2/P1:raise2/P2:c/C:Q', '/J?/P1:c/P2:raise2/P1:raise2/P2:c/C:K']","[785, 980, 1190, 80, 290, 530, 95, 305, 545]","[[99, 103, 101], [110, 108, 111]]","[[0.5833333333333333, 0.25, 0.16666666666666666], [0.5833333333333333, 0.25, 0.16666666666666666]]","[-1000, -1000]","[18, 19]","[0.5, 0.5]"
[92],[120],17,5,"[13.0, -9.0, 9.0, 5.0, 13.0, 9.0, 9.0, -5.0, 5.0, -13.0, -9.0, -9.0, 5.0, -13.0, 9.0, -9.0, -5.0, -5.0, 0.0, -9.0, 0.0, 5.0, 0.0, 9.0, 0.0, -5.0, 0.0]",1,"['raise4', 'c']",0.13333333333333333,[8],/K?/P1:c/P2:raise2/P1:raise2/P2:c/C:Q,['/K?/P1:c/P2:raise2/P1:raise2/P2:c/C:Q'],"[1415, 1655, 1865]","[[99, 103, 101], [110, 108, 111]]","[[0.5, 0.25, 0.25], [0.5, 0.25, 0.25]]","[-1000, -1000]","[18, 19]","[0.5, 0.5]"
[86],"[106, 112, 100]",17,5,"[13.0, -9.0, 9.0, 5.0, 13.0, 9.0, 9.0, -5.0, 5.0, 13.0, -9.0, 9.0, 5.0, 13.0, 9.0, 9.0, -5.0, 5.0]",1,"['raise4', 'c']",0.20000000000000004,"[8, 9]",/J?/P1:c/P2:raise2/P1:raise2/P2:c/C:J,"['/J?/P1:c/P2:raise2/P1:raise2/P2:c/C:J', '/K?/P1:c/P2:raise2/P1:raise2/P2:c/C:K', '/Q?/P1:c/P2:raise2/P1:raise2/P2:c/C:Q']","[275, 515, 1430, 1670, 770, 1175]","[[100, 99, 101], [109, 110, 111]]","[[0.3333333333333333, 0.5, 0.16666666666666666], [0.3333333333333333, 0.5, 0.16666666666666666]]","[-1000, -1000]","[18, 19]","[1.0, 0.0]"
"[100, 104, 96]","[166, 177, 176, 146]",20,5,"[-7.333333333333333, -7.0, -4.666666666666667, 3.0, 7.333333333333333, -7.0, 4.666666666666667, 3.0, 7.333333333333333, -7.0, 4.666666666666667, 3.0]",2,"['raise4', 'c', 'f']",0.5333333333333333,"[4, 5]",/?K/P1:c/P2:raise2/P1:c/C:Q/P1:raise4,"['/?K/P1:c/P2:raise2/P1:c/C:Q/P1:raise4', '/?Q/P1:c/P2:raise2/P1:c/C:K/P1:raise4', '/?J/P1:c/P2:raise2/P1:c/C:K/P1:raise4', '/?J/P1:c/P2:raise2/P1:c/C:Q/P1:raise4']","[569, 1214, 1889, 344, 1004, 1709, 119, 824, 1469, 104, 809, 1454]","[[88, 87, 90], [], []]","[[0.5625, 0.25, 0.1875], [0.125, 0.0625, 0.0625, 0.125, 0.0625, 0.0625, 0.0625, 0.125, 0.0625, 0.0625, 0.0625, 0.125], [0.125, 0.0625, 0.0625, 0.125, 0.0625, 0.0625, 0.0625, 0.125, 0.0625, 0.0625, 0.0625, 0.125]]","[-1000, 1.75, 3.0]","[24, 27]","[0.0, 1.0, 0.0]"
[106],[180],20,5,"[11.0, -7.0, 7.0, 3.0, 0.0, -7.0, 0.0, 3.0, 11.0, -7.0, 7.0, 3.0]",2,"['raise4', 'c', 'f']",0.13333333333333333,[4],/?Q/P1:c/P2:raise2/P1:c/C:J/P1:raise4,['/?Q/P1:c/P2:raise2/P1:c/C:J/P1:raise4'],"[314, 989, 1679]","[[87, 89], [], []]","[[0.25, 0.75], [0.25, 0.25, 0.5], [0.25, 0.25, 0.5]]","[-1000, 5.25, 3.0]","[25, 26, 27]","[0.3333333333333333, 0.3333333333333333, 0.33333333333333337]"
[109],[192],20,5,"[11.0, -7.0, 7.0, 3.0, -11.0, -7.0, -7.0, 3.0, 0.0, -7.0, 0.0, 3.0]",2,"['raise4', 'c', 'f']",0.13333333333333333,[4],/?K/P1:c/P2:raise2/P1:c/C:J/P1:raise4,['/?K/P1:c/P2:raise2/P1:c/C:J/P1:raise4'],"[554, 1199, 1874]","[[87, 89], [], []]","[[0.25, 0.75], [0.25, 0.5, 0.25], [0.25, 0.5, 0.25]]","[-1000, -1.75, 3.0]","[25, 26, 27]","[0.0, 1.0, 0.0]"
[97],"[175, 250, 148]",21,5,"[-13.0, -9.0, -9.0, 5.0, -13.0, -9.0, -9.0, 5.0]",2,"['raise4', 'c', 'f']",0.20000000000000004,"[3, 2]",/?J/P1:raise2/P2:raise2/P1:c/C:J/P1:raise4,"['/?J/P1:raise2/P2:raise2/P1:c/C:J/P1:raise4', '/?K/P1:raise2/P2:raise2/P1:c/C:K/P1:raise4', '/?Q/P1:raise2/P2:raise2/P1:c/C:Q/P1:raise4']","[650, 1295, 440, 1085, 185, 1550]","[[94, 93, 92], [], []]","[[0.16666666666666666, 0.16666666666666666, 0.6666666666666666], [0.16666666666666669, 0.16666666666666669, 0.16666666666666669, 0.16666666666666669, 0.16666666666666669, 0.16666666666666669], [0.16666666666666669, 0.16666666666666669, 0.16666666666666669, 0.16666666666666669, 0.16666666666666669, 0.16666666666666669]]","[-1000, -9.000000000000002, 5.000000000000002]","[21, 22, 23]","[0.4999999999999999, 0.5000000000000001, 0.0]"
[98],"[155, 276, 149]",22,5,"[-11.0, 7.0, -7.0, -3.0, -3.0, -11.0, 7.0, -7.0, -3.0, -3.0]",2,"['raise4', 'c']",0.20000000000000004,"[5, 4]",/?K/P1:c/P2:raise2/P1:c/C:K/P1:c,"['/?K/P1:c/P2:raise2/P1:c/C:K/P1:c', '/?Q/P1:c/P2:raise2/P1:c/C:Q/P1:c', '/?J/P1:c/P2:raise2/P1:c/C:J/P1:c']","[592, 1237, 337, 1702, 802, 1447]","[[80, 81, 82], []]","[[0.5, 0.3333333333333333, 0.16666666666666666], [0.16666666666666669, 0.16666666666666669, 0.16666666666666669, 0.16666666666666669, 0.16666666666666669, 0.16666666666666669]]","[-1000, -3.0]","[24, 25, 26]","[0.0, 1.0]"
"[105, 108, 99]","[178, 186, 189, 163]",22,5,"[-7.333333333333333, 7.0, -4.666666666666667, -3.0, -2.0, 7.333333333333333, 7.0, 4.666666666666667, -3.0, 2.0, 7.333333333333333, 7.0, 4.666666666666667, -3.0, 2.0]",2,"['raise4', 'c']",0.5333333333333333,"[4, 5]",/?K/P1:c/P2:raise2/P1:c/C:Q/P1:c,"['/?K/P1:c/P2:raise2/P1:c/C:Q/P1:c', '/?Q/P1:c/P2:raise2/P1:c/C:K/P1:c', '/?J/P1:c/P2:raise2/P1:c/C:K/P1:c', '/?J/P1:c/P2:raise2/P1:c/C:Q/P1:c']","[577, 1222, 1897, 352, 1012, 1717, 127, 832, 1477, 112, 817, 1462]","[[80, 95, 81], []]","[[0.375, 0.25, 0.375], [0.125, 0.0625, 0.0625, 0.125, 0.0625, 0.0625, 0.0625, 0.125, 0.0625, 0.0625, 0.0625, 0.125]]","[-1000, 0.75]","[24, 27]","[0.0, 1.0]"
[113],[200],22,5,"[11.0, 7.0, 7.0, -3.0, 3.0, -11.0, 7.0, -7.0, -3.0, -3.0, 0.0, 7.0, 0.0, -3.0, 0.0]",2,"['raise4', 'c']",0.13333333333333333,[4],/?K/P1:c/P2:raise2/P1:c/C:J/P1:c,['/?K/P1:c/P2:raise2/P1:c/C:J/P1:c'],"[562, 1207, 1882]","[[95, 80, 82], []]","[[0.25, 0.5, 0.25], [0.25, 0.5, 0.25]]","[-1000, -0.75]","[25, 26, 27]","[0.0, 1.0]"
[115],[226],22,5,"[11.0, 7.0, 7.0, -3.0, 3.0, 0.0, 7.0, 0.0, -3.0, 0.0, 11.0, 7.0, 7.0, -3.0, 3.0]",2,"['raise4', 'c']",0.13333333333333333,[4],/?Q/P1:c/P2:raise2/P1:c/C:J/P1:c,['/?Q/P1:c/P2:raise2/P1:c/C:J/P1:c'],"[322, 997, 1687]","[[95, 80, 82], []]","[[0.25, 0.25, 0.5], [0.25, 0.25, 0.5]]","[-1000, 2.25]","[25, 26, 27]","[0.5, 0.5]"
"[107, 116, 101]","[183, 259, 258, 168]",21,5,"[-8.666666666666666, -9.0, -6.0, 5.0, 8.666666666666666, -9.0, 6.0, 5.0, 8.666666666666666, -9.0, 6.0, 5.0]",2,"['raise4', 'c', 'f']",0.5333333333333333,"[2, 3]",/?Q/P1:raise2/P2:raise2/P1:c/C:K/P1:raise4,"['/?Q/P1:raise2/P2:raise2/P1:c/C:K/P1:raise4', '/?J/P1:raise2/P2:raise2/P1:c/C:Q/P1:raise4', '/?J/P1:raise2/P2:raise2/P1:c/C:K/P1:raise4', '/?K/P1:raise2/P2:raise2/P1:c/C:Q/P1:raise4']","[200, 905, 1565, 5, 665, 1310, 20, 680, 1325, 425, 1070, 1790]","[[92, 91], [], []]","[[0.75, 0.25], [0.125, 0.0625, 0.0625, 0.0625, 0.0625, 0.125, 0.0625, 0.125, 0.0625, 0.125, 0.0625, 0.0625], [0.125, 0.0625, 0.0625, 0.0625, 0.0625, 0.125, 0.0625, 0.125, 0.0625, 0.125, 0.0625, 0.0625]]","[-1000, 2.25, 5.0]","[20, 22, 23]","[0.0, 1.0, 0.0]"
[111],[195],21,5,"[13.0, -9.0, 9.0, 5.0, 0.0, -9.0, 0.0, 5.0, 13.0, -9.0, 9.0, 5.0]",2,"['raise4', 'c', 'f']",0.13333333333333333,[2],/?Q/P1:raise2/P2:raise2/P1:c/C:J/P1:raise4,['/?Q/P1:raise2/P2:raise2/P1:c/C:J/P1:raise4'],"[170, 890, 1535]","[[91, 94, 93], [], []]","[[0.25, 0.25, 0.5], [0.25, 0.25, 0.5], [0.25, 0.25, 0.5]]","[-1000, 6.75, 5.0]","[20, 21]","[0.3333333333333333, 0.3333333333333333, 0.33333333333333337]"
[119],[285],21,5,"[13.0, -9.0, 9.0, 5.0, -13.0, -9.0, -9.0, 5.0, 0.0, -9.0, 0.0, 5.0]",2,"['raise4', 'c', 'f']",0.13333333333333333,[2],/?K/P1:raise2/P2:raise2/P1:c/C:J/P1:raise4,['/?K/P1:raise2/P2:raise2/P1:c/C:J/P1:raise4'],"[410, 1055, 1775]","[[91, 94, 93], [], []]","[[0.25, 0.5, 0.25], [0.25, 0.5, 0.25], [0.25, 0.5, 0.25]]","[-1000, -2.25, 5.0]","[20, 21]","[0.0, 1.0, 0.0]"
"[112, 102]","[229, 196, 172]",32,5,"[-6.5, 9.0, -4.5, -5.0, -2.5, 13.0, 9.0, 9.0, -5.0, 5.0, 6.5, 9.0, 4.5, -5.0, 2.5]",2,"['raise4', 'c']",0.4,"[3, 2]",/?J/P1:raise2/P2:raise2/P1:c/C:K/P1:c,"['/?J/P1:raise2/P2:raise2/P1:c/C:K/P1:c', '/?J/P1:raise2/P2:raise2/P1:c/C:Q/P1:c', '/?K/P1:raise2/P2:raise2/P1:c/C:Q/P1:c']","[28, 688, 1333, 13, 673, 1318, 433, 1078, 1798]","[[84, 83], []]","[[0.7499999999999999, 0.25], [0.08333333333333334, 0.16666666666666669, 0.08333333333333334, 0.08333333333333334, 0.08333333333333334, 0.16666666666666669, 0.16666666666666669, 0.08333333333333334, 0.08333333333333334]]","[-1000, 2.083333333333334]","[20, 22, 23]","[0.5, 0.5]"
"[114, 117]","[218, 271]",32,5,"[13.0, 9.0, 9.0, -5.0, 5.0, -6.5, 9.0, -4.5, -5.0, -2.5, 6.5, 9.0, 4.5, -5.0, 2.5]",2,"['raise4', 'c']",0.26666666666666666,[2],/?K/P1:raise2/P2:raise2/P1:c/C:J/P1:c,"['/?K/P1:raise2/P2:raise2/P1:c/C:J/P1:c', '/?Q/P1:raise2/P2:raise2/P1:c/C:J/P1:c']","[418, 1063, 1783, 178, 898, 1543]","[[83, 85, 86], []]","[[0.24999999999999994, 0.37499999999999994, 0.37499999999999994], [0.125, 0.25, 0.125, 0.125, 0.125, 0.25]]","[-1000, 1.25]","[20, 21]","[0.5, 0.5]"
[118],[272],32,5,"[-13.0, 9.0, -9.0, -5.0, -5.0, 0.0, 9.0, 0.0, -5.0, 0.0, 13.0, 9.0, 9.0, -5.0, 5.0]",2,"['raise4', 'c']",0.13333333333333333,[2],/?Q/P1:raise2/P2:raise2/P1:c/C:K/P1:c,['/?Q/P1:raise2/P2:raise2/P1:c/C:K/P1:c'],"[208, 913, 1573]","[[84, 83], []]","[[0.75, 0.25], [0.5, 0.25, 0.25]]","[-1000, -1.25]","[20, 22]","[0.0, 1.0]"
[103],"[184, 211, 173]",32,5,"[-13.0, 9.0, -9.0, -5.0, -5.0, -13.0, 9.0, -9.0, -5.0, -5.0]",2,"['raise4', 'c']",0.20000000000000004,"[3, 2]",/?K/P1:raise2/P2:raise2/P1:c/C:K/P1:c,"['/?K/P1:raise2/P2:raise2/P1:c/C:K/P1:c', '/?J/P1:raise2/P2:raise2/P1:c/C:J/P1:c', '/?Q/P1:raise2/P2:raise2/P1:c/C:Q/P1:c']","[448, 1093, 658, 1303, 193, 1558]","[[84, 85, 86], []]","[[0.6666666666666667, 0.16666666666666669, 0.16666666666666669], [0.16666666666666669, 0.16666666666666669, 0.16666666666666669, 0.16666666666666669, 0.16666666666666669, 0.16666666666666669]]","[-1000, -5.000000000000002]","[21, 22, 23]","[0.46033432389001194, 0.539665676109988]"
[110],"[198, 275, 194]",20,5,"[-11.0, -7.0, -7.0, 3.0, -11.0, -7.0, -7.0, 3.0]",2,"['raise4', 'c', 'f']",0.20000000000000004,"[5, 4]",/?J/P1:c/P2:raise2/P1:c/C:J/P1:raise4,"['/?J/P1:c/P2:raise2/P1:c/C:J/P1:raise4', '/?Q/P1:c/P2:raise2/P1:c/C:Q/P1:raise4', '/?K/P1:c/P2:raise2/P1:c/C:K/P1:raise4']","[794, 1439, 329, 1694, 584, 1229]","[[89, 88, 90], [], []]","[[0.3333333333333333, 0.5, 0.16666666666666666], [0.16666666666666669, 0.16666666666666669, 0.16666666666666669, 0.16666666666666669, 0.16666666666666669, 0.16666666666666669], [0.16666666666666669, 0.16666666666666669, 0.16666666666666669, 0.16666666666666669, 0.16666666666666669, 0.16666666666666669]]","[-1000, -7.000000000000001, 3.0]","[24, 25, 26]","[0.0, 1.0, 0.0]"
"[126, 120]","[24, 19, 4]",3,6,"[-5.5, 7.0, -3.5, -3.0, -5.5, 7.0, -3.5, -3.0, -11.0, 7.0, -7.0, -3.0]",1,"['raise4', 'c', 'f']",0.4,"[24, 25]",/J?/P1:c/P2:raise2/P1:c/C:K/P1:c/P2:raise4,"['/J?/P1:c/P2:raise2/P1:c/C:K/P1:c/P2:raise4', '/J?/P1:c/P2:raise2/P1:c/C:Q/P1:c/P2:raise4', '/Q?/P1:c/P2:raise2/P1:c/C:J/P1:c/P2:raise4']","[125, 350, 590, 110, 335, 575, 800, 995, 1205]","[[125, 120, 126, 127], [], []]","[[0.3333333333333333, 0.25, 0.16666666666666666, 0.25], [0.08333333333333334, 0.16666666666666669, 0.08333333333333334, 0.08333333333333334, 0.08333333333333334, 0.16666666666666669, 0.08333333333333334, 0.08333333333333334, 0.16666666666666669], [0.08333333333333334, 0.16666666666666669, 0.08333333333333334, 0.08333333333333334, 0.08333333333333334, 0.16666666666666669, 0.08333333333333334, 0.08333333333333334, 0.16666666666666669]]","[-1000, -5.25, -3.0]","[68, 69, 70, 71]","[0.0, 0.0, 1.0]"
"[125, 133]","[18, 66]",3,6,"[11.0, 7.0, 7.0, -3.0, -5.5, 7.0, -3.5, -3.0, -5.5, 7.0, -3.5, -3.0]",1,"['raise4', 'c', 'f']",0.26666666666666666,[24],/K?/P1:c/P2:raise2/P1:c/C:Q/P1:c/P2:raise4,"['/K?/P1:c/P2:raise2/P1:c/C:Q/P1:c/P2:raise4', '/Q?/P1:c/P2:raise2/P1:c/C:K/P1:c/P2:raise4']","[1460, 1700, 1895, 830, 1010, 1235]","[[125, 120, 126], [], []]","[[0.625, 0.25, 0.125], [0.25, 0.125, 0.125, 0.25, 0.125, 0.125], [0.25, 0.125, 0.125, 0.25, 0.125, 0.125]]","[-1000, 1.75, -3.0]","[68, 69]","[0.0, 1.0, 0.0]"
[141],[132],3,6,"[-11.0, 7.0, -7.0, -3.0, 11.0, 7.0, 7.0, -3.0, 0.0, 7.0, 0.0, -3.0]",1,"['raise4', 'c', 'f']",0.13333333333333333,[26],/K?/P1:c/P2:raise2/P1:c/C:J/P1:c/P2:raise4,['/K?/P1:c/P2:raise2/P1:c/C:J/P1:c/P2:raise4'],"[1445, 1685, 1880]","[[120, 127], [], []]","[[0.25, 0.75], [0.25, 0.5, 0.25], [0.25, 0.5, 0.25]]","[-1000, 1.75, -3.0]","[68, 70, 71]","[0.0, 1.0, 0.0]"
[121],"[13, 20, 7]",5,6,"[13.0, 9.0, 9.0, -5.0, 13.0, 9.0, 9.0, -5.0]",1,"['raise4', 'c', 'f']",0.20000000000000004,[20],/K?/P1:raise2/P2:raise2/P1:c/C:K/P1:c/P2:raise4,"['/K?/P1:raise2/P2:raise2/P1:c/C:K/P1:c/P2:raise4', '/Q?/P1:raise2/P2:raise2/P1:c/C:Q/P1:c/P2:raise4', '/J?/P1:raise2/P2:raise2/P1:c/C:J/P1:c/P2:raise4']","[1331, 1571, 671, 1076, 176, 416]","[[121, 123, 122], [], []]","[[0.6666666666666667, 0.16666666666666669, 0.16666666666666669], [0.16666666666666669, 0.16666666666666669, 0.16666666666666669, 0.16666666666666669, 0.16666666666666669, 0.16666666666666669], [0.16666666666666669, 0.16666666666666669, 0.16666666666666669, 0.16666666666666669, 0.16666666666666669, 0.16666666666666669]]","[-1000, 9.000000000000002, -5.000000000000002]","[75, 76, 77]","[0.5, 0.5000000000000001, 0.0]"
"[132, 138, 122]","[59, 110, 104, 15]",5,6,"[8.666666666666666, 9.0, 6.0, -5.0, -8.666666666666666, 9.0, -6.0, -5.0, -8.666666666666666, 9.0, -6.0, -5.0]",1,"['raise4', 'c', 'f']",0.5333333333333333,"[23, 22]",/K?/P1:raise2/P2:raise2/P1:c/C:Q/P1:c/P2:raise4,"['/K?/P1:raise2/P2:raise2/P1:c/C:Q/P1:c/P2:raise4', '/J?/P1:raise2/P2:raise2/P1:c/C:Q/P1:c/P2:raise4', '/J?/P1:raise2/P2:raise2/P1:c/C:K/P1:c/P2:raise4', '/Q?/P1:raise2/P2:raise2/P1:c/C:K/P1:c/P2:raise4']","[1316, 1556, 1796, 11, 191, 431, 26, 206, 446, 686, 911, 1091]","[[121, 124], [], []]","[[0.75, 0.25], [0.125, 0.0625, 0.0625, 0.0625, 0.0625, 0.125, 0.0625, 0.125, 0.0625, 0.125, 0.0625, 0.0625], [0.125, 0.0625, 0.0625, 0.0625, 0.0625, 0.125, 0.0625, 0.125, 0.0625, 0.125, 0.0625, 0.0625]]","[-1000, -2.25, -5.0]","[75, 77, 78]","[0.0, 1.0, 0.0]"
[135],[68],5,6,"[-13.0, 9.0, -9.0, -5.0, 0.0, 9.0, 0.0, -5.0, -13.0, 9.0, -9.0, -5.0]",1,"['raise4', 'c', 'f']",0.13333333333333333,[21],/Q?/P1:raise2/P2:raise2/P1:c/C:J/P1:c/P2:raise4,['/Q?/P1:raise2/P2:raise2/P1:c/C:J/P1:c/P2:raise4'],"[656, 896, 1061]","[[124, 123, 122], [], []]","[[0.25, 0.25, 0.5], [0.25, 0.25, 0.5], [0.25, 0.25, 0.5]]","[-1000, -6.75, -5.0]","[76, 78]","[0.3333333333333333, 0.3333333333333333, 0.33333333333333337]"
[142],[140],5,6,"[-13.0, 9.0, -9.0, -5.0, 13.0, 9.0, 9.0, -5.0, 0.0, 9.0, 0.0, -5.0]",1,"['raise4', 'c', 'f']",0.13333333333333333,[21],/K?/P1:raise2/P2:raise2/P1:c/C:J/P1:c/P2:raise4,['/K?/P1:raise2/P2:raise2/P1:c/C:J/P1:c/P2:raise4'],"[1301, 1541, 1781]","[[124, 123, 122], [], []]","[[0.25, 0.5, 0.25], [0.25, 0.5, 0.25], [0.25, 0.5, 0.25]]","[-1000, 2.25, -5.0]","[76, 78]","[0.0, 1.0, 0.0]"
[123],"[69, 130, 16]",8,6,"[11.0, -7.0, 11.0, -7.0]",1,"['c', 'f']",0.20000000000000004,[27],/Q?/P1:c/P2:raise2/P1:c/C:Q/P1:raise4/P2:raise4,"['/Q?/P1:c/P2:raise2/P1:c/C:Q/P1:raise4/P2:raise4', '/J?/P1:c/P2:raise2/P1:c/C:J/P1:raise4/P2:raise4', '/K?/P1:c/P2:raise2/P1:c/C:K/P1:raise4/P2:raise4']","[806, 1211, 311, 551, 1466, 1706]","[[], []]","[[0.16666666666666669, 0.16666666666666669, 0.16666666666666669, 0.16666666666666669, 0.16666666666666669, 0.16666666666666669], [0.16666666666666669, 0.16666666666666669, 0.16666666666666669, 0.16666666666666669, 0.16666666666666669, 0.16666666666666669]]","[11.000000000000002, -7.000000000000001]","[64, 65, 66]","[1.0, 0.0]"
"[140, 124]","[126, 43, 17]",8,6,"[5.5, -7.0, -5.5, -7.0, -11.0, -7.0]",1,"['c', 'f']",0.4,[24],/Q?/P1:c/P2:raise2/P1:c/C:K/P1:raise4/P2:raise4,"['/Q?/P1:c/P2:raise2/P1:c/C:K/P1:raise4/P2:raise4', '/J?/P1:c/P2:raise2/P1:c/C:Q/P1:raise4/P2:raise4', '/J?/P1:c/P2:raise2/P1:c/C:K/P1:raise4/P2:raise4']","[821, 1001, 1226, 101, 326, 566, 116, 341, 581]","[[], []]","[[0.16666666666666669, 0.08333333333333334, 0.08333333333333334, 0.08333333333333334, 0.08333333333333334, 0.16666666666666669, 0.08333333333333334, 0.16666666666666669, 0.08333333333333334], [0.16666666666666669, 0.08333333333333334, 0.08333333333333334, 0.08333333333333334, 0.08333333333333334, 0.16666666666666669, 0.08333333333333334, 0.16666666666666669, 0.08333333333333334]]","[-4.583333333333334, -7.0]","[64, 79]","[1.0, 0.0]"
"[129, 143]","[35, 142]",8,6,"[-11.0, -7.0, 5.5, -7.0, -5.5, -7.0]",1,"['c', 'f']",0.26666666666666666,"[25, 26]",/Q?/P1:c/P2:raise2/P1:c/C:J/P1:raise4/P2:raise4,"['/Q?/P1:c/P2:raise2/P1:c/C:J/P1:raise4/P2:raise4', '/K?/P1:c/P2:raise2/P1:c/C:J/P1:raise4/P2:raise4']","[791, 986, 1196, 1436, 1676, 1871]","[[], []]","[[0.125, 0.125, 0.25, 0.125, 0.25, 0.125], [0.125, 0.125, 0.25, 0.125, 0.25, 0.125]]","[-2.75, -7.0]","[65, 66, 79]","[1.0, 0.0]"
[127],[28],8,6,"[11.0, -7.0, -11.0, -7.0, 0.0, -7.0]",1,"['c', 'f']",0.13333333333333333,[24],/K?/P1:c/P2:raise2/P1:c/C:Q/P1:raise4/P2:raise4,['/K?/P1:c/P2:raise2/P1:c/C:Q/P1:raise4/P2:raise4'],"[1451, 1691, 1886]","[[], []]","[[0.5, 0.25, 0.25], [0.5, 0.25, 0.25]]","[2.75, -7.0]","[64, 79]","[1.0, 0.0]"
[128],"[75, 85, 31]",10,6,"[13.0, -9.0, 13.0, -9.0]",1,"['c', 'f']",0.20000000000000004,[20],/J?/P1:raise2/P2:raise2/P1:c/C:J/P1:raise4/P2:raise4,"['/J?/P1:raise2/P2:raise2/P1:c/C:J/P1:raise4/P2:raise4', '/K?/P1:raise2/P2:raise2/P1:c/C:K/P1:raise4/P2:raise4', '/Q?/P1:raise2/P2:raise2/P1:c/C:Q/P1:raise4/P2:raise4']","[167, 407, 1322, 1562, 662, 1067]","[[], []]","[[0.16666666666666669, 0.16666666666666669, 0.16666666666666669, 0.16666666666666669, 0.16666666666666669, 0.16666666666666669], [0.16666666666666669, 0.16666666666666669, 0.16666666666666669, 0.16666666666666669, 0.16666666666666669, 0.16666666666666669]]","[13.000000000000004, -9.000000000000002]","[72, 73, 74]","[1.0, 0.0]"
"[134, 137, 130]","[67, 102, 90, 41]",10,6,"[8.666666666666666, -9.0, -8.666666666666666, -9.0, -8.666666666666666, -9.0]",1,"['c', 'f']",0.5333333333333333,"[22, 23]",/Q?/P1:raise2/P2:raise2/P1:c/C:K/P1:raise4/P2:raise4,"['/Q?/P1:raise2/P2:raise2/P1:c/C:K/P1:raise4/P2:raise4', '/J?/P1:raise2/P2:raise2/P1:c/C:K/P1:raise4/P2:raise4', '/J?/P1:raise2/P2:raise2/P1:c/C:Q/P1:raise4/P2:raise4', '/K?/P1:raise2/P2:raise2/P1:c/C:Q/P1:raise4/P2:raise4']","[677, 902, 1082, 17, 197, 437, 2, 182, 422, 1307, 1547, 1787]","[[], []]","[[0.125, 0.0625, 0.0625, 0.0625, 0.125, 0.0625, 0.0625, 0.0625, 0.125, 0.125, 0.0625, 0.0625], [0.125, 0.0625, 0.0625, 0.0625, 0.125, 0.0625, 0.0625, 0.0625, 0.125, 0.125, 0.0625, 0.0625]]","[-3.25, -9.0]","[67, 72]","[1.0, 0.0]"
[131],[46],10,6,"[-13.0, -9.0, 13.0, -9.0, 0.0, -9.0]",1,"['c', 'f']",0.13333333333333333,[21],/K?/P1:raise2/P2:raise2/P1:c/C:J/P1:raise4/P2:raise4,['/K?/P1:raise2/P2:raise2/P1:c/C:J/P1:raise4/P2:raise4'],"[1292, 1532, 1772]","[[], []]","[[0.25, 0.5, 0.25], [0.25, 0.5, 0.25]]","[3.25, -9.0]","[67, 73, 74]","[1.0, 0.0]"
[139],[115],10,6,"[-13.0, -9.0, 0.0, -9.0, -13.0, -9.0]",1,"['c', 'f']",0.13333333333333333,[21],/Q?/P1:raise2/P2:raise2/P1:c/C:J/P1:raise4/P2:raise4,['/Q?/P1:raise2/P2:raise2/P1:c/C:J/P1:raise4/P2:raise4'],"[647, 887, 1052]","[[], []]","[[0.25, 0.25, 0.5], [0.25, 0.25, 0.5]]","[-9.75, -9.0]","[67, 73, 74]","[0.0, 1.0]"
[136],"[127, 139, 79]",3,6,"[11.0, 7.0, 7.0, -3.0, 11.0, 7.0, 7.0, -3.0]",1,"['raise4', 'c', 'f']",0.20000000000000004,[27],/Q?/P1:c/P2:raise2/P1:c/C:Q/P1:c/P2:raise4,"['/Q?/P1:c/P2:raise2/P1:c/C:Q/P1:c/P2:raise4', '/J?/P1:c/P2:raise2/P1:c/C:J/P1:c/P2:raise4', '/K?/P1:c/P2:raise2/P1:c/C:K/P1:c/P2:raise4']","[815, 1220, 320, 560, 1475, 1715]","[[125, 126, 127], [], []]","[[0.5, 0.16666666666666666, 0.3333333333333333], [0.16666666666666669, 0.16666666666666669, 0.16666666666666669, 0.16666666666666669, 0.16666666666666669, 0.16666666666666669], [0.16666666666666669, 0.16666666666666669, 0.16666666666666669, 0.16666666666666669, 0.16666666666666669, 0.16666666666666669]]","[-1000, 7.000000000000001, -3.0]","[69, 70, 71]","[0.32941176470588235, 0.6705882352941176, 0.0]"
"[166, 144]","[263, 147, 145]",19,6,"[-5.5, 7.0, 5.5, 7.0, 11.0, 7.0]",2,"['c', 'f']",0.4,[33],/?Q/P1:raise2/P2:c/C:K/P1:c/P2:raise4/P1:raise4,"['/?Q/P1:raise2/P2:c/C:K/P1:c/P2:raise4/P1:raise4', '/?J/P1:raise2/P2:c/C:Q/P1:c/P2:raise4/P1:raise4', '/?J/P1:raise2/P2:c/C:K/P1:c/P2:raise4/P1:raise4']","[251, 941, 1616, 41, 716, 1361, 56, 731, 1376]","[[], []]","[[0.16666666666666669, 0.08333333333333334, 0.08333333333333334, 0.08333333333333334, 0.08333333333333334, 0.16666666666666669, 0.08333333333333334, 0.16666666666666669, 0.08333333333333334], [0.16666666666666669, 0.08333333333333334, 0.08333333333333334, 0.08333333333333334, 0.08333333333333334, 0.16666666666666669, 0.08333333333333334, 0.16666666666666669, 0.08333333333333334]]","[4.583333333333334, 7.0]","[50, 56]","[1.0, 0.0]"
"[163, 165]","[247, 253]",19,6,"[11.0, 7.0, -5.5, 7.0, 5.5, 7.0]",2,"['c', 'f']",0.26666666666666666,"[34, 35]",/?K/P1:raise2/P2:c/C:J/P1:c/P2:raise4/P1:raise4,"['/?K/P1:raise2/P2:c/C:J/P1:c/P2:raise4/P1:raise4', '/?Q/P1:raise2/P2:c/C:J/P1:c/P2:raise4/P1:raise4']","[461, 1106, 1811, 221, 926, 1586]","[[], []]","[[0.125, 0.25, 0.125, 0.125, 0.125, 0.25], [0.125, 0.25, 0.125, 0.125, 0.125, 0.25]]","[2.75, 7.0]","[51, 52, 56]","[1.0, 0.0]"
[160],[237],19,6,"[-11.0, 7.0, 11.0, 7.0, 0.0, 7.0]",2,"['c', 'f']",0.13333333333333333,[33],/?K/P1:raise2/P2:c/C:Q/P1:c/P2:raise4/P1:raise4,['/?K/P1:raise2/P2:c/C:Q/P1:c/P2:raise4/P1:raise4'],"[476, 1121, 1826]","[[], []]","[[0.5, 0.25, 0.25], [0.5, 0.25, 0.25]]","[-2.75, 7.0]","[50, 56]","[1.0, 0.0]"
"[147, 159]","[160, 159, 233]",25,6,"[-6.5, -9.0, -4.5, 5.0, 6.5, -9.0, 4.5, 5.0, 13.0, -9.0, 9.0, 5.0]",2,"['raise4', 'c', 'f']",0.4,"[19, 18]",/?J/P1:c/P2:raise2/P1:raise2/P2:c/C:Q/P1:raise4,"['/?J/P1:c/P2:raise2/P1:raise2/P2:c/C:Q/P1:raise4', '/?J/P1:c/P2:raise2/P1:raise2/P2:c/C:K/P1:raise4', '/?Q/P1:c/P2:raise2/P1:raise2/P2:c/C:K/P1:raise4']","[71, 761, 1406, 86, 776, 1421, 296, 971, 1661]","[[112, 115], [], []]","[[0.7499999999999999, 0.25], [0.08333333333333334, 0.08333333333333334, 0.16666666666666669, 0.08333333333333334, 0.16666666666666669, 0.08333333333333334, 0.16666666666666669, 0.08333333333333334, 0.08333333333333334], [0.08333333333333334, 0.08333333333333334, 0.16666666666666669, 0.08333333333333334, 0.16666666666666669, 0.08333333333333334, 0.16666666666666669, 0.08333333333333334, 0.08333333333333334]]","[-1000, 3.750000000000001, 5.000000000000002]","[61, 62, 63]","[0.3333333333333333, 0.3333333333333333, 0.33333333333333337]"
"[155, 145]","[205, 154]",25,6,"[13.0, -9.0, 9.0, 5.0, -6.5, -9.0, -4.5, 5.0, 6.5, -9.0, 4.5, 5.0]",2,"['raise4', 'c', 'f']",0.26666666666666666,[18],/?K/P1:c/P2:raise2/P1:raise2/P2:c/C:J/P1:raise4,"['/?K/P1:c/P2:raise2/P1:raise2/P2:c/C:J/P1:raise4', '/?Q/P1:c/P2:raise2/P1:raise2/P2:c/C:J/P1:raise4']","[506, 1151, 1841, 266, 956, 1631]","[[115, 113, 114], [], []]","[[0.24999999999999994, 0.37499999999999994, 0.37499999999999994], [0.125, 0.25, 0.125, 0.125, 0.125, 0.25], [0.125, 0.25, 0.125, 0.125, 0.125, 0.25]]","[-1000, 2.25, 5.0]","[60, 63]","[0.0, 1.0, 0.0]"
[150],[179],25,6,"[-13.0, -9.0, -9.0, 5.0, 13.0, -9.0, 9.0, 5.0, 0.0, -9.0, 0.0, 5.0]",2,"['raise4', 'c', 'f']",0.13333333333333333,[18],/?K/P1:c/P2:raise2/P1:raise2/P2:c/C:Q/P1:raise4,['/?K/P1:c/P2:raise2/P1:raise2/P2:c/C:Q/P1:raise4'],"[521, 1166, 1856]","[[112, 115], [], []]","[[0.75, 0.25], [0.5, 0.25, 0.25], [0.5, 0.25, 0.25]]","[-1000, -2.25, 5.0]","[61, 62, 63]","[0.0, 1.0, 0.0]"
[146],"[214, 240, 158]",19,6,"[-11.0, 7.0, -11.0, 7.0]",2,"['c', 'f']",0.20000000000000004,[28],/?J/P1:raise2/P2:c/C:J/P1:c/P2:raise4/P1:raise4,"['/?J/P1:raise2/P2:c/C:J/P1:c/P2:raise4/P1:raise4', '/?Q/P1:raise2/P2:c/C:Q/P1:c/P2:raise4/P1:raise4', '/?K/P1:raise2/P2:c/C:K/P1:c/P2:raise4/P1:raise4']","[701, 1346, 236, 1601, 491, 1136]","[[], []]","[[0.16666666666666669, 0.16666666666666669, 0.16666666666666669, 0.16666666666666669, 0.16666666666666669, 0.16666666666666669], [0.16666666666666669, 0.16666666666666669, 0.16666666666666669, 0.16666666666666669, 0.16666666666666669, 0.16666666666666669]]","[-11.000000000000002, 7.000000000000001]","[50, 51, 52]","[1.0, 0.0]"
[148],"[225, 232, 164]",25,6,"[-13.0, -9.0, -9.0, 5.0, -13.0, -9.0, -9.0, 5.0]",2,"['raise4', 'c', 'f']",0.20000000000000004,"[19, 18]",/?Q/P1:c/P2:raise2/P1:raise2/P2:c/C:Q/P1:raise4,"['/?Q/P1:c/P2:raise2/P1:raise2/P2:c/C:Q/P1:raise4', '/?K/P1:c/P2:raise2/P1:raise2/P2:c/C:K/P1:raise4', '/?J/P1:c/P2:raise2/P1:raise2/P2:c/C:J/P1:raise4']","[281, 1646, 536, 1181, 746, 1391]","[[112, 113, 114], [], []]","[[0.6666666666666667, 0.16666666666666669, 0.16666666666666669], [0.16666666666666669, 0.16666666666666669, 0.16666666666666669, 0.16666666666666669, 0.16666666666666669, 0.16666666666666669], [0.16666666666666669, 0.16666666666666669, 0.16666666666666669, 0.16666666666666669, 0.16666666666666669, 0.16666666666666669]]","[-1000, -9.000000000000002, 5.000000000000002]","[60, 61, 62]","[0.5, 0.5, 0.0]"
[149],"[188, 266, 171]",31,6,"[-9.0, 5.0, -9.0, 5.0]",2,"['c', 'f']",0.20000000000000004,[36],/?J/P1:c/P2:c/C:J/P1:c/P2:raise4/P1:raise4,"['/?J/P1:c/P2:c/C:J/P1:c/P2:raise4/P1:raise4', '/?Q/P1:c/P2:c/C:Q/P1:c/P2:raise4/P1:raise4', '/?K/P1:c/P2:c/C:K/P1:c/P2:raise4/P1:raise4']","[845, 1490, 380, 1745, 635, 1280]","[[], []]","[[0.16666666666666669, 0.16666666666666669, 0.16666666666666669, 0.16666666666666669, 0.16666666666666669, 0.16666666666666669], [0.16666666666666669, 0.16666666666666669, 0.16666666666666669, 0.16666666666666669, 0.16666666666666669, 0.16666666666666669]]","[-9.000000000000002, 5.000000000000002]","[44, 45, 46]","[1.0, 0.0]"
"[162, 167]","[246, 279]",31,6,"[-9.0, 5.0, 4.5, 5.0, 4.5, 5.0]",2,"['c', 'f']",0.26666666666666666,[30],/?K/P1:c/P2:c/C:Q/P1:c/P2:raise4/P1:raise4,"['/?K/P1:c/P2:c/C:Q/P1:c/P2:raise4/P1:raise4', '/?Q/P1:c/P2:c/C:K/P1:c/P2:raise4/P1:raise4']","[620, 1265, 1925, 395, 1040, 1760]","[[], []]","[[0.25, 0.125, 0.125, 0.25, 0.125, 0.125], [0.25, 0.125, 0.125, 0.25, 0.125, 0.125]]","[-2.25, 5.0]","[44, 53]","[1.0, 0.0]"
"[157, 151]","[224, 181]",31,6,"[9.0, 5.0, -4.5, 5.0, 4.5, 5.0]",2,"['c', 'f']",0.26666666666666666,"[31, 29]",/?K/P1:c/P2:c/C:J/P1:c/P2:raise4/P1:raise4,"['/?K/P1:c/P2:c/C:J/P1:c/P2:raise4/P1:raise4', '/?Q/P1:c/P2:c/C:J/P1:c/P2:raise4/P1:raise4']","[605, 1250, 1910, 365, 1025, 1730]","[[], []]","[[0.125, 0.25, 0.125, 0.125, 0.125, 0.25], [0.125, 0.25, 0.125, 0.125, 0.125, 0.25]]","[2.25, 5.0]","[45, 46, 53]","[1.0, 0.0]"
[158],"[267, 230]",31,6,"[0.0, 5.0, 9.0, 5.0, 9.0, 5.0]",2,"['c', 'f']",0.26666666666666666,[29],/?J/P1:c/P2:c/C:K/P1:c/P2:raise4/P1:raise4,"['/?J/P1:c/P2:c/C:K/P1:c/P2:raise4/P1:raise4', '/?J/P1:c/P2:c/C:Q/P1:c/P2:raise4/P1:raise4']","[155, 875, 1520, 140, 860, 1505]","[[], []]","[[0.125, 0.25, 0.125, 0.125, 0.125, 0.25], [0.125, 0.25, 0.125, 0.125, 0.125, 0.25]]","[6.75, 5.0]","[44, 53]","[0.0, 1.0]"
[152],"[210, 241, 191]",35,6,"[-13.0, 9.0, -9.0, -5.0, -5.0, -13.0, 9.0, -9.0, -5.0, -5.0]",2,"['raise4', 'c']",0.20000000000000004,"[19, 18]",/?K/P1:c/P2:raise2/P1:raise2/P2:c/C:K/P1:c,"['/?K/P1:c/P2:raise2/P1:raise2/P2:c/C:K/P1:c', '/?Q/P1:c/P2:raise2/P1:raise2/P2:c/C:Q/P1:c', '/?J/P1:c/P2:raise2/P1:raise2/P2:c/C:J/P1:c']","[544, 1189, 289, 1654, 754, 1399]","[[116, 117, 118], []]","[[0.6666666666666667, 0.16666666666666669, 0.16666666666666669], [0.16666666666666669, 0.16666666666666669, 0.16666666666666669, 0.16666666666666669, 0.16666666666666669, 0.16666666666666669]]","[-1000, -5.000000000000002]","[60, 61, 62]","[0.46033033997886375, 0.5396696600211363]"
"[154, 164]","[204, 248]",35,6,"[13.0, 9.0, 9.0, -5.0, 5.0, -6.5, 9.0, -4.5, -5.0, -2.5, 6.5, 9.0, 4.5, -5.0, 2.5]",2,"['raise4', 'c']",0.26666666666666666,[18],/?Q/P1:c/P2:raise2/P1:raise2/P2:c/C:J/P1:c,"['/?Q/P1:c/P2:raise2/P1:raise2/P2:c/C:J/P1:c', '/?K/P1:c/P2:raise2/P1:raise2/P2:c/C:J/P1:c']","[274, 964, 1639, 514, 1159, 1849]","[[119, 117, 118], []]","[[0.24999999999999994, 0.37499999999999994, 0.37499999999999994], [0.125, 0.125, 0.25, 0.125, 0.25, 0.125]]","[-1000, 1.25]","[60, 63]","[0.5, 0.5]"
"[161, 153]","[238, 255, 199]",35,6,"[-6.5, 9.0, -4.5, -5.0, -2.5, 6.5, 9.0, 4.5, -5.0, 2.5, 13.0, 9.0, 9.0, -5.0, 5.0]",2,"['raise4', 'c']",0.4,"[18, 19]",/?Q/P1:c/P2:raise2/P1:raise2/P2:c/C:K/P1:c,"['/?Q/P1:c/P2:raise2/P1:raise2/P2:c/C:K/P1:c', '/?J/P1:c/P2:raise2/P1:raise2/P2:c/C:Q/P1:c', '/?J/P1:c/P2:raise2/P1:raise2/P2:c/C:K/P1:c']","[304, 979, 1669, 79, 769, 1414, 94, 784, 1429]","[[116, 119], []]","[[0.7499999999999999, 0.25], [0.16666666666666669, 0.08333333333333334, 0.08333333333333334, 0.08333333333333334, 0.08333333333333334, 0.16666666666666669, 0.08333333333333334, 0.16666666666666669, 0.08333333333333334]]","[-1000, 2.083333333333334]","[61, 62, 63]","[0.5, 0.5]"
[156],[221],35,6,"[-13.0, 9.0, -9.0, -5.0, -5.0, 13.0, 9.0, 9.0, -5.0, 5.0, 0.0, 9.0, 0.0, -5.0, 0.0]",2,"['raise4', 'c']",0.13333333333333333,[18],/?K/P1:c/P2:raise2/P1:raise2/P2:c/C:Q/P1:c,['/?K/P1:c/P2:raise2/P1:raise2/P2:c/C:Q/P1:c'],"[529, 1174, 1864]","[[116, 119], []]","[[0.75, 0.25], [0.5, 0.25, 0.25]]","[-1000, -1.25]","[61, 62, 63]","[0.0, 1.0]"
"[171, 179, 168]","[30, 136, 60, 5]",4,7,"[8.666666666666666, -9.0, -8.666666666666666, -9.0, -8.666666666666666, -9.0]",1,"['c', 'f']",0.5333333333333333,"[61, 62]",/Q?/P1:c/P2:raise2/P1:raise2/P2:c/C:K/P1:raise4/P2:raise4,"['/Q?/P1:c/P2:raise2/P1:raise2/P2:c/C:K/P1:raise4/P2:raise4', '/K?/P1:c/P2:raise2/P1:raise2/P2:c/C:Q/P1:raise4/P2:raise4', '/J?/P1:c/P2:raise2/P1:raise2/P2:c/C:Q/P1:raise4/P2:raise4', '/J?/P1:c/P2:raise2/P1:raise2/P2:c/C:K/P1:raise4/P2:raise4']","[773, 968, 1178, 1403, 1643, 1853, 68, 278, 518, 83, 293, 533]","[[], []]","[[0.125, 0.0625, 0.0625, 0.125, 0.0625, 0.0625, 0.0625, 0.0625, 0.125, 0.0625, 0.125, 0.0625], [0.125, 0.0625, 0.0625, 0.125, 0.0625, 0.0625, 0.0625, 0.0625, 0.125, 0.0625, 0.125, 0.0625]]","[-3.25, -9.0]","[99, 101, 103]","[1.0, 0.0]"
[178],[134],4,7,"[-13.0, -9.0, 0.0, -9.0, -13.0, -9.0]",1,"['c', 'f']",0.13333333333333333,[60],/Q?/P1:c/P2:raise2/P1:raise2/P2:c/C:J/P1:raise4/P2:raise4,['/Q?/P1:c/P2:raise2/P1:raise2/P2:c/C:J/P1:raise4/P2:raise4'],"[743, 953, 1148]","[[], []]","[[0.25, 0.25, 0.5], [0.25, 0.25, 0.5]]","[-9.75, -9.0]","[100, 103]","[0.0, 1.0]"
[173],[56],4,7,"[-13.0, -9.0, 13.0, -9.0, 0.0, -9.0]",1,"['c', 'f']",0.13333333333333333,[60],/K?/P1:c/P2:raise2/P1:raise2/P2:c/C:J/P1:raise4/P2:raise4,['/K?/P1:c/P2:raise2/P1:raise2/P2:c/C:J/P1:raise4/P2:raise4'],"[1388, 1628, 1838]","[[], []]","[[0.25, 0.5, 0.25], [0.25, 0.5, 0.25]]","[3.25, -9.0]","[100, 103]","[1.0, 0.0]"
[169],"[62, 88, 6]",4,7,"[13.0, -9.0, 13.0, -9.0]",1,"['c', 'f']",0.20000000000000004,[63],/J?/P1:c/P2:raise2/P1:raise2/P2:c/C:J/P1:raise4/P2:raise4,"['/J?/P1:c/P2:raise2/P1:raise2/P2:c/C:J/P1:raise4/P2:raise4', '/K?/P1:c/P2:raise2/P1:raise2/P2:c/C:K/P1:raise4/P2:raise4', '/Q?/P1:c/P2:raise2/P1:raise2/P2:c/C:Q/P1:raise4/P2:raise4']","[263, 503, 1418, 1658, 758, 1163]","[[], []]","[[0.16666666666666669, 0.16666666666666669, 0.16666666666666669, 0.16666666666666669, 0.16666666666666669, 0.16666666666666669], [0.16666666666666669, 0.16666666666666669, 0.16666666666666669, 0.16666666666666669, 0.16666666666666669, 0.16666666666666669]]","[13.000000000000004, -9.000000000000002]","[99, 100, 101]","[1.0, 0.0]"
"[174, 176, 170]","[61, 58, 80, 8]",6,7,"[8.666666666666666, 9.0, 6.0, -5.0, -8.666666666666666, 9.0, -6.0, -5.0, -8.666666666666666, 9.0, -6.0, -5.0]",1,"['raise4', 'c', 'f']",0.5333333333333333,"[61, 62]",/J?/P1:c/P2:raise2/P1:raise2/P2:c/C:K/P1:c/P2:raise4,"['/J?/P1:c/P2:raise2/P1:raise2/P2:c/C:K/P1:c/P2:raise4', '/J?/P1:c/P2:raise2/P1:raise2/P2:c/C:Q/P1:c/P2:raise4', '/K?/P1:c/P2:raise2/P1:raise2/P2:c/C:Q/P1:c/P2:raise4', '/Q?/P1:c/P2:raise2/P1:raise2/P2:c/C:K/P1:c/P2:raise4']","[92, 302, 542, 77, 287, 527, 1412, 1652, 1862, 782, 977, 1187]","[[128, 131], [], []]","[[0.75, 0.25], [0.0625, 0.125, 0.0625, 0.0625, 0.0625, 0.125, 0.125, 0.0625, 0.0625, 0.125, 0.0625, 0.0625], [0.0625, 0.125, 0.0625, 0.0625, 0.0625, 0.125, 0.125, 0.0625, 0.0625, 0.125, 0.0625, 0.0625]]","[-1000, -2.25, -5.0]","[108, 110, 111]","[0.0, 1.0, 0.0]"
[175],[70],6,7,"[-13.0, 9.0, -9.0, -5.0, 0.0, 9.0, 0.0, -5.0, -13.0, 9.0, -9.0, -5.0]",1,"['raise4', 'c', 'f']",0.13333333333333333,[60],/Q?/P1:c/P2:raise2/P1:raise2/P2:c/C:J/P1:c/P2:raise4,['/Q?/P1:c/P2:raise2/P1:raise2/P2:c/C:J/P1:c/P2:raise4'],"[752, 962, 1157]","[[131, 129, 130], [], []]","[[0.25, 0.25, 0.5], [0.25, 0.25, 0.5], [0.25, 0.25, 0.5]]","[-1000, -6.75, -5.0]","[108, 109]","[0.3333333333333333, 0.3333333333333333, 0.33333333333333337]"
[177],[84],6,7,"[-13.0, 9.0, -9.0, -5.0, 13.0, 9.0, 9.0, -5.0, 0.0, 9.0, 0.0, -5.0]",1,"['raise4', 'c', 'f']",0.13333333333333333,[60],/K?/P1:c/P2:raise2/P1:raise2/P2:c/C:J/P1:c/P2:raise4,['/K?/P1:c/P2:raise2/P1:raise2/P2:c/C:J/P1:c/P2:raise4'],"[1397, 1637, 1847]","[[131, 129, 130], [], []]","[[0.25, 0.5, 0.25], [0.25, 0.5, 0.25], [0.25, 0.5, 0.25]]","[-1000, 2.25, -5.0]","[108, 109]","[0.0, 1.0, 0.0]"
[172],"[44, 117, 37]",6,7,"[13.0, 9.0, 9.0, -5.0, 13.0, 9.0, 9.0, -5.0]",1,"['raise4', 'c', 'f']",0.20000000000000004,[63],/J?/P1:c/P2:raise2/P1:raise2/P2:c/C:J/P1:c/P2:raise4,"['/J?/P1:c/P2:raise2/P1:raise2/P2:c/C:J/P1:c/P2:raise4', '/Q?/P1:c/P2:raise2/P1:raise2/P2:c/C:Q/P1:c/P2:raise4', '/K?/P1:c/P2:raise2/P1:raise2/P2:c/C:K/P1:c/P2:raise4']","[272, 512, 767, 1172, 1427, 1667]","[[129, 130, 128], [], []]","[[0.16666666666666666, 0.16666666666666666, 0.6666666666666666], [0.16666666666666669, 0.16666666666666669, 0.16666666666666669, 0.16666666666666669, 0.16666666666666669, 0.16666666666666669], [0.16666666666666669, 0.16666666666666669, 0.16666666666666669, 0.16666666666666669, 0.16666666666666669, 0.16666666666666669]]","[-1000, 9.000000000000002, -5.000000000000002]","[109, 110, 111]","[0.4999999999999999, 0.5000000000000001, 0.0]"
[180],"[201, 273, 144]",18,7,"[-11.0, 7.0, -11.0, 7.0]",2,"['c', 'f']",0.20000000000000004,[68],/?J/P1:c/P2:raise2/P1:c/C:J/P1:c/P2:raise4/P1:raise4,"['/?J/P1:c/P2:raise2/P1:c/C:J/P1:c/P2:raise4/P1:raise4', '/?K/P1:c/P2:raise2/P1:c/C:K/P1:c/P2:raise4/P1:raise4', '/?Q/P1:c/P2:raise2/P1:c/C:Q/P1:c/P2:raise4/P1:raise4']","[797, 1442, 587, 1232, 332, 1697]","[[], []]","[[0.16666666666666669, 0.16666666666666669, 0.16666666666666669, 0.16666666666666669, 0.16666666666666669, 0.16666666666666669], [0.16666666666666669, 0.16666666666666669, 0.16666666666666669, 0.16666666666666669, 0.16666666666666669, 0.16666666666666669]]","[-11.000000000000002, 7.000000000000001]","[80, 81, 82]","[1.0, 0.0]"
"[185, 188, 181]","[206, 286, 222, 150]",23,7,"[-8.666666666666666, 9.0, 8.666666666666666, 9.0, 8.666666666666666, 9.0]",2,"['c', 'f']",0.5333333333333333,"[75, 77]",/?K/P1:raise2/P2:raise2/P1:c/C:Q/P1:c/P2:raise4/P1:raise4,"['/?K/P1:raise2/P2:raise2/P1:c/C:Q/P1:c/P2:raise4/P1:raise4', '/?J/P1:raise2/P2:raise2/P1:c/C:K/P1:c/P2:raise4/P1:raise4', '/?J/P1:raise2/P2:raise2/P1:c/C:Q/P1:c/P2:raise4/P1:raise4', '/?Q/P1:raise2/P2:raise2/P1:c/C:K/P1:c/P2:raise4/P1:raise4']","[428, 1073, 1793, 23, 683, 1328, 8, 668, 1313, 203, 908, 1568]","[[], []]","[[0.125, 0.0625, 0.0625, 0.0625, 0.125, 0.0625, 0.0625, 0.0625, 0.125, 0.125, 0.0625, 0.0625], [0.125, 0.0625, 0.0625, 0.0625, 0.125, 0.0625, 0.0625, 0.0625, 0.125, 0.125, 0.0625, 0.0625]]","[3.25, 9.0]","[83, 84]","[1.0, 0.0]"
[187],[209],23,7,"[13.0, 9.0, -13.0, 9.0, 0.0, 9.0]",2,"['c', 'f']",0.13333333333333333,[76],/?K/P1:raise2/P2:raise2/P1:c/C:J/P1:c/P2:raise4/P1:raise4,['/?K/P1:raise2/P2:raise2/P1:c/C:J/P1:c/P2:raise4/P1:raise4'],"[413, 1058, 1778]","[[], []]","[[0.25, 0.5, 0.25], [0.25, 0.5, 0.25]]","[-3.25, 9.0]","[83, 85, 86]","[1.0, 0.0]"
[182],[153],23,7,"[13.0, 9.0, 0.0, 9.0, 13.0, 9.0]",2,"['c', 'f']",0.13333333333333333,[76],/?Q/P1:raise2/P2:raise2/P1:c/C:J/P1:c/P2:raise4/P1:raise4,['/?Q/P1:raise2/P2:raise2/P1:c/C:J/P1:c/P2:raise4/P1:raise4'],"[173, 893, 1538]","[[], []]","[[0.25, 0.25, 0.5], [0.25, 0.25, 0.5]]","[9.75, 9.0]","[83, 85, 86]","[0.0, 1.0]"
[183],"[231, 251, 167]",23,7,"[-13.0, 9.0, -13.0, 9.0]",2,"['c', 'f']",0.20000000000000004,[78],/?K/P1:raise2/P2:raise2/P1:c/C:K/P1:c/P2:raise4/P1:raise4,"['/?K/P1:raise2/P2:raise2/P1:c/C:K/P1:c/P2:raise4/P1:raise4', '/?J/P1:raise2/P2:raise2/P1:c/C:J/P1:c/P2:raise4/P1:raise4', '/?Q/P1:raise2/P2:raise2/P1:c/C:Q/P1:c/P2:raise4/P1:raise4']","[443, 1088, 653, 1298, 188, 1553]","[[], []]","[[0.16666666666666669, 0.16666666666666669, 0.16666666666666669, 0.16666666666666669, 0.16666666666666669, 0.16666666666666669], [0.16666666666666669, 0.16666666666666669, 0.16666666666666669, 0.16666666666666669, 0.16666666666666669, 0.16666666666666669]]","[-13.000000000000004, 9.000000000000002]","[84, 85, 86]","[1.0, 0.0]"
"[190, 184]","[282, 262, 197]",18,7,"[-5.5, 7.0, 5.5, 7.0, 11.0, 7.0]",2,"['c', 'f']",0.4,[69],/?J/P1:c/P2:raise2/P1:c/C:Q/P1:c/P2:raise4/P1:raise4,"['/?J/P1:c/P2:raise2/P1:c/C:Q/P1:c/P2:raise4/P1:raise4', '/?J/P1:c/P2:raise2/P1:c/C:K/P1:c/P2:raise4/P1:raise4', '/?Q/P1:c/P2:raise2/P1:c/C:K/P1:c/P2:raise4/P1:raise4']","[107, 812, 1457, 122, 827, 1472, 347, 1007, 1712]","[[], []]","[[0.08333333333333334, 0.08333333333333334, 0.16666666666666669, 0.08333333333333334, 0.16666666666666669, 0.08333333333333334, 0.16666666666666669, 0.08333333333333334, 0.08333333333333334], [0.08333333333333334, 0.08333333333333334, 0.16666666666666669, 0.08333333333333334, 0.16666666666666669, 0.08333333333333334, 0.16666666666666669, 0.08333333333333334, 0.08333333333333334]]","[4.583333333333334, 7.0]","[80, 81, 95]","[1.0, 0.0]"
[189],[227],18,7,"[-11.0, 7.0, 11.0, 7.0, 0.0, 7.0]",2,"['c', 'f']",0.13333333333333333,[69],/?K/P1:c/P2:raise2/P1:c/C:Q/P1:c/P2:raise4/P1:raise4,['/?K/P1:c/P2:raise2/P1:c/C:Q/P1:c/P2:raise4/P1:raise4'],"[572, 1217, 1892]","[[], []]","[[0.5, 0.25, 0.25], [0.5, 0.25, 0.25]]","[-2.75, 7.0]","[80, 81, 95]","[1.0, 0.0]"
"[186, 191]","[207, 287]",18,7,"[11.0, 7.0, -5.5, 7.0, 5.5, 7.0]",2,"['c', 'f']",0.26666666666666666,"[71, 70]",/?Q/P1:c/P2:raise2/P1:c/C:J/P1:c/P2:raise4/P1:raise4,"['/?Q/P1:c/P2:raise2/P1:c/C:J/P1:c/P2:raise4/P1:raise4', '/?K/P1:c/P2:raise2/P1:c/C:J/P1:c/P2:raise4/P1:raise4']","[317, 992, 1682, 557, 1202, 1877]","[[], []]","[[0.125, 0.125, 0.25, 0.125, 0.25, 0.125], [0.125, 0.125, 0.25, 0.125, 0.25, 0.125]]","[2.75, 7.0]","[80, 82, 95]","[1.0, 0.0]"
"[194, 195, 192]","[156, 236, 223, 151]",24,8,"[-8.666666666666666, 9.0, 8.666666666666666, 9.0, 8.666666666666666, 9.0]",2,"['c', 'f']",0.5333333333333333,"[111, 110]",/?K/P1:c/P2:raise2/P1:raise2/P2:c/C:Q/P1:c/P2:raise4/P1:raise4,"['/?K/P1:c/P2:raise2/P1:raise2/P2:c/C:Q/P1:c/P2:raise4/P1:raise4', '/?J/P1:c/P2:raise2/P1:raise2/P2:c/C:K/P1:c/P2:raise4/P1:raise4', '/?J/P1:c/P2:raise2/P1:raise2/P2:c/C:Q/P1:c/P2:raise4/P1:raise4', '/?Q/P1:c/P2:raise2/P1:raise2/P2:c/C:K/P1:c/P2:raise4/P1:raise4']","[524, 1169, 1859, 89, 779, 1424, 74, 764, 1409, 299, 974, 1664]","[[], []]","[[0.125, 0.0625, 0.0625, 0.0625, 0.125, 0.0625, 0.0625, 0.0625, 0.125, 0.125, 0.0625, 0.0625], [0.125, 0.0625, 0.0625, 0.0625, 0.125, 0.0625, 0.0625, 0.0625, 0.125, 0.125, 0.0625, 0.0625]]","[3.25, 9.0]","[116, 119]","[1.0, 0.0]"
[196],[281],24,8,"[13.0, 9.0, 0.0, 9.0, 13.0, 9.0]",2,"['c', 'f']",0.13333333333333333,[109],/?Q/P1:c/P2:raise2/P1:raise2/P2:c/C:J/P1:c/P2:raise4/P1:raise4,['/?Q/P1:c/P2:raise2/P1:raise2/P2:c/C:J/P1:c/P2:raise4/P1:raise4'],"[269, 959, 1634]","[[], []]","[[0.25, 0.25, 0.5], [0.25, 0.25, 0.5]]","[9.75, 9.0]","[117, 118, 119]","[0.0, 1.0]"
[197],[284],24,8,"[13.0, 9.0, -13.0, 9.0, 0.0, 9.0]",2,"['c', 'f']",0.13333333333333333,[109],/?K/P1:c/P2:raise2/P1:raise2/P2:c/C:J/P1:c/P2:raise4/P1:raise4,['/?K/P1:c/P2:raise2/P1:raise2/P2:c/C:J/P1:c/P2:raise4/P1:raise4'],"[509, 1154, 1844]","[[], []]","[[0.25, 0.5, 0.25], [0.25, 0.5, 0.25]]","[-3.25, 9.0]","[117, 118, 119]","[1.0, 0.0]"
[193],"[203, 261, 152]",24,8,"[-13.0, 9.0, -13.0, 9.0]",2,"['c', 'f']",0.20000000000000004,[108],/?K/P1:c/P2:raise2/P1:raise2/P2:c/C:K/P1:c/P2:raise4/P1:raise4,"['/?K/P1:c/P2:raise2/P1:raise2/P2:c/C:K/P1:c/P2:raise4/P1:raise4', '/?Q/P1:c/P2:raise2/P1:raise2/P2:c/C:Q/P1:c/P2:raise4/P1:raise4', '/?J/P1:c/P2:raise2/P1:raise2/P2:c/C:J/P1:c/P2:raise4/P1:raise4']","[539, 1184, 284, 1649, 749, 1394]","[[], []]","[[0.16666666666666669, 0.16666666666666669, 0.16666666666666669, 0.16666666666666669, 0.16666666666666669, 0.16666666666666669], [0.16666666666666669, 0.16666666666666669, 0.16666666666666669, 0.16666666666666669, 0.16666666666666669, 0.16666666666666669]]","[-13.000000000000004, 9.000000000000002]","[116, 117, 118]","[1.0, 0.0]"
